loan_id,client_id,issue_date,age,gender,monthly_income,employment_type,work_experience_years,region,channel,loan_product,loan_amount,loan_term_months,interest_rate,monthly_payment,credit_score,existing_loans_count,dti_ratio,days_past_due,is_default
1,16795,2023-05-01,59,M,86602.0,self_employed,34.1,Ural,branch,renovation,480000,48,17.1,13875.0,696.0,0,49.2,0,0
2,1860,2023-02-23,27,F,45955.0,freelance,8.1,South,online,consumer,160000,6,19.7,28220.0,654.0,3,62.0,10,0
3,77820,2023-11-27,30,M,72578.0,freelance,11.2,SPb,online,renovation,470000,36,19.1,17252.0,588.0,4,77.7,203,1
4,55886,2023-08-29,27,M,68792.0,self_employed,7.7,Ural,partner,consumer,240000,36,20.1,8931.0,642.0,3,59.2,31,0
5,7265,2024-06-13,60,F,93397.0,freelance,40.4,Siberia,branch,consumer,280000,36,20.2,10434.0,582.0,2,63.2,179,1
6,83386,2024-04-27,36,M,93024.0,employed,17.6,SPb,online,renovation,450000,48,17.8,13172.0,595.0,0,55.6,13,0
7,38194,2023-07-06,30,M,61266.0,employed,11.2,South,online,consumer,170000,60,20.5,4551.0,549.0,5,58.9,10,0
8,88498,2024-10-17,29,M,72605.0,employed,4.8,SPb,online,consumer,300000,36,18.2,10876.0,671.0,0,60.2,13,0
9,45131,2023-09-19,26,M,47367.0,self_employed,5.5,South,online,education,180000,48,17.7,5259.0,573.0,1,65.3,25,0
10,61263,2023-12-30,64,M,179385.0,employed,45.0,Moscow,branch,car,910000,60,15.0,21649.0,680.0,2,84.4,2,0
11,17023,2024-05-05,32,M,85697.0,self_employed,5.4,Ural,branch,consumer,270000,48,19.5,8144.0,570.0,1,62.9,11,0
12,42090,2024-03-06,45,F,85139.0,employed,22.5,Siberia,online,consumer,210000,60,17.7,5298.0,711.0,5,43.7,0,0
13,68221,2023-08-27,27,M,106436.0,freelance,7.6,Moscow,branch,car,960000,60,16.2,23447.0,646.0,2,80.8,2,0
14,65820,2023-10-31,31,M,87945.0,employed,8.6,Moscow,online,renovation,580000,48,18.1,17068.0,641.0,0,61.5,7,0
15,1769,2023-10-25,34,M,113117.0,self_employed,13.3,Moscow,branch,renovation,530000,12,18.7,48767.0,626.0,2,82.1,25,0
16,60735,2023-03-17,47,F,85473.0,self_employed,25.5,Moscow,branch,consumer,420000,12,20.0,38906.0,576.0,1,52.7,0,0
17,63955,2024-11-30,23,F,23637.0,unemployed,0.6,Ural,branch,consumer,80000,12,22.3,7499.0,433.0,2,60.6,8,0
18,65925,2023-11-29,26,M,88321.0,self_employed,7.3,Siberia,branch,renovation,790000,48,19.1,23663.0,570.0,0,82.9,0,0
19,68969,2024-10-03,27,F,61684.0,freelance,8.1,Moscow,online,education,170000,48,16.6,4870.0,557.0,1,43.3,2,0
20,6311,2024-04-18,50,M,36831.0,unemployed,0.2,Moscow,online,consumer,90000,12,20.5,8359.0,579.0,1,63.1,9,0
21,84104,2023-10-10,45,M,103656.0,self_employed,25.1,Moscow,branch,consumer,320000,12,19.3,29536.0,642.0,2,43.9,15,0
22,54707,2024-08-13,23,M,90163.0,employed,3.4,Moscow,partner,car,850000,60,13.5,19558.0,754.0,3,70.4,0,0
23,86305,2023-03-13,50,M,45165.0,freelance,32.0,South,branch,consumer,160000,36,20.0,5946.0,601.0,3,42.3,21,0
24,29693,2023-09-20,30,M,113155.0,self_employed,6.2,Moscow,branch,car,930000,48,16.3,26500.0,587.0,1,80.4,44,0
25,72932,2024-12-03,38,M,71303.0,employed,16.6,SPb,branch,consumer,150000,24,16.9,7409.0,737.0,2,33.0,46,0
26,94016,2024-07-28,46,M,105742.0,self_employed,26.2,Moscow,online,car,1120000,36,15.5,39100.0,655.0,2,83.5,134,1
27,26658,2023-01-12,19,M,44659.0,freelance,0.0,Moscow,online,car,510000,48,16.6,14611.0,589.0,3,67.4,21,0
28,85478,2023-05-21,64,M,29216.0,unemployed,1.4,Moscow,partner,consumer,150000,36,22.4,5760.0,491.0,3,62.0,21,0
29,19431,2024-07-08,33,M,23388.0,unemployed,0.3,Moscow,branch,renovation,180000,48,20.2,5497.0,483.0,1,57.5,149,1
30,3747,2023-01-17,28,F,71312.0,employed,7.1,Moscow,online,consumer,250000,24,16.4,12289.0,783.0,2,26.3,0,0
31,60150,2023-03-04,43,M,96601.0,employed,19.9,Siberia,partner,consumer,400000,48,19.6,12087.0,615.0,3,54.7,16,0
32,66725,2023-09-10,27,F,92537.0,employed,8.4,SPb,partner,car,1100000,60,16.0,26750.0,639.0,5,84.8,162,1
33,85654,2024-04-09,44,F,146410.0,employed,13.0,Ural,branch,education,320000,48,14.6,8841.0,657.0,2,42.7,10,0
34,36773,2024-01-11,24,M,46888.0,freelance,5.1,SPb,partner,education,160000,24,17.6,7957.0,563.0,0,58.5,0,0
35,68435,2024-06-03,24,M,67104.0,employed,5.0,Moscow,online,consumer,200000,24,17.1,9898.0,715.0,3,41.0,1,0
36,57886,2023-03-31,44,M,73751.0,self_employed,15.9,Moscow,branch,consumer,210000,60,18.4,5378.0,710.0,1,51.6,114,1
37,67803,2024-12-20,32,F,84111.0,self_employed,9.5,Moscow,branch,car,680000,48,13.6,18446.0,686.0,1,60.9,2,0
38,32551,2024-09-21,21,M,53704.0,freelance,2.8,Moscow,online,car,630000,36,16.0,22149.0,593.0,1,74.1,165,1
39,12394,2023-06-24,67,M,98343.0,employed,44.4,South,online,education,240000,24,14.4,11568.0,736.0,3,48.8,4,0
40,70092,2023-03-17,31,M,49151.0,employed,12.4,Moscow,branch,car,530000,48,13.7,14403.0,702.0,3,59.7,33,0
41,4890,2024-09-04,34,F,102294.0,employed,14.7,SPb,branch,renovation,640000,48,17.2,18534.0,640.0,2,59.4,127,1
42,42606,2024-10-24,31,M,84923.0,employed,11.8,Ural,branch,car,840000,36,13.9,28668.0,691.0,0,72.0,34,0
43,97276,2024-02-04,21,F,18000.0,unemployed,0.4,Ural,partner,consumer,70000,12,22.6,6572.0,462.0,5,70.8,227,1
44,81038,2023-03-12,44,M,76495.0,freelance,24.9,Ural,branch,education,210000,36,17.0,7487.0,636.0,2,56.4,0,0
45,88313,2023-06-29,22,F,76506.0,employed,0.0,Moscow,online,consumer,250000,12,19.2,23063.0,643.0,3,42.7,6,0
46,11627,2023-05-04,35,M,65891.0,freelance,16.1,Ural,partner,consumer,310000,24,22.1,16098.0,547.0,2,65.1,26,0
47,9792,2024-01-16,21,M,62942.0,employed,0.0,Siberia,partner,renovation,410000,36,17.8,14781.0,607.0,1,50.6,11,0
48,74969,2023-10-20,20,F,75077.0,freelance,1.7,SPb,online,education,210000,48,16.9,6049.0,650.0,3,49.1,9,0
49,44001,2023-07-14,33,F,52799.0,employed,12.3,South,online,consumer,170000,36,20.0,6318.0,624.0,1,40.3,16,0
50,77552,2023-08-16,35,M,58478.0,freelance,11.0,Ural,online,consumer,220000,24,20.1,11208.0,673.0,5,54.2,28,0
51,24897,2024-03-06,34,M,78481.0,employed,15.8,Ural,online,car,910000,60,15.5,21888.0,626.0,5,84.6,9,0
52,69148,2024-03-11,27,F,99626.0,employed,6.0,SPb,branch,car,800000,12,14.2,71905.0,647.0,0,60.2,125,1
53,24483,2024-04-05,25,F,67739.0,employed,4.9,South,online,renovation,440000,60,16.4,10794.0,659.0,0,45.0,0,0
54,49555,2024-09-09,31,M,116658.0,employed,11.8,SPb,branch,renovation,660000,48,17.1,19078.0,647.0,0,63.4,0,0
55,18159,2023-01-21,60,F,114131.0,self_employed,13.9,South,online,education,360000,60,16.2,8793.0,625.0,1,40.3,4,0
56,81077,2023-03-05,60,F,84264.0,employed,38.6,SPb,online,renovation,630000,36,16.6,22336.0,654.0,2,62.1,12,0
57,36920,2023-06-14,49,M,120774.0,self_employed,29.9,South,online,consumer,380000,60,19.3,9920.0,724.0,1,45.4,8,0
58,93067,2023-01-27,32,F,80501.0,self_employed,12.8,Ural,online,consumer,240000,24,19.8,12192.0,660.0,4,74.1,212,1
59,68121,2023-11-07,28,M,66189.0,self_employed,6.2,Siberia,partner,car,820000,48,16.8,23576.0,589.0,1,81.8,162,1
60,70479,2023-10-12,31,F,56533.0,freelance,4.3,Moscow,online,car,460000,60,15.8,11137.0,675.0,2,65.3,0,0
61,90475,2024-10-21,28,F,92490.0,employed,13.0,Moscow,branch,consumer,250000,48,17.2,7240.0,761.0,2,37.9,4,0
62,20457,2023-10-08,48,F,77586.0,self_employed,25.9,Siberia,online,consumer,280000,36,19.1,10278.0,658.0,1,45.9,9,0
63,67557,2023-06-13,35,M,18076.0,unemployed,0.2,SPb,online,consumer,60000,24,23.5,3157.0,485.0,2,69.1,198,1
64,78189,2023-08-12,41,M,87811.0,self_employed,22.7,Siberia,branch,car,560000,60,15.8,13559.0,652.0,0,75.7,26,0
65,79953,2023-05-26,30,M,111152.0,self_employed,9.7,South,online,consumer,490000,12,20.0,45391.0,615.0,1,55.7,8,0
66,53995,2023-01-30,30,F,110002.0,self_employed,12.0,Moscow,online,car,930000,36,15.1,32284.0,669.0,1,81.3,1,0
67,41757,2023-02-14,32,F,99165.0,employed,8.8,SPb,partner,car,570000,60,15.4,13680.0,608.0,0,59.4,7,0
68,10692,2024-04-15,49,M,52169.0,self_employed,30.0,Moscow,online,consumer,240000,36,17.2,8581.0,795.0,0,36.0,4,0
69,46758,2023-02-03,19,F,22690.0,unemployed,0.1,Moscow,branch,car,350000,60,17.9,8869.0,510.0,2,74.1,163,1
70,73409,2024-10-14,39,F,73559.0,employed,17.5,Ural,online,consumer,180000,48,16.5,5147.0,723.0,0,22.8,0,0
71,72211,2024-03-02,32,M,64375.0,freelance,9.3,Moscow,branch,consumer,210000,12,20.0,19453.0,617.0,0,46.8,42,0
72,66697,2023-08-09,39,M,91852.0,employed,19.5,SPb,branch,car,540000,60,14.3,12649.0,698.0,0,51.1,0,0
73,38065,2024-06-17,64,F,51687.0,employed,42.7,South,partner,consumer,130000,36,17.5,4667.0,752.0,5,36.5,160,1
74,93093,2024-11-22,49,M,115429.0,freelance,21.6,SPb,online,consumer,330000,12,18.4,30317.0,693.0,1,55.8,0,0
75,33606,2024-01-02,27,F,61009.0,freelance,2.5,South,online,consumer,160000,24,20.7,8198.0,566.0,0,52.7,151,1
76,12534,2024-07-03,49,M,67272.0,freelance,27.4,SPb,partner,consumer,220000,24,18.9,11079.0,701.0,4,49.6,0,0
77,95663,2024-08-04,49,F,43640.0,unemployed,0.4,Moscow,online,consumer,170000,12,20.9,15821.0,548.0,2,62.4,114,1
78,41397,2023-04-26,47,M,110587.0,employed,22.7,SPb,branch,consumer,230000,36,18.7,8396.0,641.0,2,50.2,34,0
79,92387,2023-08-27,20,M,94319.0,self_employed,0.0,Moscow,partner,consumer,330000,6,18.5,58006.0,742.0,3,53.9,0,0
80,2016,2023-12-01,27,M,89251.0,employed,13.0,Ural,online,car,740000,36,14.8,25580.0,695.0,1,81.6,21,0
81,90789,2024-03-16,34,M,98976.0,employed,10.9,Ural,online,renovation,360000,12,18.3,33056.0,633.0,1,52.1,0,0
82,56591,2023-05-28,34,M,98485.0,employed,13.9,Ural,partner,car,760000,36,14.8,26271.0,737.0,5,72.0,14,0
83,90812,2023-01-09,40,M,66435.0,self_employed,19.9,SPb,online,car,500000,36,16.0,17579.0,601.0,2,52.9,13,0
84,24247,2023-10-15,37,F,73965.0,employed,19.0,Ural,branch,consumer,350000,12,19.2,32288.0,634.0,2,51.9,0,0
85,25300,2024-01-23,41,F,77931.0,freelance,22.9,Moscow,online,consumer,220000,12,19.0,20274.0,673.0,0,41.0,0,0
86,75065,2023-02-19,50,M,89289.0,self_employed,27.9,Ural,branch,car,760000,60,17.3,19011.0,476.0,0,81.2,199,1
87,83798,2024-05-31,46,F,120877.0,employed,25.6,Moscow,partner,consumer,460000,36,17.9,16607.0,704.0,1,57.2,17,0
88,10268,2024-09-29,41,M,60497.0,self_employed,18.7,SPb,partner,car,480000,36,13.4,16266.0,753.0,2,56.0,22,0
89,87807,2024-08-09,35,F,71774.0,employed,8.0,Ural,online,car,570000,36,15.2,19815.0,580.0,2,68.2,177,1
90,13185,2024-11-07,28,F,58180.0,employed,8.2,South,branch,consumer,160000,12,17.5,14631.0,652.0,2,35.6,43,0
91,64704,2023-10-05,43,M,79603.0,freelance,24.7,Siberia,online,car,750000,36,15.9,26331.0,623.0,2,78.7,3,0
92,87779,2023-10-27,50,F,112072.0,employed,29.0,Ural,online,consumer,340000,36,20.7,12757.0,538.0,0,59.7,9,0
93,40099,2024-08-11,22,F,48526.0,freelance,3.7,South,branch,renovation,290000,60,18.7,7475.0,588.0,3,62.1,6,0
94,9571,2024-10-10,20,M,45656.0,self_employed,0.0,Ural,branch,consumer,160000,12,19.8,14806.0,541.0,2,47.1,3,0
95,39044,2024-09-09,45,F,77238.0,self_employed,24.7,Ural,branch,consumer,250000,12,18.7,23003.0,623.0,1,40.8,8,0
96,52214,2024-08-29,20,F,52433.0,freelance,0.0,Siberia,online,renovation,310000,36,20.0,11521.0,465.0,1,67.4,114,1
97,62228,2023-05-15,19,M,68814.0,employed,0.0,South,online,car,730000,60,16.1,17791.0,615.0,2,80.1,5,0
98,49984,2024-08-02,26,F,73934.0,employed,7.5,Ural,partner,consumer,210000,12,17.8,19233.0,699.0,5,50.9,9,0
99,41774,2023-05-27,28,F,90344.0,employed,9.2,South,branch,car,560000,12,14.8,50492.0,697.0,2,54.7,9,0
100,3568,2024-05-04,24,M,96351.0,employed,2.5,Moscow,branch,consumer,360000,36,19.8,13342.0,612.0,3,62.5,12,0
101,63592,2024-04-22,28,M,55993.0,employed,8.0,South,branch,consumer,180000,36,18.6,6562.0,654.0,0,38.7,14,0
102,68563,2023-06-08,31,M,28115.0,unemployed,2.0,Moscow,partner,renovation,180000,12,20.8,16743.0,485.0,1,73.4,156,1
103,3695,2024-01-19,45,F,124071.0,employed,25.8,Ural,online,car,1060000,36,16.3,37424.0,613.0,2,84.5,0,0
104,49190,2023-06-12,50,F,78132.0,self_employed,26.6,Siberia,partner,consumer,200000,24,20.3,10208.0,596.0,0,49.7,0,0
105,6258,2024-03-16,50,M,69436.0,employed,9.5,Siberia,partner,education,210000,36,15.1,7290.0,684.0,0,38.5,36,0
106,88538,2023-07-08,43,F,108767.0,employed,23.9,Moscow,branch,consumer,480000,36,18.7,17522.0,681.0,0,43.0,6,0
107,40504,2024-02-19,32,F,78367.0,employed,10.2,South,branch,consumer,280000,36,18.8,10235.0,664.0,3,46.5,16,0
108,34159,2023-12-05,34,F,74256.0,self_employed,15.4,Moscow,branch,consumer,200000,24,18.6,10043.0,724.0,2,40.0,0,0
109,14986,2024-08-29,29,M,68172.0,employed,6.9,Moscow,branch,consumer,200000,36,18.5,7281.0,633.0,1,42.9,11,0
110,62858,2023-06-30,34,M,95735.0,employed,14.3,Siberia,online,consumer,260000,24,20.5,13297.0,592.0,2,56.0,26,0
111,13666,2023-10-15,24,F,89624.0,self_employed,3.2,Siberia,online,car,710000,12,16.6,64621.0,620.0,1,64.5,0,0
112,39660,2023-07-06,47,M,75280.0,freelance,28.2,Siberia,partner,car,570000,60,17.1,14197.0,578.0,4,82.2,4,0
113,4561,2023-05-18,25,F,63882.0,employed,1.3,South,branch,renovation,450000,36,19.5,16609.0,527.0,1,60.5,169,1
114,27854,2023-05-10,49,F,139608.0,freelance,30.4,Moscow,branch,car,1500000,60,16.9,37198.0,592.0,0,84.8,187,1
115,65505,2023-07-13,55,M,112051.0,self_employed,29.1,Moscow,online,car,940000,48,15.8,26544.0,632.0,0,78.0,9,0
116,53251,2023-11-12,47,F,90148.0,self_employed,28.8,South,branch,consumer,340000,60,19.3,8876.0,649.0,1,60.7,221,1
117,23662,2023-05-24,33,M,104980.0,employed,14.0,Ural,online,renovation,700000,24,16.2,34341.0,772.0,1,52.5,0,0
118,9392,2023-01-16,43,M,79531.0,employed,22.5,South,branch,consumer,200000,60,19.9,5288.0,607.0,4,55.9,8,0
119,31535,2023-10-29,47,M,60436.0,employed,23.1,South,branch,education,130000,36,15.5,4538.0,705.0,3,35.5,5,0
120,79603,2024-02-27,39,M,30855.0,unemployed,0.0,Ural,partner,consumer,100000,24,21.0,5139.0,620.0,1,53.5,5,0
121,53256,2023-09-02,55,M,65639.0,employed,36.3,Ural,online,consumer,190000,12,19.4,17546.0,637.0,0,38.9,0,0
122,90135,2023-04-17,21,F,20046.0,unemployed,0.2,SPb,branch,consumer,50000,12,22.3,4687.0,449.0,0,54.0,141,1
123,36222,2023-03-29,55,F,164888.0,employed,34.3,Moscow,online,car,1430000,60,15.0,34020.0,700.0,0,84.7,38,0
124,78373,2023-05-09,40,M,99475.0,employed,21.2,Ural,branch,education,370000,24,16.3,18169.0,614.0,1,48.4,12,0
125,80575,2023-12-07,31,F,76954.0,employed,10.5,Siberia,branch,consumer,370000,60,19.8,9762.0,626.0,3,48.4,30,0
126,97354,2023-01-04,27,M,50461.0,employed,13.0,Ural,online,car,420000,48,14.6,11604.0,672.0,3,68.6,10,0
127,85651,2023-11-23,35,M,23177.0,unemployed,0.1,Moscow,online,consumer,70000,48,22.5,2224.0,524.0,5,65.4,14,0
128,64335,2024-02-14,49,F,61099.0,freelance,27.1,Moscow,branch,car,550000,48,17.1,15899.0,593.0,1,72.9,17,0
129,11965,2023-11-02,41,F,142480.0,self_employed,16.2,Moscow,branch,car,1310000,60,16.3,32066.0,603.0,4,84.8,182,1
130,25538,2024-08-29,34,F,67082.0,self_employed,10.8,Ural,online,renovation,710000,36,17.7,25561.0,618.0,2,70.1,0,0
131,71592,2024-12-21,39,M,46251.0,self_employed,18.2,Ural,branch,renovation,320000,36,14.3,10984.0,803.0,1,31.7,2,0
132,99018,2023-08-13,63,F,38767.0,unemployed,0.6,SPb,partner,consumer,230000,24,22.1,11943.0,534.0,0,71.8,169,1
133,9110,2023-12-14,23,F,92159.0,employed,13.0,Ural,branch,education,250000,24,16.4,12289.0,605.0,3,62.2,4,0
134,80309,2023-11-17,21,F,72314.0,freelance,0.0,Moscow,branch,car,720000,48,16.9,20738.0,566.0,3,80.8,192,1
135,28266,2024-07-12,47,M,90219.0,self_employed,27.9,Siberia,partner,education,390000,36,16.0,13711.0,678.0,3,64.0,11,0
136,53992,2023-06-30,24,F,22221.0,unemployed,0.8,SPb,online,consumer,80000,24,22.0,4150.0,532.0,4,63.5,90,1
137,83948,2024-09-09,30,F,73810.0,freelance,7.6,Ural,branch,education,160000,48,16.9,4609.0,596.0,3,60.1,122,1
138,99806,2024-12-11,49,F,35952.0,unemployed,1.9,SPb,online,consumer,170000,36,21.3,6431.0,501.0,0,58.6,4,0
139,7910,2024-01-21,35,M,122905.0,self_employed,9.3,Moscow,branch,renovation,920000,36,17.4,32984.0,651.0,2,83.3,17,0
140,91982,2024-09-09,28,M,101001.0,employed,8.1,Moscow,online,education,320000,36,12.7,10736.0,814.0,1,29.0,0,0
141,1206,2023-04-18,35,M,82837.0,employed,14.7,South,branch,education,220000,36,15.4,7670.0,697.0,4,32.8,31,0
142,88054,2024-06-14,36,M,108888.0,self_employed,17.9,Moscow,partner,car,1010000,48,15.4,28314.0,629.0,2,84.2,0,0
143,88897,2024-02-14,40,M,61058.0,freelance,15.1,Moscow,online,consumer,190000,24,19.8,9652.0,659.0,3,49.8,31,0
144,24419,2023-10-23,33,M,76322.0,employed,14.1,Moscow,online,car,590000,60,14.8,13974.0,669.0,0,62.7,16,0
145,51636,2023-06-20,26,F,89629.0,employed,0.0,South,online,renovation,520000,36,17.6,18695.0,652.0,1,50.8,18,0
146,51015,2023-11-27,40,M,105388.0,employed,21.3,SPb,branch,car,990000,24,15.0,48002.0,685.0,1,66.5,11,0
147,55268,2024-05-07,38,M,89280.0,freelance,19.1,SPb,partner,renovation,570000,36,19.2,20952.0,561.0,1,76.2,0,0
148,88939,2023-07-14,35,M,106541.0,employed,15.0,SPb,branch,consumer,300000,48,18.1,8828.0,707.0,2,43.7,1,0
149,19141,2023-01-12,25,M,64415.0,self_employed,3.8,South,branch,car,530000,60,15.5,12748.0,626.0,0,62.0,21,0
150,81356,2023-07-14,36,F,74554.0,employed,16.3,South,online,car,660000,60,13.5,15186.0,729.0,0,58.2,23,0
151,72910,2024-05-04,56,F,71921.0,employed,36.7,SPb,partner,consumer,240000,12,19.6,22186.0,572.0,3,55.2,18,0
152,57044,2023-07-01,20,F,19340.0,unemployed,0.1,Siberia,branch,consumer,70000,24,22.7,3656.0,476.0,3,77.9,237,1
153,68214,2024-10-17,65,M,91407.0,employed,37.5,Moscow,partner,car,670000,36,13.8,22834.0,736.0,2,71.6,160,1
154,34827,2023-11-12,45,F,72835.0,employed,17.2,SPb,online,consumer,250000,36,19.7,9253.0,603.0,0,40.8,3,0
155,56820,2024-11-24,19,M,68339.0,employed,0.0,Ural,partner,renovation,470000,48,16.9,13538.0,630.0,2,56.1,160,1
156,63623,2023-01-30,37,F,82189.0,employed,15.6,Moscow,online,education,150000,48,14.1,4106.0,704.0,0,24.1,0,0
157,82734,2024-08-18,64,M,107289.0,self_employed,42.2,Moscow,branch,consumer,230000,24,16.8,11350.0,754.0,1,29.2,13,0
158,76450,2024-11-08,31,F,72826.0,employed,9.8,South,partner,renovation,380000,48,16.7,10906.0,670.0,3,65.4,1,0
159,94426,2023-04-06,64,F,109065.0,self_employed,45.0,Moscow,branch,car,1060000,60,13.9,24609.0,753.0,0,82.0,12,0
160,23299,2024-01-16,41,M,77886.0,employed,20.7,Moscow,online,consumer,190000,48,19.5,5731.0,566.0,2,55.1,8,0
161,44585,2024-03-19,24,M,43923.0,freelance,1.7,Siberia,partner,car,490000,36,18.5,17838.0,486.0,2,82.6,155,1
162,65044,2023-10-25,22,F,59824.0,freelance,3.3,Moscow,partner,renovation,390000,36,19.2,14335.0,599.0,1,62.5,0,0
163,43557,2023-12-27,63,M,32647.0,unemployed,0.9,SPb,online,education,180000,36,18.9,6589.0,511.0,0,61.8,244,1
164,50080,2024-01-09,27,M,26499.0,unemployed,0.1,Moscow,branch,car,350000,36,20.1,13025.0,330.0,0,84.8,187,1
165,3693,2024-07-07,58,M,105400.0,employed,33.5,Moscow,online,renovation,470000,48,16.0,13320.0,738.0,3,55.9,8,0
166,96003,2023-10-30,26,M,62235.0,employed,2.1,SPb,online,car,530000,60,14.9,12581.0,663.0,0,66.3,187,1
167,96259,2024-02-25,25,F,100261.0,self_employed,6.4,SPb,partner,car,1010000,60,14.8,23922.0,675.0,4,83.0,0,0
168,70163,2023-09-03,48,M,47655.0,employed,25.7,Ural,branch,consumer,150000,36,18.8,5483.0,684.0,0,40.1,9,0
169,26939,2024-12-20,19,M,46505.0,employed,0.0,South,online,consumer,160000,12,18.4,14699.0,631.0,2,44.4,27,0
170,49925,2023-08-25,35,F,139360.0,employed,13.5,SPb,branch,consumer,360000,36,19.4,13269.0,640.0,2,51.6,172,1
171,43941,2024-06-17,46,F,97665.0,employed,26.0,Ural,online,car,670000,60,14.6,15799.0,640.0,1,63.9,129,1
172,22834,2023-07-04,24,M,99570.0,self_employed,4.1,Moscow,branch,consumer,410000,60,19.3,10703.0,657.0,3,57.5,7,0
173,19047,2024-04-12,32,F,116045.0,employed,7.6,South,branch,car,840000,36,14.6,28955.0,639.0,0,70.7,18,0
174,27105,2023-12-29,24,M,65413.0,employed,3.0,Siberia,partner,consumer,180000,24,20.5,9205.0,595.0,2,66.4,8,0
175,76766,2023-10-10,30,M,95700.0,self_employed,11.2,Ural,online,renovation,390000,60,18.1,9925.0,638.0,2,57.0,2,0
176,16707,2024-07-06,34,F,59929.0,employed,15.6,Moscow,online,car,500000,12,14.3,44964.0,664.0,3,62.6,19,0
177,22976,2023-12-02,33,F,33521.0,unemployed,1.1,SPb,partner,car,350000,36,17.9,12636.0,555.0,3,59.4,188,1
178,45262,2023-06-11,26,M,97802.0,employed,7.5,Moscow,branch,car,440000,12,16.1,39942.0,535.0,1,65.6,112,1
179,24776,2023-06-09,20,M,47087.0,self_employed,0.0,South,branch,education,150000,24,15.8,7330.0,642.0,2,41.2,14,0
180,31080,2024-04-18,34,M,129153.0,employed,13.9,SPb,branch,education,350000,12,15.6,31690.0,702.0,2,66.4,12,0
181,67842,2024-08-23,27,M,103542.0,employed,8.5,SPb,online,renovation,590000,24,15.6,28776.0,729.0,2,53.7,13,0
182,62373,2023-11-18,41,M,112542.0,employed,18.5,Moscow,online,consumer,470000,24,17.8,23419.0,756.0,0,37.6,24,0
183,7776,2023-01-12,56,M,121619.0,employed,31.0,Moscow,online,consumer,320000,48,17.3,9283.0,759.0,4,39.6,12,0
184,93787,2024-02-28,31,F,73550.0,freelance,12.6,Siberia,online,consumer,220000,60,20.7,5915.0,553.0,0,61.0,32,0
185,56016,2023-03-14,29,F,46984.0,self_employed,10.8,Ural,online,renovation,340000,24,20.1,17321.0,492.0,1,59.9,99,1
186,10474,2024-08-10,36,M,91711.0,employed,12.3,SPb,partner,car,730000,24,14.8,35326.0,591.0,2,68.5,0,0
187,59053,2023-07-20,31,F,96374.0,employed,10.9,Moscow,online,renovation,670000,24,14.3,32264.0,838.0,0,36.1,6,0
188,22959,2024-06-05,37,M,114436.0,employed,15.6,Moscow,partner,consumer,400000,60,19.8,10553.0,565.0,0,55.8,129,1
189,6530,2024-05-19,47,M,110064.0,employed,27.3,Moscow,branch,consumer,270000,48,18.1,7945.0,658.0,3,44.5,9,0
190,95856,2024-11-18,26,M,61453.0,employed,6.4,South,branch,car,470000,36,13.5,15950.0,696.0,2,54.1,35,0
191,4748,2023-02-08,67,F,24816.0,unemployed,0.7,Siberia,online,consumer,80000,24,20.0,4072.0,644.0,0,50.6,180,1
192,98504,2023-03-01,54,M,97645.0,employed,33.5,South,online,consumer,320000,36,18.6,11665.0,673.0,3,55.3,28,0
193,99098,2024-07-31,57,F,110705.0,self_employed,38.5,SPb,online,consumer,420000,60,19.1,10918.0,641.0,0,51.5,32,0
194,14545,2023-11-17,23,F,38873.0,self_employed,1.2,South,online,renovation,230000,36,17.7,8280.0,626.0,2,57.1,90,1
195,67199,2024-03-10,39,M,88010.0,freelance,18.6,Moscow,branch,car,900000,48,16.1,25552.0,625.0,3,84.4,25,0
196,35766,2024-09-27,23,M,61186.0,employed,0.0,Ural,branch,consumer,210000,36,19.1,7708.0,563.0,2,46.6,7,0
197,74530,2024-11-06,40,F,67789.0,freelance,14.4,Moscow,online,consumer,200000,12,19.3,18460.0,587.0,0,45.9,22,0
198,94557,2024-02-12,31,F,59570.0,freelance,6.1,Siberia,partner,car,570000,48,18.0,16744.0,534.0,2,81.0,161,1
199,62087,2024-01-21,20,F,58408.0,employed,0.0,SPb,online,education,150000,36,15.4,5229.0,653.0,2,50.3,0,0
200,96839,2024-11-01,34,M,66873.0,employed,14.8,Ural,online,education,240000,36,13.0,8087.0,754.0,1,48.2,0,0
201,69840,2024-07-22,22,F,18000.0,unemployed,0.1,South,branch,consumer,90000,24,21.5,4647.0,494.0,1,54.4,19,0
202,55384,2023-03-19,37,M,87101.0,freelance,15.8,Siberia,online,consumer,240000,36,21.6,9116.0,533.0,2,70.8,229,1
203,52005,2023-07-13,26,F,55262.0,employed,4.3,South,online,car,460000,24,16.7,22677.0,543.0,0,55.0,18,0
204,47576,2023-10-12,42,F,95812.0,self_employed,23.5,SPb,branch,consumer,350000,24,19.6,17745.0,638.0,1,61.8,221,1
205,40353,2024-06-10,34,F,81995.0,employed,0.0,SPb,branch,consumer,280000,24,18.6,14060.0,640.0,1,37.2,13,0
206,63003,2024-06-07,42,M,127027.0,employed,23.7,Ural,online,car,950000,36,15.4,33118.0,594.0,0,72.6,4,0
207,84211,2024-09-04,37,F,85036.0,employed,13.0,SPb,branch,consumer,200000,60,17.1,4981.0,739.0,1,29.5,7,0
208,53733,2023-06-05,26,M,68465.0,employed,5.7,SPb,branch,consumer,250000,36,19.7,9253.0,587.0,3,54.4,35,0
209,66318,2023-12-06,30,M,61781.0,self_employed,9.3,SPb,online,renovation,330000,48,17.1,9539.0,724.0,1,48.4,3,0
210,90474,2023-05-05,31,M,63245.0,freelance,10.7,Siberia,online,car,510000,60,17.0,12675.0,541.0,1,66.1,19,0
211,24664,2023-10-07,49,F,51595.0,freelance,30.8,Ural,branch,car,350000,60,14.8,8290.0,655.0,2,50.0,13,0
212,68172,2024-09-13,36,F,85683.0,employed,1.5,Ural,online,education,200000,48,13.9,5455.0,668.0,1,31.0,0,0
213,86616,2024-10-19,19,M,76023.0,freelance,0.0,Moscow,partner,consumer,230000,36,20.6,8618.0,520.0,1,54.3,18,0
214,94264,2024-12-28,41,F,102152.0,employed,20.8,Moscow,partner,car,1040000,48,15.2,29050.0,643.0,4,84.4,1,0
215,27736,2024-11-04,33,M,87258.0,employed,14.3,SPb,online,consumer,300000,24,17.9,14963.0,676.0,0,35.9,19,0
216,95209,2023-05-08,41,M,46651.0,unemployed,0.0,SPb,branch,consumer,170000,24,24.9,9065.0,363.0,3,70.2,138,1
217,1854,2023-11-10,62,M,153571.0,employed,43.8,Moscow,branch,car,1370000,60,15.6,33025.0,649.0,2,84.8,20,0
218,91084,2023-11-28,31,F,68813.0,employed,10.2,South,branch,consumer,150000,24,18.8,7547.0,674.0,2,37.9,19,0
219,39623,2023-05-30,36,M,117742.0,employed,16.0,South,online,car,1010000,48,16.2,28727.0,581.0,2,84.6,180,1
220,8392,2024-03-29,45,M,95545.0,employed,25.4,Ural,branch,consumer,290000,48,17.9,8504.0,707.0,1,48.2,0,0
221,56680,2023-02-05,23,F,78014.0,freelance,2.8,SPb,online,car,580000,36,16.1,20420.0,601.0,2,66.6,25,0
222,47717,2024-11-15,33,M,25671.0,unemployed,0.6,SPb,partner,consumer,100000,6,22.5,17777.0,493.0,1,62.6,27,0
223,88092,2024-02-24,56,F,44832.0,freelance,37.8,Siberia,partner,consumer,210000,60,19.8,5540.0,639.0,2,51.5,6,0
224,51859,2023-01-22,59,M,122466.0,freelance,38.6,Moscow,partner,renovation,600000,12,17.9,54979.0,664.0,2,70.2,20,0
225,27309,2023-07-25,44,F,83335.0,self_employed,22.4,Ural,branch,consumer,190000,12,20.3,17628.0,567.0,2,49.7,145,1
226,88455,2024-09-30,30,F,69433.0,freelance,1.4,South,partner,consumer,190000,24,21.8,9838.0,479.0,2,66.7,215,1
227,64734,2023-12-22,34,F,103348.0,employed,12.0,SPb,online,consumer,370000,24,18.5,18561.0,718.0,1,39.2,0,0
228,71467,2024-03-15,33,M,20957.0,unemployed,0.7,Ural,online,consumer,80000,48,22.8,2555.0,428.0,3,62.3,105,1
229,53662,2024-12-29,29,F,86507.0,employed,6.6,South,branch,car,930000,48,15.3,26024.0,600.0,2,82.6,214,1
230,99506,2023-04-06,22,M,23752.0,unemployed,1.3,SPb,partner,car,350000,36,18.6,12759.0,482.0,1,67.7,140,1
231,13688,2023-06-13,31,F,98851.0,employed,6.4,Siberia,branch,education,290000,12,16.9,26436.0,592.0,4,67.9,247,1
232,26342,2023-05-28,31,M,59696.0,self_employed,12.7,Siberia,branch,renovation,230000,60,16.6,5667.0,635.0,0,42.6,2,0
233,38157,2024-06-13,31,M,91993.0,self_employed,10.4,South,branch,consumer,210000,48,18.7,6246.0,621.0,2,38.3,0,0
234,68863,2023-10-21,33,F,22345.0,unemployed,0.1,South,online,consumer,90000,24,21.0,4625.0,561.0,2,56.4,197,1
235,53083,2023-07-14,30,F,55578.0,freelance,8.7,Siberia,online,consumer,150000,24,18.8,7547.0,731.0,1,42.1,22,0
236,66733,2024-10-24,53,M,151673.0,employed,33.4,Ural,partner,consumer,520000,24,19.4,26314.0,599.0,1,58.2,0,0
237,90045,2024-04-24,33,F,100299.0,self_employed,13.8,Moscow,branch,car,1230000,60,15.2,29391.0,623.0,2,84.3,11,0
238,35698,2023-05-03,21,F,74239.0,employed,0.0,Ural,branch,consumer,240000,48,20.7,7393.0,545.0,2,58.4,213,1
239,81623,2024-02-04,45,F,113599.0,employed,25.4,Moscow,online,car,1140000,24,17.1,56419.0,556.0,1,84.8,133,1
240,23671,2024-11-29,35,M,61347.0,employed,15.5,SPb,branch,consumer,170000,24,16.5,8364.0,744.0,0,24.3,19,0
241,26184,2024-03-27,36,F,95712.0,employed,12.6,Siberia,online,renovation,410000,36,16.9,14597.0,677.0,0,41.9,16,0
242,94384,2024-10-22,41,M,88646.0,employed,21.9,Ural,branch,car,690000,24,13.9,33096.0,683.0,2,57.3,2,0
243,43107,2023-04-14,24,M,20161.0,unemployed,0.1,SPb,online,education,80000,24,19.1,4037.0,498.0,2,58.4,164,1
244,87202,2024-04-06,28,F,25500.0,unemployed,0.6,Moscow,partner,education,80000,24,17.8,3986.0,557.0,1,49.2,133,1
245,52663,2024-12-18,34,F,76746.0,employed,13.1,SPb,branch,car,620000,36,14.2,21250.0,668.0,4,75.2,30,0
246,16708,2024-12-10,36,F,81486.0,employed,16.0,Moscow,branch,consumer,280000,24,18.7,14074.0,666.0,2,52.3,28,0
247,92906,2024-01-31,25,M,104587.0,employed,6.9,Moscow,branch,consumer,350000,24,18.9,17626.0,653.0,2,49.4,163,1
248,50811,2023-12-03,30,M,59323.0,employed,8.6,SPb,online,consumer,220000,24,19.4,11133.0,633.0,2,46.5,6,0
249,3811,2024-08-21,26,M,68324.0,employed,0.0,Siberia,online,consumer,200000,24,17.7,9956.0,683.0,2,42.2,40,0
250,57250,2023-05-22,66,M,154888.0,employed,43.0,SPb,partner,car,920000,36,16.1,32390.0,608.0,5,82.0,6,0
251,73082,2023-11-13,29,M,66634.0,self_employed,8.0,SPb,partner,car,640000,60,16.2,15632.0,605.0,3,73.5,40,0
252,35754,2024-12-11,22,M,66587.0,self_employed,2.1,South,partner,consumer,210000,24,19.3,10616.0,612.0,1,48.7,0,0
253,96742,2024-07-11,28,F,48397.0,employed,9.2,Siberia,branch,car,450000,24,13.1,21415.0,655.0,0,42.3,0,0
254,12411,2024-06-10,20,F,90934.0,employed,0.0,SPb,online,consumer,400000,24,18.3,20028.0,680.0,2,53.7,23,0
255,3911,2024-07-09,48,F,67470.0,self_employed,29.4,SPb,partner,renovation,430000,48,16.8,12363.0,656.0,3,61.2,120,1
256,68270,2024-02-05,44,F,46939.0,freelance,19.5,Siberia,online,consumer,160000,24,22.0,8301.0,526.0,1,58.6,0,0
257,84763,2024-11-11,27,M,87764.0,employed,7.7,Moscow,partner,consumer,220000,24,17.5,10930.0,721.0,4,49.0,23,0
258,9680,2023-11-06,21,M,75087.0,employed,1.5,Ural,online,consumer,270000,12,21.4,25193.0,551.0,2,73.4,0,0
259,85896,2024-05-09,29,F,53303.0,employed,10.3,Moscow,online,car,460000,36,14.2,15766.0,642.0,0,46.3,0,0
260,84879,2024-07-09,41,M,137188.0,employed,21.0,Moscow,branch,consumer,440000,12,17.5,40235.0,733.0,1,56.2,10,0
261,72295,2024-09-01,49,F,80004.0,employed,27.6,South,branch,education,250000,12,14.0,22447.0,688.0,1,28.5,0,0
262,89614,2023-04-19,32,M,129456.0,employed,12.9,Ural,online,consumer,340000,12,18.4,31236.0,683.0,0,48.0,0,0
263,12111,2024-01-07,51,M,82636.0,employed,29.4,SPb,online,consumer,240000,36,18.1,8689.0,711.0,2,41.5,17,0
264,38504,2024-09-07,31,F,66458.0,employed,10.1,Siberia,online,consumer,270000,24,17.5,13414.0,705.0,3,37.3,31,0
265,2802,2023-07-25,31,F,67897.0,self_employed,11.6,South,branch,renovation,420000,60,18.5,10780.0,626.0,0,46.0,37,0
266,9155,2023-02-12,67,F,86857.0,employed,45.0,Moscow,partner,consumer,250000,12,17.2,22825.0,793.0,2,48.3,10,0
267,74656,2023-09-02,45,M,112062.0,self_employed,21.1,Moscow,partner,consumer,370000,24,18.8,18615.0,746.0,0,34.7,0,0
268,40384,2023-10-14,22,M,76244.0,employed,4.0,South,online,car,570000,12,14.1,51205.0,702.0,1,46.0,17,0
269,48254,2023-12-21,22,F,91503.0,employed,0.2,Ural,branch,education,220000,24,16.1,10782.0,596.0,2,36.9,26,0
270,22918,2024-04-20,45,M,105595.0,freelance,25.4,South,branch,consumer,390000,12,21.0,36314.0,578.0,1,71.0,23,0
271,86981,2023-03-24,35,M,153689.0,self_employed,13.2,Ural,online,consumer,440000,36,18.9,16106.0,653.0,0,46.4,11,0
272,61713,2023-04-20,40,F,88246.0,employed,19.9,SPb,partner,renovation,560000,36,17.0,19966.0,731.0,3,62.1,57,0
273,31306,2023-07-09,57,F,182195.0,self_employed,38.7,Moscow,online,renovation,860000,48,17.6,25083.0,698.0,0,70.2,20,0
274,17646,2023-09-08,35,F,60793.0,self_employed,4.9,SPb,partner,education,170000,60,16.6,4188.0,580.0,3,52.6,12,0
275,47843,2024-12-24,23,M,100071.0,employed,4.7,Siberia,online,car,1130000,60,15.9,27419.0,547.0,1,84.2,160,1
276,97601,2023-10-18,35,M,104396.0,employed,16.5,Moscow,online,consumer,300000,6,18.7,52762.0,690.0,1,39.2,19,0
277,91735,2024-10-06,42,F,52851.0,freelance,22.4,Siberia,online,car,440000,36,16.2,15513.0,566.0,3,69.2,12,0
278,17371,2023-07-20,35,M,64187.0,employed,8.3,Moscow,online,consumer,240000,12,18.9,22106.0,679.0,1,38.3,3,0
279,78371,2023-11-22,28,F,68275.0,employed,9.0,SPb,online,education,290000,48,15.8,8189.0,658.0,2,54.6,11,0
280,3049,2024-05-25,30,M,111348.0,employed,9.5,Moscow,online,consumer,400000,48,19.7,12108.0,587.0,1,55.5,9,0
281,32616,2024-02-13,42,F,75365.0,freelance,21.8,SPb,partner,consumer,260000,12,20.1,24097.0,602.0,1,53.0,19,0
282,21932,2024-08-29,19,F,25161.0,unemployed,0.4,Ural,partner,consumer,90000,24,20.6,4607.0,571.0,2,50.4,12,0
283,30855,2024-05-22,50,M,112132.0,freelance,28.4,Ural,online,education,440000,60,16.1,10723.0,613.0,3,60.5,26,0
284,62434,2024-08-23,28,M,48902.0,freelance,7.9,SPb,online,consumer,90000,12,19.0,8294.0,611.0,2,39.6,0,0
285,73694,2023-03-13,46,F,25029.0,unemployed,0.1,SPb,online,consumer,100000,12,22.2,9369.0,527.0,1,68.6,28,0
286,44016,2023-09-04,24,F,130740.0,self_employed,5.3,Moscow,partner,consumer,550000,24,21.4,28370.0,539.0,1,82.9,190,1
287,8400,2024-10-02,21,M,58158.0,freelance,0.0,Siberia,partner,consumer,210000,48,20.6,6458.0,530.0,0,50.3,156,1
288,43642,2024-12-24,38,F,26468.0,unemployed,0.8,Siberia,partner,car,350000,60,16.2,8549.0,571.0,2,67.6,0,0
289,16151,2024-08-30,25,M,63486.0,employed,3.5,SPb,branch,renovation,480000,60,17.8,12137.0,571.0,3,73.1,90,1
290,52407,2024-08-09,45,M,105227.0,self_employed,20.5,SPb,partner,consumer,430000,36,20.3,16046.0,548.0,0,60.5,15,0
291,67690,2024-07-19,29,M,38821.0,self_employed,10.7,Ural,online,renovation,180000,60,16.7,4444.0,637.0,1,42.5,14,0
292,5499,2023-12-10,44,F,27588.0,unemployed,0.0,Ural,online,renovation,200000,36,18.8,7311.0,581.0,0,52.4,27,0
293,7295,2023-02-23,34,M,78588.0,freelance,14.8,Ural,partner,car,640000,48,16.5,18302.0,557.0,1,81.1,235,1
294,60040,2024-12-30,23,M,57195.0,freelance,0.3,SPb,online,renovation,420000,36,18.0,15184.0,608.0,0,67.4,20,0
295,13183,2024-06-11,31,F,25483.0,unemployed,0.2,Siberia,branch,renovation,200000,36,20.4,7474.0,481.0,2,71.9,147,1
296,30299,2024-09-02,45,M,93830.0,employed,21.8,SPb,branch,car,780000,36,14.3,26772.0,651.0,1,73.9,5,0
297,13874,2024-06-15,45,M,125345.0,employed,13.0,SPb,branch,consumer,340000,12,19.0,31333.0,597.0,3,48.4,0,0
298,33711,2024-07-11,28,M,81712.0,employed,0.0,Moscow,branch,consumer,280000,12,16.5,25471.0,729.0,1,27.8,14,0
299,6539,2023-07-12,48,F,122979.0,employed,28.6,South,online,consumer,460000,12,19.7,42546.0,652.0,1,54.4,5,0
300,54351,2023-02-27,45,F,76889.0,employed,22.1,Ural,partner,car,740000,48,14.5,20408.0,708.0,0,62.5,12,0
301,62267,2024-03-12,56,F,127591.0,employed,36.7,Moscow,partner,education,420000,60,13.3,9621.0,837.0,4,50.5,36,0
302,49354,2023-04-21,19,F,62952.0,employed,0.3,South,branch,consumer,150000,36,20.0,5575.0,573.0,4,52.9,0,0
303,3557,2023-05-09,32,F,21529.0,unemployed,0.0,Siberia,online,renovation,180000,48,21.0,5574.0,468.0,2,69.4,206,1
304,39360,2024-12-06,65,F,119166.0,employed,45.0,SPb,partner,consumer,470000,24,16.9,23215.0,779.0,1,43.6,1,0
305,83018,2023-11-22,38,M,78458.0,freelance,19.6,South,online,education,300000,36,16.5,10621.0,644.0,2,64.0,7,0
306,3200,2023-01-08,40,M,26588.0,unemployed,0.4,SPb,partner,car,350000,60,17.4,8774.0,548.0,2,65.9,189,1
307,69497,2023-01-29,44,F,103554.0,employed,25.5,Moscow,partner,consumer,290000,48,19.0,8671.0,653.0,0,36.8,35,0
308,47975,2023-04-22,23,F,60063.0,employed,2.9,Siberia,branch,consumer,210000,48,17.0,6060.0,761.0,0,22.7,22,0
309,22357,2024-11-03,47,M,71854.0,freelance,28.9,Siberia,partner,consumer,180000,36,19.1,6607.0,650.0,0,44.3,110,1
310,78505,2023-05-11,42,M,85643.0,self_employed,22.3,Moscow,online,renovation,390000,60,18.7,10053.0,572.0,3,65.9,32,0
311,3869,2023-07-07,20,M,67755.0,employed,0.0,Siberia,online,car,630000,36,15.1,21870.0,617.0,0,56.8,29,0
312,62135,2024-11-05,37,M,101846.0,employed,17.7,Siberia,partner,education,240000,48,16.8,6900.0,522.0,2,56.6,171,1
313,51108,2024-12-09,58,M,96871.0,employed,39.6,South,partner,car,820000,36,14.1,28065.0,653.0,1,66.3,0,0
314,95179,2024-04-19,65,M,112332.0,employed,45.0,Moscow,online,consumer,330000,48,18.0,9694.0,744.0,2,61.0,19,0
315,91272,2023-12-30,27,M,78787.0,employed,4.3,Ural,partner,car,690000,60,15.5,16597.0,655.0,3,71.0,24,0
316,39467,2023-07-23,35,F,91104.0,employed,15.9,Moscow,partner,renovation,400000,24,18.6,20086.0,586.0,2,61.3,11,0
317,24328,2023-07-31,23,M,54871.0,self_employed,3.5,SPb,partner,education,140000,24,16.1,6862.0,672.0,1,51.2,90,1
318,92412,2024-09-12,48,F,24097.0,unemployed,0.3,Moscow,branch,car,350000,60,15.8,8474.0,611.0,0,58.4,18,0
319,87831,2023-10-03,46,F,108976.0,self_employed,27.1,SPb,partner,consumer,310000,36,19.7,11473.0,638.0,0,52.8,19,0
320,4987,2023-03-14,49,F,25250.0,unemployed,0.9,Moscow,partner,car,350000,48,18.1,10300.0,486.0,2,77.4,185,1
321,59871,2024-11-09,33,F,48848.0,freelance,14.8,SPb,partner,car,390000,60,15.6,9401.0,635.0,0,60.5,0,0
322,23399,2023-08-31,39,M,69400.0,self_employed,20.4,Moscow,online,car,560000,36,15.9,19660.0,643.0,5,80.5,228,1
323,47214,2023-04-12,67,F,85412.0,employed,45.0,SPb,partner,consumer,300000,24,18.0,14977.0,774.0,5,57.6,5,0
324,87416,2024-11-15,33,F,81800.0,employed,13.0,Moscow,branch,consumer,240000,24,18.7,12063.0,572.0,1,40.8,0,0
325,71271,2023-06-20,67,M,64140.0,freelance,13.9,Ural,partner,car,410000,48,15.8,11578.0,650.0,0,53.3,0,0
326,45064,2024-10-14,31,M,24762.0,unemployed,0.5,SPb,branch,renovation,180000,24,20.2,9179.0,501.0,2,63.9,163,1
327,71091,2023-07-07,27,M,145977.0,employed,7.6,Moscow,partner,consumer,350000,24,18.8,17609.0,679.0,0,48.5,0,0
328,41818,2024-03-16,39,M,116403.0,employed,19.9,Moscow,partner,consumer,380000,6,18.9,66870.0,675.0,2,76.2,18,0
329,46525,2023-03-27,55,M,92262.0,freelance,35.8,Siberia,branch,renovation,450000,24,18.9,22662.0,599.0,1,61.1,0,0
330,20830,2024-04-20,31,F,64672.0,employed,11.4,Ural,partner,car,480000,36,14.2,16452.0,659.0,1,62.0,38,0
331,18429,2023-02-21,33,M,94657.0,employed,8.1,Moscow,partner,car,820000,48,14.7,22697.0,699.0,2,66.1,15,0
332,7893,2023-04-21,47,F,65027.0,freelance,28.9,South,partner,consumer,240000,48,21.1,7445.0,583.0,0,48.9,0,0
333,80909,2023-02-12,40,F,79165.0,employed,19.1,Ural,branch,car,680000,60,14.8,16106.0,642.0,4,77.3,0,0
334,48333,2023-07-30,43,F,105234.0,self_employed,18.4,Moscow,partner,renovation,710000,48,18.7,21117.0,613.0,0,71.1,0,0
335,4436,2023-07-19,32,F,34784.0,unemployed,1.1,Siberia,online,consumer,120000,36,20.9,4515.0,623.0,4,56.6,210,1
336,75290,2024-09-18,39,F,80301.0,employed,17.8,South,branch,consumer,190000,24,19.2,9596.0,601.0,1,39.3,0,0
337,77213,2023-01-26,25,M,67038.0,employed,4.4,Ural,partner,renovation,380000,24,17.0,18788.0,694.0,2,45.7,3,0
338,6895,2023-10-26,33,F,107837.0,employed,13.8,South,online,car,570000,48,16.0,16154.0,658.0,5,67.2,0,0
339,20738,2023-03-18,49,F,131066.0,employed,30.6,Moscow,partner,car,1420000,24,16.3,69731.0,613.0,0,84.8,16,0
340,31746,2023-05-17,58,M,84846.0,freelance,39.3,South,online,renovation,660000,12,19.7,61044.0,550.0,1,78.1,26,0
341,50377,2023-01-20,33,F,88787.0,employed,13.0,Moscow,branch,consumer,340000,12,18.1,31187.0,688.0,0,31.0,144,1
342,49404,2024-03-15,21,F,93053.0,employed,0.0,Ural,branch,consumer,260000,24,18.9,13094.0,621.0,0,41.8,12,0
343,55045,2023-07-30,46,F,130317.0,employed,25.7,SPb,branch,consumer,300000,24,18.3,15021.0,705.0,0,32.2,40,0
344,98888,2024-07-04,35,M,85797.0,employed,12.4,Moscow,branch,consumer,310000,36,17.2,11083.0,705.0,2,35.8,13,0
345,40790,2024-03-10,45,F,138383.0,employed,26.0,South,online,consumer,330000,12,18.0,30254.0,724.0,2,31.8,18,0
346,6600,2023-07-26,40,M,85099.0,self_employed,17.1,Moscow,partner,education,260000,60,16.7,6420.0,604.0,1,49.7,16,0
347,95660,2024-03-14,30,M,83254.0,employed,10.9,South,online,consumer,230000,36,18.1,8327.0,674.0,0,35.5,8,0
348,94179,2024-10-27,33,M,51059.0,employed,14.6,SPb,partner,consumer,170000,24,19.4,8603.0,589.0,0,50.2,23,0
349,41764,2023-02-11,31,M,82362.0,employed,10.7,Siberia,branch,consumer,300000,24,18.7,15079.0,631.0,2,50.7,23,0
350,75543,2024-02-15,29,F,23015.0,unemployed,1.0,Moscow,online,consumer,70000,24,20.6,3583.0,632.0,0,40.9,27,0
351,46714,2024-06-06,41,M,91371.0,employed,21.4,Ural,online,consumer,360000,48,19.3,10821.0,623.0,2,53.6,10,0
352,57835,2024-09-01,45,M,63615.0,self_employed,24.8,Siberia,online,consumer,170000,36,19.4,6266.0,574.0,0,43.4,19,0
353,74744,2024-03-02,31,M,62440.0,self_employed,11.2,Ural,online,car,520000,48,15.6,14631.0,571.0,2,75.4,31,0
354,57491,2023-10-02,22,M,86927.0,self_employed,2.2,SPb,branch,car,880000,36,16.7,31243.0,543.0,2,84.0,177,1
355,19589,2024-03-23,52,M,82808.0,employed,33.3,Moscow,branch,consumer,260000,24,19.0,13106.0,618.0,3,46.7,0,0
356,44484,2024-01-04,45,M,32082.0,unemployed,0.2,Moscow,branch,car,410000,48,15.4,11494.0,674.0,1,52.4,42,0
357,83989,2023-08-08,20,F,42907.0,self_employed,0.0,Siberia,partner,consumer,140000,36,20.1,5210.0,630.0,2,48.2,0,0
358,37212,2024-07-30,47,M,80326.0,freelance,24.9,Ural,online,car,630000,24,15.8,30787.0,612.0,1,84.3,0,0
359,44525,2023-08-20,41,M,109696.0,employed,22.5,Ural,partner,consumer,370000,24,19.7,18777.0,661.0,1,60.4,17,0
360,48202,2023-11-24,43,M,110150.0,self_employed,22.5,Moscow,branch,car,730000,60,15.9,17713.0,606.0,1,69.8,214,1
361,33635,2024-03-18,49,F,67064.0,freelance,27.7,SPb,branch,car,720000,60,15.8,17433.0,612.0,2,69.0,0,0
362,64208,2023-02-21,27,M,67377.0,employed,7.6,Ural,online,consumer,170000,48,18.8,5065.0,598.0,1,49.8,137,1
363,34828,2024-01-11,45,F,132667.0,employed,24.6,Moscow,online,consumer,550000,36,19.3,20244.0,621.0,2,55.1,9,0
364,19711,2023-09-20,29,F,74802.0,self_employed,7.3,SPb,partner,consumer,290000,24,21.2,14930.0,601.0,1,49.1,12,0
365,4420,2023-09-24,28,F,81871.0,employed,8.1,Moscow,partner,car,640000,12,14.0,57464.0,705.0,1,61.2,0,0
366,97752,2023-12-25,30,M,61564.0,self_employed,10.8,Ural,partner,renovation,300000,60,18.9,7766.0,576.0,1,57.2,10,0
367,1301,2023-11-13,58,F,138263.0,employed,13.0,Ural,partner,renovation,890000,24,18.5,44648.0,638.0,1,74.5,22,0
368,46236,2023-11-20,22,F,52731.0,employed,0.0,Moscow,partner,car,460000,48,14.0,12570.0,755.0,1,46.6,4,0
369,67235,2024-10-27,20,M,42876.0,self_employed,1.3,Moscow,partner,education,80000,36,15.4,2789.0,593.0,2,43.4,0,0
370,55240,2024-10-13,59,F,100377.0,employed,13.0,Moscow,online,renovation,770000,36,15.6,26919.0,731.0,2,62.5,24,0
371,66726,2024-07-16,19,F,22072.0,unemployed,0.3,Moscow,branch,car,350000,60,16.3,8567.0,552.0,1,51.2,28,0
372,11492,2024-09-20,61,F,66468.0,freelance,41.2,Ural,partner,consumer,240000,6,18.9,42234.0,703.0,0,49.5,0,0
373,7102,2024-02-25,38,F,166794.0,self_employed,13.3,Moscow,branch,renovation,950000,48,18.9,28355.0,616.0,1,78.5,0,0
374,51336,2023-02-15,23,F,52135.0,freelance,0.0,SPb,branch,consumer,300000,24,21.7,15519.0,483.0,1,64.6,194,1
375,86314,2024-08-22,26,F,37432.0,freelance,7.0,Ural,branch,consumer,110000,48,19.8,3336.0,608.0,2,48.6,11,0
376,27641,2024-12-20,30,F,72496.0,employed,10.7,South,online,car,590000,36,14.0,20165.0,689.0,1,59.3,0,0
377,35584,2023-09-26,30,F,56857.0,freelance,6.3,Moscow,branch,education,170000,24,17.0,8405.0,589.0,1,49.5,41,0
378,33745,2024-08-23,30,F,126513.0,employed,10.0,Moscow,online,car,940000,60,15.3,22511.0,608.0,1,76.8,0,0
379,24093,2024-01-16,41,M,115229.0,employed,22.0,Moscow,online,consumer,390000,24,18.0,19470.0,702.0,5,55.0,1,0
380,67105,2023-04-28,23,M,78635.0,self_employed,0.0,SPb,partner,consumer,480000,60,20.4,12824.0,632.0,3,72.5,16,0
381,52885,2024-07-19,32,F,76359.0,self_employed,13.3,Ural,branch,consumer,230000,24,18.9,11583.0,643.0,0,34.2,0,0
382,37631,2023-04-26,54,M,114274.0,employed,33.2,Ural,partner,car,1070000,60,15.0,25455.0,667.0,3,84.2,0,0
383,73991,2024-09-21,33,F,93248.0,employed,13.3,Moscow,branch,consumer,290000,12,18.6,26670.0,649.0,1,42.5,2,0
384,5014,2023-09-17,50,F,103555.0,self_employed,30.2,Moscow,partner,renovation,550000,60,18.0,13966.0,704.0,1,58.4,1,0
385,12093,2023-03-16,33,F,82947.0,employed,14.7,SPb,online,car,710000,48,14.7,19652.0,693.0,0,62.8,0,0
386,19070,2024-04-24,34,F,68261.0,freelance,15.1,Moscow,branch,consumer,230000,24,19.7,11672.0,628.0,3,57.6,27,0
387,36777,2023-11-01,64,F,48871.0,self_employed,45.0,Siberia,partner,consumer,110000,48,18.1,3237.0,758.0,3,26.4,5,0
388,57958,2023-01-07,27,M,113161.0,employed,4.8,Moscow,branch,car,870000,36,14.9,30116.0,652.0,4,75.4,19,0
389,83074,2024-01-01,21,F,58302.0,employed,0.0,Siberia,online,car,480000,48,16.6,13751.0,530.0,2,65.4,32,0
390,11729,2024-09-25,44,M,109781.0,self_employed,21.3,Moscow,online,renovation,820000,60,16.4,20116.0,702.0,0,68.8,6,0
391,46017,2024-06-06,33,M,70512.0,employed,11.4,Siberia,online,education,210000,12,14.4,18895.0,649.0,0,31.5,19,0
392,67320,2023-12-14,54,M,80915.0,employed,35.6,Ural,partner,consumer,270000,12,19.1,24895.0,703.0,3,49.5,0,0
393,28751,2024-03-13,34,M,64147.0,employed,4.5,SPb,partner,consumer,150000,48,17.5,4367.0,703.0,1,33.3,19,0
394,79069,2023-08-03,19,M,103732.0,employed,0.4,SPb,online,car,680000,48,15.9,19237.0,600.0,0,61.0,115,1
395,55748,2024-03-04,39,M,89054.0,employed,19.7,Ural,partner,education,180000,24,14.9,8719.0,678.0,0,35.4,14,0
396,6801,2024-05-12,35,F,94460.0,employed,13.3,Moscow,partner,consumer,260000,48,18.3,7678.0,696.0,0,49.5,19,0
397,20190,2024-06-23,39,F,70875.0,freelance,13.9,South,online,renovation,400000,24,17.3,19835.0,625.0,0,48.8,0,0
398,50689,2024-01-02,38,M,77160.0,self_employed,19.4,SPb,branch,consumer,230000,36,18.5,8373.0,715.0,2,38.0,46,0
399,51993,2023-11-09,33,M,49616.0,freelance,8.7,Siberia,online,consumer,220000,60,20.4,5878.0,603.0,1,39.1,5,0
400,30592,2024-06-21,48,F,85529.0,employed,28.8,Ural,branch,education,170000,36,13.5,5769.0,723.0,1,23.7,6,0
401,11647,2023-02-23,42,F,103414.0,employed,20.7,SPb,branch,car,700000,36,14.8,24197.0,669.0,2,64.4,9,0
402,9716,2024-06-24,67,F,74949.0,self_employed,43.1,SPb,online,renovation,290000,60,16.5,7130.0,729.0,2,58.0,2,0
403,89891,2024-04-11,60,M,116878.0,self_employed,31.1,SPb,branch,car,820000,36,14.9,28385.0,698.0,1,75.8,4,0
404,88545,2023-06-13,27,F,41103.0,self_employed,8.3,Siberia,branch,renovation,430000,48,19.2,12902.0,557.0,0,54.3,134,1
405,90912,2023-11-30,21,M,60486.0,self_employed,2.6,Siberia,online,consumer,190000,24,20.7,9735.0,583.0,2,49.0,4,0
406,71316,2024-06-30,20,F,55693.0,self_employed,0.0,South,branch,renovation,330000,48,17.2,9556.0,657.0,2,54.5,12,0
407,3368,2023-12-14,24,M,62525.0,employed,5.4,Moscow,online,car,510000,60,16.1,12429.0,566.0,1,62.5,2,0
408,78575,2023-09-30,34,M,76425.0,self_employed,13.4,Siberia,partner,consumer,380000,48,21.3,11828.0,588.0,0,56.5,2,0
409,7655,2024-12-20,67,M,119703.0,self_employed,45.0,Moscow,branch,consumer,450000,36,17.8,16223.0,713.0,2,45.6,7,0
410,71031,2024-02-18,58,M,48478.0,unemployed,0.8,Moscow,online,consumer,210000,36,21.8,7998.0,531.0,2,65.9,162,1
411,77429,2024-05-14,57,M,100107.0,self_employed,35.9,Moscow,partner,consumer,350000,36,18.8,12794.0,689.0,0,41.0,25,0
412,92083,2023-04-03,33,F,75003.0,self_employed,9.3,Moscow,online,consumer,210000,48,18.9,6268.0,670.0,1,40.4,30,0
413,88922,2024-11-15,29,F,82273.0,employed,10.0,Siberia,branch,consumer,300000,60,18.0,7618.0,679.0,2,42.3,18,0
414,56766,2023-03-20,46,F,65455.0,freelance,25.6,Siberia,online,car,720000,48,16.6,20627.0,618.0,2,81.6,129,1
415,14403,2024-09-13,35,M,33374.0,unemployed,0.8,Moscow,partner,education,130000,48,17.8,3805.0,567.0,2,60.1,193,1
416,33097,2023-08-05,51,M,90605.0,freelance,31.8,SPb,online,consumer,300000,24,20.9,15401.0,565.0,1,50.7,24,0
417,79657,2023-12-24,65,F,133116.0,self_employed,13.9,Moscow,branch,car,1500000,48,16.1,42587.0,651.0,3,84.8,0,0
418,11966,2024-09-09,30,F,82078.0,employed,9.3,Ural,branch,consumer,260000,24,18.6,13056.0,624.0,1,42.6,0,0
419,94848,2024-05-21,49,M,127571.0,self_employed,20.2,Ural,online,consumer,350000,48,18.4,10355.0,686.0,0,43.3,21,0
420,53921,2024-07-12,28,M,61392.0,self_employed,5.7,Ural,online,consumer,320000,24,19.2,16162.0,620.0,2,48.0,116,1
421,50726,2023-06-30,29,F,37459.0,freelance,13.9,South,branch,renovation,220000,36,17.5,7898.0,647.0,0,48.5,7,0
422,51300,2024-07-29,21,M,121227.0,employed,0.0,SPb,partner,education,250000,36,15.4,8715.0,607.0,4,44.7,5,0
423,23677,2023-09-03,33,M,39620.0,self_employed,13.9,Ural,branch,renovation,310000,48,17.7,9058.0,670.0,0,46.6,0,0
424,56609,2023-09-01,26,F,61034.0,employed,3.8,South,online,consumer,270000,36,18.9,9883.0,700.0,2,37.1,5,0
425,97825,2024-05-20,43,F,60062.0,freelance,19.2,Ural,branch,consumer,250000,24,20.8,12822.0,567.0,0,66.2,52,0
426,57661,2024-02-26,30,F,74058.0,employed,10.8,SPb,partner,consumer,290000,48,18.8,8640.0,670.0,1,50.0,28,0
427,32024,2023-11-16,35,M,87997.0,self_employed,17.0,SPb,partner,education,290000,36,16.9,10325.0,663.0,2,65.7,27,0
428,71313,2023-03-28,49,M,88410.0,employed,29.9,Siberia,branch,renovation,580000,60,17.0,14414.0,657.0,0,47.4,49,0
429,54006,2023-08-05,50,F,123134.0,employed,31.3,Siberia,branch,renovation,950000,36,17.5,34107.0,681.0,0,73.7,7,0
430,96285,2024-05-04,26,F,61950.0,self_employed,5.1,Siberia,online,car,590000,36,17.1,21064.0,491.0,4,83.6,105,1
431,16338,2024-06-02,21,M,83969.0,employed,2.0,Siberia,online,car,540000,60,14.4,12677.0,648.0,2,58.8,32,0
432,69027,2023-10-05,27,M,66157.0,self_employed,8.9,South,branch,car,560000,60,15.1,13352.0,660.0,0,55.8,13,0
433,93772,2024-12-22,34,M,31298.0,unemployed,0.7,Siberia,partner,car,350000,24,18.4,17541.0,449.0,1,82.3,185,1
434,81135,2023-06-18,31,M,29654.0,unemployed,0.4,South,online,renovation,180000,36,19.0,6598.0,600.0,3,66.9,182,1
435,20508,2023-11-26,23,F,64472.0,employed,3.2,Ural,branch,consumer,190000,60,18.1,4835.0,672.0,0,35.2,19,0
436,4051,2024-10-11,47,F,54490.0,freelance,27.6,Ural,online,education,150000,36,17.2,5363.0,566.0,3,53.1,40,0
437,49747,2024-03-16,59,M,74181.0,employed,40.4,South,online,renovation,810000,24,17.1,40087.0,697.0,3,84.6,0,0
438,88142,2024-01-26,44,M,28284.0,unemployed,0.3,South,online,car,350000,48,16.1,9937.0,656.0,1,60.1,145,1
439,88235,2024-05-10,28,F,40899.0,freelance,8.8,Siberia,online,renovation,290000,36,18.3,10528.0,623.0,5,69.5,8,0
440,55021,2024-01-16,24,M,61855.0,employed,0.0,Ural,online,renovation,340000,48,17.0,9811.0,647.0,1,42.4,18,0
441,67412,2023-11-02,35,F,144062.0,employed,16.9,SPb,online,consumer,550000,24,19.6,27885.0,659.0,3,55.1,44,0
442,59335,2024-11-03,40,F,60632.0,employed,21.2,Ural,branch,renovation,410000,24,15.6,19997.0,710.0,3,48.7,3,0
443,57179,2024-05-27,33,F,95587.0,freelance,14.8,Moscow,online,consumer,320000,24,19.8,16255.0,615.0,2,52.8,2,0
444,33093,2023-07-07,64,M,105874.0,employed,40.2,SPb,partner,car,850000,60,15.7,20535.0,617.0,0,74.5,133,1
445,70678,2024-05-30,45,M,86836.0,self_employed,25.4,Moscow,partner,consumer,220000,48,18.0,6462.0,690.0,2,41.8,4,0
446,81738,2024-10-05,20,M,88730.0,self_employed,0.0,Siberia,branch,consumer,260000,24,19.5,13169.0,579.0,0,66.2,90,1
447,40734,2024-03-02,40,M,18014.0,unemployed,0.1,South,online,education,80000,36,18.3,2904.0,531.0,0,57.3,145,1
448,73615,2024-05-16,36,M,18000.0,unemployed,0.1,Moscow,partner,consumer,60000,60,21.5,1640.0,527.0,0,55.7,0,0
449,74523,2024-12-30,53,F,112791.0,employed,34.9,Moscow,branch,car,960000,36,13.7,32671.0,678.0,1,68.9,0,0
450,95476,2023-09-17,43,F,65321.0,self_employed,24.3,South,partner,consumer,260000,24,18.9,13094.0,687.0,1,63.7,2,0
451,18019,2024-05-27,22,F,40138.0,freelance,0.4,Ural,branch,car,350000,36,15.7,12253.0,536.0,1,49.4,9,0
452,84613,2023-03-12,33,M,69619.0,freelance,12.4,Ural,partner,consumer,320000,12,22.1,29966.0,512.0,1,83.9,163,1
453,92794,2024-04-22,45,F,99555.0,employed,23.4,Ural,online,renovation,410000,48,16.7,11767.0,645.0,1,44.7,21,0
454,87672,2023-06-27,37,F,101416.0,employed,16.4,Moscow,online,renovation,540000,60,18.1,13742.0,630.0,1,54.0,16,0
455,74847,2024-04-01,38,M,101197.0,employed,17.4,Moscow,partner,consumer,510000,6,20.7,90205.0,519.0,0,70.0,127,1
456,83750,2023-07-08,33,F,86737.0,employed,6.9,South,partner,renovation,530000,36,19.3,19508.0,541.0,1,62.8,0,0
457,80634,2023-10-18,20,M,69608.0,employed,0.0,Siberia,branch,consumer,170000,36,20.6,6370.0,542.0,2,52.6,0,0
458,29251,2024-06-03,22,M,59251.0,employed,3.9,Moscow,online,renovation,330000,36,15.7,11553.0,720.0,1,40.0,4,0
459,26945,2023-10-19,25,M,67883.0,self_employed,13.9,Moscow,online,car,560000,48,15.0,15585.0,651.0,3,73.0,0,0
460,91852,2024-09-26,28,F,68123.0,employed,7.9,Ural,branch,car,510000,36,14.0,17431.0,685.0,1,56.2,10,0
461,33217,2023-10-10,27,F,70327.0,self_employed,7.7,Moscow,online,education,170000,36,16.9,6053.0,569.0,0,46.1,9,0
462,9308,2024-06-27,27,M,91117.0,employed,8.8,Moscow,partner,car,810000,36,16.1,28517.0,534.0,1,73.1,24,0
463,6949,2024-01-12,58,M,74831.0,freelance,38.1,Moscow,online,renovation,440000,36,16.6,15600.0,707.0,1,54.9,0,0
464,52990,2024-10-19,42,M,18000.0,unemployed,1.8,Moscow,partner,renovation,180000,60,19.1,4679.0,548.0,1,67.9,167,1
465,2150,2023-06-05,37,M,57717.0,self_employed,18.8,Ural,branch,car,490000,12,15.7,44389.0,595.0,0,54.0,21,0
466,90480,2024-05-22,37,M,76403.0,freelance,13.9,South,branch,consumer,300000,6,19.9,52942.0,612.0,2,35.6,0,0
467,75740,2024-02-17,34,M,97206.0,employed,15.3,SPb,online,education,240000,48,15.1,6692.0,662.0,1,47.7,25,0
468,67617,2024-06-11,20,M,35744.0,freelance,0.0,Moscow,online,consumer,120000,6,18.5,21093.0,642.0,0,39.9,17,0
469,95841,2023-12-21,24,F,99808.0,employed,4.5,Moscow,branch,education,270000,60,15.2,6452.0,692.0,2,40.1,19,0
470,17896,2024-07-12,32,M,123109.0,employed,12.7,South,online,car,1190000,48,15.4,33360.0,634.0,2,84.1,12,0
471,47175,2023-07-06,29,F,98658.0,employed,4.9,Ural,partner,renovation,750000,36,19.5,27682.0,551.0,0,77.3,153,1
472,8805,2023-01-31,30,M,59192.0,self_employed,1.1,SPb,partner,consumer,140000,36,19.8,5189.0,580.0,1,48.8,4,0
473,6237,2023-09-17,33,M,92682.0,employed,13.5,South,branch,consumer,340000,24,17.9,16958.0,764.0,1,40.2,0,0
474,21056,2024-02-25,46,M,53726.0,self_employed,24.9,Ural,branch,consumer,180000,24,18.2,9004.0,766.0,1,44.8,9,0
475,46543,2024-06-12,25,M,68961.0,employed,4.6,SPb,branch,education,190000,24,14.1,9131.0,666.0,0,40.2,20,0
476,57556,2024-07-04,45,M,80970.0,freelance,26.8,South,online,consumer,350000,24,18.7,17592.0,686.0,2,59.3,7,0
477,4343,2023-10-31,27,F,97831.0,self_employed,8.9,SPb,partner,consumer,350000,36,21.4,13258.0,541.0,0,60.6,0,0
478,14500,2023-02-08,23,F,90536.0,employed,0.5,SPb,branch,consumer,400000,36,18.7,14602.0,623.0,1,51.2,15,0
479,54222,2024-05-03,33,M,64396.0,employed,13.5,Ural,online,renovation,430000,48,16.3,12252.0,694.0,1,39.8,24,0
480,30375,2024-10-05,20,M,63932.0,freelance,0.9,South,partner,car,640000,24,17.0,31643.0,510.0,2,81.4,181,1
481,10662,2024-06-25,43,F,76891.0,employed,12.3,South,branch,consumer,290000,24,19.0,14618.0,606.0,1,58.7,20,0
482,17964,2024-10-31,48,M,116652.0,employed,29.7,Siberia,online,car,1090000,48,13.1,29296.0,755.0,3,80.0,1,0
483,60638,2023-10-05,49,F,73184.0,self_employed,30.1,SPb,branch,consumer,300000,12,18.6,27590.0,733.0,2,42.9,3,0
484,74666,2023-07-22,31,F,59768.0,employed,7.2,South,partner,consumer,180000,48,19.3,5411.0,620.0,1,38.1,23,0
485,86067,2023-03-07,63,F,113181.0,employed,43.4,SPb,branch,car,940000,48,14.8,26066.0,659.0,3,84.3,0,0
486,68215,2023-04-18,29,M,67015.0,employed,8.4,Ural,online,consumer,270000,48,20.9,8346.0,517.0,4,67.2,194,1
487,70042,2023-09-25,65,M,97115.0,employed,45.0,Moscow,branch,consumer,330000,60,18.8,8524.0,696.0,1,40.7,2,0
488,14284,2023-08-10,23,M,81094.0,employed,0.0,Ural,branch,consumer,260000,24,18.9,13094.0,695.0,3,57.8,0,0
489,73789,2024-06-13,55,F,116124.0,employed,36.6,Moscow,partner,car,1040000,24,15.1,50476.0,683.0,1,78.3,7,0
490,85664,2023-03-31,21,F,70146.0,employed,2.3,Siberia,online,renovation,380000,24,16.8,18752.0,702.0,2,53.9,25,0
491,94468,2024-11-23,21,F,81629.0,employed,2.5,SPb,online,renovation,490000,24,17.8,24415.0,566.0,2,63.9,21,0
492,62389,2023-09-12,47,F,30569.0,unemployed,0.7,SPb,online,consumer,110000,12,22.2,10306.0,525.0,2,68.9,0,0
493,10435,2024-03-30,42,F,122316.0,self_employed,18.9,Siberia,branch,renovation,630000,24,17.8,31391.0,646.0,0,54.1,150,1
494,55340,2023-09-10,34,F,55907.0,freelance,15.1,SPb,branch,consumer,260000,24,19.2,13132.0,653.0,4,52.1,30,0
495,45078,2023-09-14,57,F,131673.0,employed,38.5,Siberia,online,car,1200000,60,15.4,28800.0,650.0,1,82.8,18,0
496,79832,2024-01-18,34,F,83368.0,employed,14.4,South,partner,renovation,550000,24,17.5,27326.0,657.0,0,50.3,5,0
497,52293,2024-03-17,24,M,75100.0,freelance,0.0,Moscow,online,car,560000,48,17.1,16188.0,577.0,2,78.8,123,1
498,96981,2024-08-21,28,M,57364.0,self_employed,10.0,SPb,online,consumer,190000,36,19.2,6984.0,616.0,4,48.3,24,0
499,79781,2023-03-31,48,F,87323.0,employed,27.9,South,online,education,290000,60,17.2,7238.0,541.0,4,59.0,190,1
500,61403,2024-01-25,45,M,103624.0,employed,23.7,Siberia,branch,consumer,490000,60,19.7,12900.0,585.0,1,58.9,16,0
501,30124,2024-08-04,35,M,74272.0,employed,12.1,South,online,consumer,210000,12,17.1,19163.0,672.0,0,41.1,10,0
502,96435,2023-02-13,19,F,65036.0,freelance,0.0,South,online,renovation,440000,48,17.8,12879.0,652.0,1,56.5,23,0
503,44919,2024-12-12,37,F,159564.0,employed,18.8,SPb,online,education,450000,60,14.4,10564.0,685.0,3,52.4,0,0
504,36247,2024-10-25,20,F,57188.0,self_employed,0.1,Moscow,branch,consumer,180000,48,18.4,5325.0,652.0,3,46.9,9,0
505,95758,2024-08-20,19,M,60775.0,self_employed,0.8,Moscow,branch,car,450000,24,15.2,21862.0,561.0,1,55.4,183,1
506,92747,2023-01-19,42,F,35058.0,unemployed,0.5,Moscow,branch,consumer,90000,6,21.4,15950.0,561.0,0,53.4,1,0
507,63752,2023-04-11,43,M,79464.0,freelance,24.8,Moscow,partner,education,220000,60,15.6,5303.0,710.0,2,35.2,24,0
508,57573,2024-08-29,24,F,73753.0,employed,5.9,South,branch,car,610000,60,13.2,13942.0,713.0,2,49.9,3,0
509,60101,2023-12-23,35,M,63633.0,self_employed,15.9,Ural,online,car,490000,48,17.0,14139.0,561.0,2,61.0,15,0
510,27646,2024-06-25,59,F,100725.0,freelance,32.6,Moscow,partner,consumer,330000,48,20.1,10060.0,617.0,0,79.2,38,0
511,24049,2023-02-02,34,F,88421.0,self_employed,12.3,Siberia,online,car,550000,36,16.5,19472.0,582.0,3,75.7,162,1
512,80605,2023-08-17,19,M,51400.0,freelance,1.0,SPb,branch,car,460000,36,16.3,16240.0,610.0,0,48.9,12,0
513,99116,2024-06-07,22,F,26334.0,unemployed,0.1,Moscow,branch,consumer,110000,24,21.4,5674.0,527.0,4,64.7,1,0
514,98379,2024-09-21,27,F,96769.0,employed,8.9,Moscow,online,education,410000,24,15.6,19997.0,650.0,3,54.1,9,0
515,69385,2023-06-04,32,M,61293.0,employed,13.0,Ural,online,consumer,280000,36,20.7,10506.0,600.0,5,58.6,114,1
516,41158,2024-02-27,26,M,51832.0,freelance,4.5,Siberia,online,education,140000,36,16.4,4950.0,606.0,2,54.1,4,0
517,66417,2023-09-03,42,M,71999.0,employed,19.7,Moscow,partner,renovation,420000,48,16.2,11946.0,731.0,2,34.2,17,0
518,24289,2024-02-09,67,M,96750.0,employed,44.1,Ural,branch,renovation,460000,24,16.4,22611.0,697.0,1,49.4,0,0
519,10823,2024-06-24,33,F,111890.0,employed,7.8,Moscow,online,car,870000,60,15.1,20743.0,655.0,0,84.1,184,1
520,61160,2023-06-10,29,F,66891.0,freelance,9.6,Moscow,online,consumer,290000,60,21.3,7894.0,509.0,2,56.3,117,1
521,42975,2024-12-02,43,M,177260.0,employed,19.0,Moscow,partner,consumer,510000,24,18.5,25585.0,669.0,1,60.1,10,0
522,10540,2023-04-27,34,M,84843.0,self_employed,12.1,Moscow,online,renovation,400000,12,18.9,36844.0,645.0,1,64.3,0,0
523,17364,2023-09-28,28,M,89174.0,employed,7.7,SPb,online,consumer,280000,24,19.6,14196.0,639.0,3,44.2,4,0
524,5611,2024-11-22,48,M,100827.0,employed,20.7,Ural,online,consumer,340000,24,18.8,17106.0,678.0,0,46.8,10,0
525,28663,2024-05-01,65,M,149389.0,employed,38.1,Moscow,branch,consumer,460000,12,18.1,42195.0,695.0,1,65.8,25,0
526,52991,2023-06-21,34,M,142381.0,employed,9.2,Moscow,online,renovation,910000,48,18.1,26779.0,631.0,2,81.1,0,0
527,58679,2023-10-01,34,M,105817.0,freelance,15.3,South,branch,renovation,690000,48,19.7,20887.0,527.0,0,69.3,6,0
528,31977,2023-09-16,21,F,38283.0,freelance,2.3,Moscow,partner,consumer,160000,36,21.2,6044.0,583.0,2,60.7,0,0
529,95704,2023-05-15,44,F,54528.0,freelance,19.1,Siberia,partner,consumer,130000,36,19.7,4811.0,674.0,0,40.9,24,0
530,50115,2024-11-13,42,M,55519.0,employed,22.5,Siberia,online,car,450000,48,14.4,12387.0,578.0,3,59.6,0,0
531,92007,2024-12-22,62,F,148340.0,employed,13.0,SPb,branch,consumer,420000,36,16.8,14932.0,729.0,2,52.1,35,0
532,89223,2024-02-26,40,F,85033.0,employed,18.5,Moscow,online,car,1050000,36,15.2,36502.0,618.0,0,79.5,10,0
533,61890,2024-02-25,49,F,141327.0,employed,26.7,Moscow,online,consumer,550000,24,18.7,27645.0,697.0,2,63.2,0,0
534,67387,2023-07-05,20,M,100194.0,employed,1.9,Ural,branch,consumer,300000,60,20.4,8015.0,567.0,2,57.9,138,1
535,19071,2023-12-30,41,F,81707.0,self_employed,21.3,SPb,branch,consumer,210000,24,19.5,10637.0,643.0,0,38.3,10,0
536,60275,2024-08-29,40,F,70165.0,employed,16.2,SPb,branch,consumer,160000,24,16.8,7895.0,714.0,1,35.2,11,0
537,73369,2024-01-13,40,M,115794.0,employed,20.0,Siberia,online,consumer,550000,48,18.0,16156.0,735.0,0,46.4,0,0
538,12938,2024-06-06,35,M,28823.0,unemployed,0.4,Ural,online,education,100000,24,19.5,5065.0,488.0,2,58.5,0,0
539,36195,2024-08-02,29,F,75959.0,employed,6.8,South,online,car,850000,48,13.6,23057.0,691.0,3,78.4,12,0
540,92680,2024-12-22,26,F,23842.0,unemployed,1.0,Ural,online,consumer,120000,24,19.9,6102.0,584.0,1,44.8,0,0
541,5000,2023-07-15,23,F,39046.0,unemployed,0.4,Moscow,online,consumer,120000,24,21.4,6190.0,537.0,1,55.8,28,0
542,71588,2023-04-08,40,F,113493.0,employed,18.1,SPb,online,consumer,540000,60,18.7,13919.0,711.0,5,58.6,0,0
543,94610,2024-08-27,19,F,59742.0,employed,0.8,Siberia,online,car,420000,24,14.7,20305.0,630.0,1,68.2,5,0
544,98856,2023-01-22,40,M,57490.0,freelance,20.7,Moscow,branch,renovation,580000,24,18.1,28984.0,577.0,1,60.9,16,0
545,39304,2024-03-25,26,M,62236.0,employed,0.5,Siberia,online,consumer,240000,12,18.9,22106.0,686.0,5,54.6,18,0
546,70449,2023-06-21,43,F,132022.0,employed,22.4,Moscow,branch,consumer,550000,12,17.7,50346.0,785.0,2,43.6,31,0
547,83986,2024-01-18,36,M,95303.0,freelance,10.8,South,partner,consumer,300000,24,21.3,15460.0,526.0,2,67.9,168,1
548,90643,2023-05-14,39,M,92170.0,employed,19.9,Ural,partner,consumer,320000,36,20.2,11925.0,605.0,2,70.1,161,1
549,21764,2024-03-01,49,F,142139.0,employed,28.0,Moscow,online,consumer,540000,36,19.3,19876.0,637.0,2,74.1,11,0
550,87027,2023-01-25,39,F,62326.0,self_employed,20.0,South,branch,car,610000,48,15.3,17070.0,631.0,0,50.7,15,0
551,39494,2024-05-17,25,M,80538.0,self_employed,6.6,Moscow,online,education,220000,36,15.4,7670.0,662.0,0,35.9,0,0
552,4373,2023-07-04,24,M,77511.0,employed,0.0,SPb,partner,renovation,390000,48,18.0,11456.0,636.0,0,48.4,2,0
553,13161,2023-03-26,29,M,71202.0,employed,10.4,Siberia,branch,renovation,400000,36,16.4,14142.0,722.0,1,38.7,0,0
554,98532,2024-07-20,19,M,60993.0,employed,0.4,South,online,consumer,190000,36,18.1,6878.0,651.0,2,43.7,0,0
555,93658,2023-05-24,37,F,83736.0,employed,13.5,SPb,branch,car,810000,60,14.3,18974.0,680.0,1,68.9,18,0
556,28350,2024-11-09,26,M,46426.0,freelance,3.1,Siberia,partner,education,120000,12,16.9,10939.0,535.0,2,68.9,6,0
557,94008,2024-02-16,21,F,88667.0,self_employed,0.0,Moscow,partner,consumer,450000,12,22.5,42226.0,447.0,1,82.1,150,1
558,95297,2023-08-12,33,F,72338.0,self_employed,14.8,Moscow,online,renovation,480000,24,20.1,24453.0,542.0,5,78.6,135,1
559,26351,2023-08-08,37,F,133371.0,employed,18.7,Moscow,online,consumer,400000,48,19.1,11981.0,688.0,0,52.2,9,0
560,89668,2023-06-28,60,M,77906.0,employed,40.2,Ural,online,education,190000,12,15.0,17149.0,750.0,2,27.6,0,0
561,16305,2024-09-22,31,M,110600.0,employed,10.3,Moscow,online,consumer,400000,24,17.5,19873.0,701.0,2,52.2,1,0
562,76353,2024-03-08,33,M,113453.0,employed,14.9,Moscow,online,consumer,360000,36,20.3,13434.0,541.0,2,64.9,166,1
563,77797,2023-09-22,33,M,76053.0,employed,14.5,South,online,consumer,280000,12,20.6,26018.0,568.0,0,53.6,28,0
564,66953,2024-03-04,30,F,126238.0,employed,13.0,Moscow,partner,consumer,400000,36,19.4,14743.0,632.0,1,49.8,171,1
565,58458,2024-10-23,20,M,58468.0,employed,0.0,SPb,partner,renovation,400000,48,16.0,11336.0,696.0,1,40.5,29,0
566,21358,2024-02-20,63,F,72845.0,freelance,44.7,Ural,online,consumer,170000,12,19.0,15667.0,691.0,1,37.2,0,0
567,4267,2024-03-28,45,M,77688.0,freelance,18.9,Moscow,partner,renovation,600000,60,18.7,15465.0,578.0,0,62.5,186,1
568,83745,2024-12-27,38,M,78350.0,self_employed,19.1,SPb,online,education,170000,36,16.1,5985.0,573.0,3,50.9,0,0
569,90588,2023-07-16,62,F,77311.0,employed,37.5,Ural,branch,education,230000,24,14.9,11141.0,687.0,0,36.8,25,0
570,39513,2024-07-07,50,F,75447.0,freelance,24.3,Ural,online,renovation,450000,48,18.5,13337.0,580.0,2,65.2,40,0
571,27092,2023-02-22,25,M,18000.0,unemployed,0.4,Siberia,partner,education,80000,60,18.7,2062.0,539.0,1,66.4,11,0
572,12338,2024-04-24,36,M,100940.0,employed,16.4,SPb,branch,consumer,260000,24,18.1,12993.0,676.0,1,47.9,256,1
573,1412,2024-03-18,33,M,100115.0,self_employed,14.0,South,online,education,280000,48,14.6,7736.0,693.0,0,29.5,17,0
574,8543,2023-11-26,48,F,53158.0,freelance,25.1,Ural,partner,consumer,180000,24,21.1,9258.0,642.0,3,72.4,0,0
575,34496,2023-09-08,30,M,81977.0,employed,11.3,Ural,branch,consumer,310000,36,18.6,11301.0,673.0,1,38.3,13,0
576,61692,2023-05-03,38,F,135207.0,employed,17.1,Moscow,online,consumer,550000,24,17.6,27352.0,734.0,1,42.7,22,0
577,90084,2024-01-22,20,F,41988.0,employed,0.0,Ural,branch,renovation,380000,48,18.0,11162.0,560.0,1,57.3,0,0
578,93920,2023-12-05,25,F,93100.0,employed,6.1,Ural,partner,consumer,280000,24,19.1,14128.0,661.0,1,43.9,4,0
579,45425,2023-12-14,49,M,138102.0,employed,18.8,Siberia,online,consumer,540000,24,18.9,27194.0,637.0,2,57.7,3,0
580,39756,2023-01-29,30,M,28663.0,unemployed,0.7,Siberia,online,car,350000,36,17.3,12531.0,553.0,3,70.6,39,0
581,19888,2023-02-04,45,F,53862.0,self_employed,26.9,Ural,branch,car,520000,48,15.3,14551.0,603.0,1,53.7,3,0
582,36735,2024-06-01,32,M,102531.0,employed,12.4,Ural,partner,consumer,430000,12,19.5,39730.0,614.0,0,63.4,28,0
583,48295,2024-01-31,36,M,71971.0,self_employed,16.7,Siberia,online,car,520000,60,17.0,12923.0,523.0,3,78.8,0,0
584,84042,2024-09-14,37,M,63233.0,self_employed,12.6,SPb,partner,consumer,210000,48,19.8,6368.0,626.0,1,57.1,11,0
585,86999,2023-10-21,25,M,68196.0,employed,6.1,Moscow,online,car,460000,24,15.2,22348.0,678.0,4,63.5,25,0
586,18955,2024-08-11,40,M,143921.0,employed,2.6,South,partner,car,1110000,48,15.3,31061.0,628.0,3,84.8,39,0
587,38841,2023-12-15,44,M,25622.0,unemployed,0.4,South,branch,education,80000,36,19.7,2961.0,463.0,3,77.8,90,1
588,71640,2023-05-27,22,F,69675.0,self_employed,3.2,SPb,branch,renovation,300000,36,18.7,10951.0,580.0,0,46.1,20,0
589,66510,2023-03-08,23,F,50488.0,employed,1.7,South,branch,consumer,190000,12,18.4,17455.0,677.0,1,31.4,1,0
590,35911,2024-06-03,42,M,126769.0,employed,23.5,SPb,branch,consumer,350000,48,18.1,10300.0,697.0,3,37.0,0,0
591,60031,2023-05-02,36,M,101488.0,employed,11.4,Moscow,online,education,270000,36,15.4,9413.0,682.0,2,39.2,12,0
592,89726,2023-12-06,47,F,105920.0,employed,28.7,Ural,online,car,830000,48,16.9,23907.0,523.0,1,81.5,21,0
593,8357,2023-06-24,43,F,105333.0,employed,12.7,South,branch,renovation,640000,36,18.3,23234.0,649.0,5,77.4,189,1
594,33479,2024-11-21,23,M,65861.0,self_employed,0.0,Ural,online,car,680000,24,15.8,33230.0,579.0,3,76.3,0,0
595,62476,2024-08-19,51,F,109944.0,employed,27.5,Moscow,branch,renovation,630000,48,17.0,18179.0,695.0,1,75.8,126,1
596,45811,2024-03-26,63,F,156381.0,employed,43.4,Moscow,partner,consumer,460000,36,18.4,16723.0,737.0,0,46.7,0,0
597,37208,2024-07-10,30,M,52954.0,employed,9.8,Siberia,online,renovation,390000,48,17.9,11436.0,512.0,1,50.6,176,1
598,21150,2023-05-16,42,F,78380.0,employed,22.2,Siberia,partner,renovation,460000,36,17.3,16469.0,696.0,1,54.1,41,0
599,72180,2023-01-16,26,F,63249.0,freelance,0.0,Moscow,branch,consumer,240000,36,20.5,8981.0,602.0,2,60.3,16,0
600,44286,2023-11-29,29,F,54992.0,employed,10.9,SPb,branch,consumer,120000,60,17.0,2982.0,740.0,2,25.1,22,0
601,69450,2023-07-14,38,M,61312.0,self_employed,18.6,South,branch,car,700000,36,15.9,24575.0,592.0,0,62.1,150,1
602,22352,2024-05-10,26,F,58426.0,employed,0.0,SPb,branch,renovation,350000,36,16.8,12444.0,652.0,1,52.4,20,0
603,56069,2023-01-09,35,F,78361.0,employed,15.6,Moscow,partner,education,230000,48,15.5,6460.0,675.0,4,51.2,10,0
604,15397,2023-11-30,38,M,66683.0,freelance,18.5,South,branch,car,650000,48,15.7,18321.0,664.0,2,75.9,25,0
605,42555,2023-11-29,54,F,159673.0,employed,33.0,SPb,branch,car,950000,36,14.1,32515.0,735.0,2,67.1,8,0
606,47959,2023-11-23,43,M,103247.0,self_employed,17.9,SPb,branch,renovation,720000,60,18.2,18362.0,648.0,0,58.0,6,0
607,1728,2023-01-15,37,M,181398.0,employed,18.0,Moscow,partner,consumer,550000,36,20.2,20496.0,609.0,1,84.0,162,1
608,51517,2024-09-05,47,M,59200.0,self_employed,20.2,SPb,partner,renovation,370000,48,17.5,10772.0,644.0,4,62.4,0,0
609,67234,2023-08-14,26,F,38054.0,freelance,7.0,Siberia,branch,consumer,130000,48,20.5,3991.0,606.0,2,44.3,20,0
610,40954,2024-02-29,33,F,92656.0,self_employed,9.9,Siberia,online,car,890000,48,16.5,25451.0,599.0,2,82.9,20,0
611,48280,2024-02-12,48,M,95807.0,self_employed,29.0,SPb,online,education,230000,36,14.6,7928.0,710.0,3,50.8,13,0
612,80459,2023-04-23,40,F,45125.0,freelance,21.8,Siberia,branch,car,350000,60,15.7,8456.0,618.0,0,43.3,24,0
613,17779,2024-03-03,40,M,23717.0,unemployed,0.4,SPb,online,consumer,80000,48,21.5,2499.0,525.0,5,59.4,90,1
614,64932,2023-01-01,29,F,74665.0,employed,9.2,Siberia,branch,education,170000,48,15.6,4783.0,623.0,1,39.5,0,0
615,73936,2023-09-23,27,F,63433.0,self_employed,7.5,Moscow,online,car,630000,60,16.6,15522.0,569.0,3,82.7,189,1
616,25466,2024-05-05,33,F,109208.0,employed,13.3,Moscow,branch,consumer,330000,24,20.0,16796.0,585.0,1,43.8,20,0
617,37939,2023-07-27,22,F,45243.0,employed,1.2,South,online,consumer,170000,24,20.0,8652.0,552.0,2,50.0,27,0
618,70896,2024-09-13,22,M,68487.0,employed,3.1,Moscow,branch,consumer,180000,36,18.5,6553.0,629.0,0,42.1,3,0
619,36270,2024-12-12,49,M,62984.0,freelance,30.2,Moscow,online,consumer,150000,24,19.3,7583.0,644.0,4,55.5,12,0
620,60163,2024-01-04,37,F,122178.0,employed,17.0,Moscow,online,car,990000,60,14.5,23293.0,682.0,0,78.1,16,0
621,83637,2023-11-02,27,M,65162.0,self_employed,13.9,SPb,online,car,500000,48,15.2,13966.0,694.0,2,61.7,4,0
622,52934,2023-01-12,19,F,104318.0,employed,0.0,Moscow,online,renovation,540000,48,18.7,16061.0,532.0,0,77.0,99,1
623,65895,2023-12-11,45,F,80115.0,employed,21.8,SPb,branch,car,790000,36,14.6,27231.0,729.0,1,75.6,10,0
624,33307,2024-04-09,35,M,23106.0,unemployed,0.8,South,branch,consumer,60000,24,21.3,3092.0,564.0,1,61.1,2,0
625,55098,2024-11-30,30,F,68910.0,employed,10.1,Siberia,branch,consumer,230000,36,18.7,8396.0,647.0,0,57.1,5,0
626,61921,2024-10-27,40,F,141613.0,employed,19.5,Moscow,partner,consumer,410000,48,18.7,12194.0,646.0,2,59.3,37,0
627,6486,2024-05-08,35,F,120563.0,employed,16.9,Moscow,online,education,350000,36,14.2,11996.0,690.0,1,44.1,12,0
628,9335,2024-01-03,62,M,82213.0,self_employed,36.7,Moscow,branch,consumer,340000,36,18.1,12309.0,712.0,1,33.9,33,0
629,87900,2024-02-24,23,M,58394.0,employed,2.6,Moscow,online,car,560000,36,13.9,19112.0,704.0,1,45.0,9,0
630,90112,2023-06-20,44,M,150177.0,employed,24.9,Moscow,online,renovation,810000,48,19.1,24262.0,529.0,1,80.7,164,1
631,98203,2023-05-14,33,F,73058.0,self_employed,14.0,South,branch,education,190000,36,17.5,6821.0,559.0,1,59.6,4,0
632,12130,2024-03-02,24,F,37977.0,employed,2.8,SPb,partner,consumer,110000,24,19.2,5556.0,610.0,0,39.1,5,0
633,88508,2023-01-25,22,F,49088.0,freelance,1.4,SPb,partner,consumer,200000,24,20.2,10199.0,589.0,4,64.8,4,0
634,61566,2024-06-13,20,M,69505.0,employed,1.4,SPb,branch,consumer,320000,36,19.8,11860.0,564.0,1,41.9,22,0
635,67703,2023-07-09,31,M,114469.0,employed,11.4,Siberia,online,consumer,270000,24,20.4,13795.0,596.0,1,62.3,6,0
636,28192,2023-05-21,41,F,65323.0,self_employed,19.6,Siberia,online,car,630000,60,15.8,15254.0,584.0,2,68.0,16,0
637,2062,2024-07-08,32,F,65788.0,freelance,12.9,South,branch,car,450000,60,15.8,10895.0,597.0,0,70.1,5,0
638,85076,2024-10-19,61,F,87207.0,freelance,40.9,Moscow,partner,renovation,520000,36,17.9,18773.0,670.0,0,58.7,27,0
639,90780,2023-11-11,28,F,60270.0,self_employed,9.1,SPb,partner,consumer,200000,36,19.4,7372.0,668.0,0,31.3,3,0
640,22545,2024-03-19,23,F,75938.0,employed,4.8,SPb,branch,car,400000,60,15.0,9516.0,639.0,1,50.8,4,0
641,22689,2023-11-15,39,F,83418.0,employed,19.5,SPb,online,consumer,370000,12,17.7,33869.0,754.0,2,49.6,23,0
642,12174,2024-03-16,19,F,45962.0,employed,0.0,Siberia,online,education,200000,48,16.5,5719.0,570.0,2,46.7,189,1
643,89461,2023-04-02,59,M,121679.0,freelance,40.3,Moscow,branch,renovation,730000,48,18.7,21712.0,672.0,4,74.2,153,1
644,10348,2023-06-28,66,F,59412.0,freelance,43.8,Siberia,branch,car,390000,24,15.5,19003.0,706.0,0,44.0,0,0
645,24714,2023-02-25,23,F,25393.0,unemployed,0.8,Moscow,partner,consumer,60000,48,21.6,1877.0,511.0,2,62.8,0,0
646,39102,2023-06-04,21,M,63653.0,employed,0.9,Siberia,partner,education,220000,36,17.1,7855.0,582.0,2,44.7,7,0
647,75460,2024-11-02,56,M,110969.0,employed,27.3,Siberia,online,renovation,650000,48,17.0,18756.0,620.0,2,64.7,19,0
648,90930,2023-04-21,29,M,91870.0,self_employed,4.6,South,branch,consumer,260000,24,19.4,13157.0,645.0,3,42.5,23,0
649,7801,2023-05-17,39,M,68351.0,self_employed,18.5,Ural,partner,car,580000,48,16.8,16676.0,572.0,1,68.6,43,0
650,73267,2023-08-20,29,M,79460.0,self_employed,8.6,SPb,partner,consumer,240000,60,20.1,6372.0,622.0,3,56.1,0,0
651,49136,2024-04-12,30,M,45900.0,freelance,11.0,Siberia,partner,consumer,180000,6,19.4,31720.0,655.0,0,39.8,0,0
652,24625,2024-04-25,28,M,128798.0,employed,2.4,SPb,online,consumer,310000,36,17.9,11192.0,703.0,2,40.6,16,0
653,83873,2023-03-09,26,M,73148.0,employed,1.2,Moscow,online,car,540000,60,15.4,12960.0,604.0,4,65.9,15,0
654,73592,2023-09-06,30,F,38193.0,employed,7.9,Siberia,partner,consumer,120000,24,19.9,6102.0,659.0,1,42.7,0,0
655,78052,2023-11-19,24,M,86409.0,employed,5.6,SPb,branch,consumer,280000,48,17.9,8210.0,712.0,0,39.5,16,0
656,45261,2024-06-01,61,F,152667.0,employed,39.4,Ural,branch,consumer,550000,60,18.7,14177.0,654.0,1,63.4,15,0
657,2542,2024-03-07,23,M,72435.0,employed,4.1,South,partner,consumer,180000,60,20.4,4809.0,586.0,3,46.0,0,0
658,22677,2024-05-01,25,M,74326.0,employed,6.4,Moscow,branch,renovation,440000,36,17.0,15687.0,681.0,0,49.4,15,0
659,47732,2024-08-28,30,M,45591.0,self_employed,7.7,Ural,partner,car,440000,24,15.3,21397.0,573.0,1,59.5,129,1
660,51343,2024-03-04,47,F,56867.0,freelance,19.4,Ural,online,consumer,180000,36,19.7,6662.0,614.0,3,50.4,24,0
661,40081,2023-09-26,35,F,42762.0,freelance,13.9,South,online,consumer,160000,24,20.9,8214.0,591.0,2,53.7,11,0
662,63856,2024-12-09,26,M,43995.0,employed,7.5,SPb,partner,renovation,230000,36,17.4,8246.0,624.0,1,54.1,16,0
663,94105,2024-06-20,59,F,153154.0,employed,40.3,SPb,branch,education,450000,48,14.3,12365.0,703.0,2,41.7,31,0
664,89858,2023-05-28,29,M,88869.0,employed,1.1,Ural,online,car,850000,60,15.4,20400.0,639.0,1,65.5,0,0
665,20065,2023-04-28,34,F,25975.0,unemployed,0.2,Moscow,online,consumer,120000,36,23.4,4670.0,443.0,4,67.1,239,1
666,84460,2024-01-02,61,F,89751.0,employed,39.6,SPb,online,car,800000,48,12.5,21264.0,759.0,0,55.1,24,0
667,89092,2023-03-07,22,F,55612.0,employed,1.9,SPb,branch,consumer,150000,48,18.7,4461.0,621.0,1,33.3,36,0
668,55693,2024-01-05,25,F,69887.0,freelance,4.7,Moscow,partner,consumer,160000,48,20.1,4877.0,631.0,1,40.3,40,0
669,27962,2023-06-24,56,F,69626.0,employed,37.0,Siberia,branch,car,390000,48,15.3,10913.0,635.0,2,52.8,23,0
670,29295,2024-08-10,52,F,56200.0,freelance,33.5,SPb,online,consumer,170000,36,21.4,6440.0,489.0,1,55.6,0,0
671,14807,2024-05-09,20,F,77573.0,employed,0.0,SPb,branch,education,180000,12,14.4,16196.0,711.0,3,31.6,0,0
672,43348,2023-04-24,19,F,103321.0,employed,0.0,Moscow,partner,renovation,560000,24,18.6,28120.0,563.0,1,58.6,20,0
673,27432,2023-04-21,25,F,88897.0,employed,6.1,Moscow,branch,consumer,370000,60,20.3,9865.0,582.0,0,58.0,29,0
674,84285,2024-03-14,32,F,71132.0,freelance,11.0,South,partner,education,230000,60,17.3,5753.0,573.0,0,47.9,30,0
675,92792,2024-12-15,20,F,60125.0,freelance,1.3,South,branch,consumer,250000,36,20.6,9368.0,524.0,0,63.3,225,1
676,58854,2023-05-27,21,F,47675.0,self_employed,1.0,South,branch,car,440000,36,16.0,15469.0,544.0,1,61.9,25,0
677,41262,2023-02-04,26,F,91949.0,employed,7.4,SPb,online,car,740000,48,12.7,19742.0,752.0,0,49.9,8,0
678,38080,2023-11-05,35,M,107864.0,employed,12.7,Siberia,partner,car,1360000,60,16.8,33653.0,586.0,2,84.8,13,0
679,2324,2024-06-21,34,M,22959.0,unemployed,0.1,Siberia,online,consumer,70000,48,22.0,2205.0,465.0,0,48.6,136,1
680,92267,2023-01-14,27,M,49914.0,self_employed,7.3,Moscow,partner,education,90000,36,17.2,3218.0,552.0,1,41.1,9,0
681,36909,2024-01-09,46,M,62616.0,freelance,23.8,Ural,branch,consumer,220000,12,21.7,20559.0,508.0,1,56.6,10,0
682,90339,2024-07-10,35,M,86609.0,employed,13.8,South,partner,car,900000,48,16.1,25552.0,525.0,1,81.7,191,1
683,20870,2024-03-03,37,F,106811.0,employed,13.0,Moscow,branch,renovation,700000,12,16.5,63677.0,718.0,0,56.8,7,0
684,35578,2024-12-28,42,F,117498.0,employed,23.8,Ural,online,education,290000,12,15.2,26202.0,661.0,2,39.9,11,0
685,73124,2023-08-21,27,F,53453.0,self_employed,1.4,Ural,branch,car,510000,36,15.9,17905.0,601.0,1,61.2,19,0
686,27790,2024-12-05,25,M,40983.0,freelance,7.0,SPb,partner,renovation,300000,48,18.6,8907.0,530.0,4,74.8,31,0
687,26289,2024-07-16,27,F,80215.0,employed,5.0,SPb,partner,consumer,330000,36,20.1,12281.0,569.0,4,59.4,0,0
688,56129,2024-12-26,26,F,74166.0,employed,0.0,SPb,online,renovation,370000,12,15.9,33553.0,670.0,2,49.1,1,0
689,94714,2024-10-24,52,F,96256.0,employed,32.9,Ural,online,renovation,680000,24,17.1,33653.0,663.0,1,76.1,190,1
690,95246,2024-03-15,35,M,103321.0,employed,16.8,Moscow,partner,consumer,420000,24,18.5,21070.0,682.0,1,44.2,14,0
691,16485,2024-05-16,31,M,21376.0,unemployed,0.3,Siberia,partner,consumer,80000,36,22.8,3088.0,420.0,1,66.3,193,1
692,45482,2023-10-02,26,F,88033.0,employed,6.9,Ural,online,consumer,280000,12,18.7,25764.0,667.0,2,46.6,0,0
693,87188,2023-03-17,19,F,45159.0,freelance,0.0,South,partner,consumer,120000,48,20.1,3658.0,642.0,1,59.0,34,0
694,5748,2024-03-14,47,F,77530.0,self_employed,26.8,Moscow,online,car,710000,60,13.7,16410.0,730.0,1,58.6,2,0
695,87769,2024-11-29,44,F,72642.0,freelance,22.1,Moscow,online,education,190000,36,15.5,6633.0,654.0,1,38.9,199,1
696,10435,2023-10-16,35,F,36949.0,unemployed,0.0,SPb,online,car,350000,48,19.0,10465.0,417.0,0,82.8,197,1
697,4709,2024-06-23,28,F,70816.0,self_employed,8.1,Ural,online,car,840000,36,16.0,29532.0,548.0,2,84.3,222,1
698,31355,2024-11-22,35,F,100436.0,freelance,12.9,Moscow,online,education,200000,48,15.2,5586.0,641.0,1,42.4,0,0
699,56771,2023-09-10,35,F,89215.0,employed,16.6,SPb,online,car,730000,36,15.4,25449.0,651.0,2,76.6,172,1
700,58799,2023-05-06,27,M,91738.0,self_employed,7.8,Ural,online,consumer,380000,36,20.7,14258.0,559.0,1,58.0,175,1
701,14116,2023-06-26,28,M,50350.0,freelance,13.9,Moscow,partner,renovation,280000,48,19.5,8446.0,597.0,2,67.0,15,0
702,26470,2023-02-06,29,M,80504.0,employed,7.5,Siberia,online,car,540000,60,14.3,12649.0,661.0,1,51.9,1,0
703,43344,2024-02-14,29,M,87286.0,self_employed,13.9,South,online,education,270000,60,14.7,6381.0,709.0,0,44.1,0,0
704,43918,2024-09-02,35,M,42132.0,freelance,10.4,Moscow,branch,education,160000,36,16.6,5673.0,564.0,2,53.6,29,0
705,53224,2024-09-01,22,M,45833.0,freelance,2.8,Siberia,online,education,130000,24,17.1,6434.0,521.0,0,52.1,15,0
706,40298,2023-05-07,38,F,93408.0,employed,19.2,SPb,branch,consumer,300000,12,19.2,27676.0,656.0,0,52.0,156,1
707,81219,2024-04-27,44,M,94699.0,self_employed,25.0,Ural,online,consumer,240000,48,19.4,7227.0,633.0,2,42.3,0,0
708,62629,2023-06-17,30,M,72729.0,employed,11.0,Siberia,partner,car,440000,24,13.6,21043.0,723.0,1,40.1,6,0
709,67040,2024-08-14,47,F,75965.0,self_employed,28.7,Moscow,online,consumer,300000,60,19.4,7848.0,585.0,0,47.9,0,0
710,29016,2023-10-21,47,F,106468.0,employed,28.6,Siberia,online,car,1150000,48,15.2,32122.0,648.0,1,84.1,0,0
711,24960,2024-09-29,39,F,176895.0,self_employed,20.3,Moscow,online,renovation,950000,60,18.6,24435.0,570.0,3,82.1,14,0
712,34591,2023-12-09,46,F,80394.0,employed,28.0,South,online,car,640000,48,14.7,17715.0,701.0,0,58.8,21,0
713,83848,2023-11-06,22,M,63826.0,employed,3.9,SPb,online,car,500000,36,15.8,17529.0,575.0,1,65.0,90,1
714,68641,2024-10-23,42,M,93211.0,employed,20.4,Moscow,partner,car,890000,48,15.3,24905.0,611.0,3,83.0,0,0
715,37395,2024-06-11,65,M,170669.0,employed,44.1,Moscow,partner,renovation,950000,36,17.3,34012.0,756.0,1,66.0,94,1
716,23700,2024-06-23,26,M,55179.0,self_employed,0.0,Siberia,online,car,550000,36,14.3,18878.0,640.0,0,58.4,7,0
717,35620,2024-02-23,61,M,65598.0,freelance,41.5,Ural,branch,renovation,410000,60,19.9,10840.0,519.0,1,59.4,6,0
718,21559,2024-03-19,41,F,102528.0,employed,21.2,South,branch,education,290000,60,16.4,7114.0,635.0,3,48.1,0,0
719,94045,2024-11-15,45,M,76258.0,employed,26.8,Ural,online,consumer,220000,24,17.8,10962.0,714.0,1,43.8,0,0
720,94396,2024-07-11,32,M,85434.0,employed,13.5,SPb,online,education,200000,36,16.3,7061.0,576.0,3,69.0,9,0
721,62642,2023-08-24,43,M,77470.0,self_employed,21.5,Siberia,branch,consumer,200000,24,19.2,10101.0,649.0,0,29.2,10,0
722,77539,2024-03-14,40,F,86198.0,employed,21.2,Moscow,online,car,1010000,48,14.8,28007.0,696.0,1,78.7,35,0
723,22732,2023-08-02,41,M,93045.0,employed,18.5,Moscow,branch,education,250000,60,14.9,5934.0,686.0,1,37.7,25,0
724,92362,2023-03-26,36,M,143896.0,employed,14.3,Moscow,branch,car,1250000,36,15.2,43454.0,659.0,1,82.6,26,0
725,31354,2023-03-26,30,M,94288.0,employed,7.9,Moscow,online,consumer,260000,36,17.5,9335.0,727.0,3,35.7,15,0
726,14843,2024-05-03,25,M,86359.0,employed,3.5,Moscow,partner,car,660000,24,13.6,31564.0,682.0,1,56.4,39,0
727,72726,2023-03-06,49,M,141093.0,employed,27.3,Moscow,branch,education,440000,24,14.2,21167.0,753.0,3,42.8,32,0
728,18640,2024-10-07,53,M,107460.0,self_employed,32.6,SPb,branch,consumer,370000,48,18.1,10888.0,708.0,3,45.8,27,0
729,53528,2024-10-24,39,M,78352.0,self_employed,17.6,Ural,online,renovation,390000,60,17.7,9840.0,599.0,2,58.3,176,1
730,39413,2024-09-18,26,F,113155.0,employed,5.8,Moscow,branch,renovation,640000,36,16.8,22754.0,670.0,1,54.7,0,0
731,53638,2023-03-05,48,F,88234.0,self_employed,29.3,Ural,branch,education,270000,24,15.8,13194.0,653.0,1,48.7,4,0
732,53736,2023-12-09,25,F,71761.0,employed,6.3,Moscow,branch,consumer,260000,24,18.4,13031.0,707.0,2,49.1,21,0
733,69866,2023-12-18,31,M,19649.0,unemployed,1.0,South,partner,car,350000,36,19.1,12847.0,449.0,0,62.6,137,1
734,20087,2023-06-07,37,M,74698.0,employed,19.0,Moscow,online,consumer,250000,12,20.2,23183.0,588.0,1,57.4,187,1
735,42430,2024-08-11,20,M,54217.0,self_employed,0.0,South,branch,car,550000,36,15.4,19174.0,580.0,0,60.1,14,0
736,25504,2024-05-05,20,M,47077.0,self_employed,1.1,Ural,branch,consumer,90000,24,18.9,4532.0,638.0,0,51.9,9,0
737,8114,2024-10-19,51,M,113754.0,employed,32.8,Siberia,online,consumer,440000,36,18.3,15973.0,689.0,3,61.6,28,0
738,79859,2024-04-07,42,M,27353.0,unemployed,0.6,Moscow,online,education,80000,12,17.1,7300.0,574.0,0,58.8,123,1
739,11975,2023-08-13,19,F,57813.0,employed,0.0,Moscow,branch,car,520000,48,15.2,14525.0,643.0,1,56.8,0,0
740,12023,2023-11-09,26,F,48423.0,self_employed,6.5,South,branch,consumer,150000,24,19.3,7583.0,640.0,4,50.5,0,0
741,22447,2024-09-06,31,F,92248.0,employed,12.1,SPb,branch,car,1010000,48,15.5,28366.0,558.0,2,83.6,0,0
742,91469,2024-04-10,58,M,129699.0,employed,13.0,SPb,branch,car,810000,60,12.8,18347.0,760.0,0,65.6,5,0
743,24959,2023-03-29,44,F,96700.0,self_employed,23.4,South,online,car,820000,36,16.8,29154.0,574.0,1,82.4,113,1
744,67203,2023-10-30,24,M,59813.0,employed,1.7,SPb,online,car,350000,36,14.6,12064.0,647.0,2,49.1,16,0
745,30703,2024-11-10,21,F,48118.0,employed,0.0,Moscow,online,car,430000,48,13.7,11686.0,685.0,2,44.0,12,0
746,10337,2024-03-10,28,M,72614.0,employed,6.3,Ural,online,consumer,230000,24,19.9,11695.0,576.0,2,67.0,4,0
747,47427,2024-11-12,34,M,45306.0,self_employed,16.0,Ural,partner,consumer,200000,24,19.4,10121.0,588.0,0,50.5,10,0
748,62529,2023-05-15,29,F,67861.0,employed,11.0,Siberia,online,renovation,600000,60,18.2,15301.0,604.0,1,67.3,152,1
749,85665,2023-02-19,61,F,106946.0,employed,31.6,South,partner,car,640000,48,14.5,17650.0,696.0,2,67.6,13,0
750,32921,2024-03-07,24,M,47715.0,self_employed,5.1,SPb,partner,education,110000,36,16.7,3905.0,553.0,1,46.4,12,0
751,34307,2023-12-06,21,M,61239.0,employed,2.0,Siberia,partner,consumer,290000,12,20.0,26864.0,576.0,2,50.3,22,0
752,28355,2023-12-13,19,M,59595.0,employed,0.0,SPb,branch,consumer,180000,24,18.2,9004.0,701.0,0,31.7,20,0
753,5835,2024-10-07,31,F,76298.0,employed,10.4,Siberia,online,consumer,200000,24,19.6,10140.0,568.0,2,43.4,7,0
754,21159,2023-12-13,34,F,126271.0,employed,14.1,Moscow,branch,car,1500000,24,14.6,72445.0,702.0,0,83.9,17,0
755,48605,2024-10-10,42,F,65772.0,employed,23.6,Ural,online,consumer,200000,24,17.5,9937.0,674.0,2,37.7,9,0
756,39088,2023-09-02,33,M,31604.0,unemployed,0.2,Moscow,branch,consumer,110000,36,20.4,4110.0,607.0,1,60.1,25,0
757,79752,2023-04-19,67,F,128637.0,employed,45.0,Ural,branch,car,870000,48,16.3,24790.0,602.0,1,81.8,0,0
758,56284,2024-06-16,59,F,70508.0,employed,40.6,Moscow,partner,consumer,260000,60,15.8,6295.0,839.0,0,18.6,0,0
759,58043,2023-03-31,58,M,61949.0,employed,38.3,South,online,consumer,190000,12,17.6,17383.0,703.0,2,41.5,15,0
760,36547,2023-10-23,56,M,103873.0,employed,34.0,Ural,partner,car,760000,48,14.8,21074.0,710.0,0,61.3,31,0
761,98007,2023-04-22,28,F,53739.0,self_employed,2.3,Ural,online,education,110000,60,14.5,2588.0,748.0,0,35.9,3,0
762,83844,2024-08-11,20,F,64634.0,employed,0.0,South,branch,consumer,200000,48,19.2,6001.0,603.0,0,37.1,4,0
763,28532,2023-06-26,51,F,109782.0,employed,13.0,SPb,branch,consumer,360000,24,19.2,18182.0,631.0,0,36.2,0,0
764,35349,2023-12-09,21,F,58290.0,employed,1.7,Ural,online,car,450000,24,15.2,21862.0,642.0,2,61.0,126,1
765,46445,2024-10-21,36,F,67544.0,freelance,10.1,Moscow,branch,consumer,200000,48,19.3,6012.0,618.0,1,48.4,1,0
766,6713,2023-04-11,28,F,61697.0,employed,6.5,Siberia,partner,consumer,220000,48,20.8,6789.0,562.0,1,63.0,6,0
767,57178,2024-09-20,32,M,110129.0,employed,7.5,Moscow,branch,education,350000,24,14.0,16805.0,710.0,1,34.0,0,0
768,50407,2024-08-26,32,M,81981.0,self_employed,13.7,Siberia,branch,renovation,470000,12,17.4,42956.0,609.0,1,57.1,23,0
769,71340,2024-02-05,34,F,67734.0,employed,15.9,South,branch,renovation,420000,60,17.8,10620.0,613.0,1,60.0,20,0
770,51990,2023-01-28,39,F,86769.0,freelance,19.3,SPb,partner,consumer,330000,12,19.9,30554.0,646.0,0,45.6,0,0
771,76672,2024-06-20,26,M,45981.0,self_employed,2.7,South,online,consumer,140000,24,17.0,6922.0,754.0,1,35.2,0,0
772,66545,2023-02-27,39,M,97503.0,employed,19.4,SPb,partner,car,1090000,24,15.5,53110.0,703.0,0,82.1,19,0
773,85791,2024-05-12,32,M,112093.0,employed,7.5,Ural,branch,renovation,510000,12,16.7,46442.0,699.0,3,60.0,0,0
774,59141,2023-10-24,22,M,19686.0,unemployed,0.4,SPb,online,car,350000,36,19.9,12989.0,405.0,5,84.2,138,1
775,24793,2023-05-14,37,M,88234.0,self_employed,18.9,SPb,online,consumer,240000,24,19.1,12110.0,704.0,2,54.2,0,0
776,57570,2023-11-27,43,F,19994.0,unemployed,0.1,South,branch,car,350000,48,17.1,10117.0,570.0,0,68.2,129,1
777,96084,2023-09-06,32,M,78713.0,employed,11.0,South,online,consumer,240000,36,19.7,8883.0,598.0,1,39.9,25,0
778,38892,2024-07-03,48,F,145492.0,employed,28.3,SPb,online,education,450000,36,14.2,15424.0,676.0,0,40.1,30,0
779,2015,2023-03-16,47,F,33832.0,unemployed,0.3,Ural,branch,car,350000,36,18.0,12653.0,514.0,1,78.9,99,1
780,62813,2024-10-15,35,F,79643.0,employed,11.8,Moscow,branch,consumer,300000,60,18.0,7618.0,648.0,0,29.0,43,0
781,28712,2023-06-17,33,M,35975.0,unemployed,0.3,SPb,branch,education,110000,24,19.0,5545.0,515.0,1,44.5,0,0
782,9415,2024-05-17,22,F,73717.0,employed,0.0,Ural,online,education,260000,48,15.3,7276.0,669.0,1,52.9,213,1
783,63292,2023-12-21,42,M,45110.0,unemployed,0.3,Moscow,online,car,480000,36,18.1,17377.0,520.0,0,72.3,185,1
784,24833,2023-08-13,22,M,54912.0,employed,1.1,Ural,online,car,420000,48,15.0,11689.0,653.0,3,55.3,23,0
785,5158,2024-10-25,60,F,93232.0,employed,41.4,Ural,branch,consumer,380000,24,17.4,18861.0,742.0,2,48.8,5,0
786,63680,2024-06-14,24,F,47164.0,freelance,5.1,Ural,online,consumer,170000,24,19.9,8644.0,531.0,3,52.3,13,0
787,21309,2023-05-26,48,M,87264.0,employed,28.2,SPb,branch,car,680000,24,13.5,32488.0,757.0,1,62.2,0,0
788,7970,2023-08-29,39,F,111690.0,employed,19.9,Siberia,online,renovation,450000,36,17.8,16223.0,676.0,0,58.0,19,0
789,73474,2023-12-10,28,F,58482.0,employed,13.0,SPb,partner,car,510000,60,16.2,12456.0,630.0,4,76.5,17,0
790,87704,2023-02-04,59,F,94459.0,self_employed,39.0,SPb,online,car,660000,60,15.3,15805.0,638.0,3,66.9,34,0
791,47540,2024-12-02,57,F,49895.0,unemployed,0.3,Moscow,branch,car,470000,60,16.1,11454.0,591.0,1,79.7,28,0
792,21384,2023-01-01,60,M,113950.0,employed,41.5,Ural,partner,renovation,780000,24,16.0,38191.0,767.0,3,65.3,3,0
793,19017,2023-06-02,38,F,108359.0,employed,19.4,SPb,branch,renovation,840000,24,16.5,41330.0,730.0,1,78.8,182,1
794,76880,2024-03-04,51,M,131755.0,employed,32.9,Moscow,online,consumer,550000,24,18.6,27618.0,687.0,1,66.7,0,0
795,9702,2024-05-22,34,F,86484.0,self_employed,15.9,SPb,branch,education,250000,24,14.5,12062.0,730.0,2,35.3,12,0
796,1384,2023-05-06,28,M,74255.0,employed,8.7,Moscow,online,consumer,220000,48,17.6,6417.0,706.0,1,32.4,0,0
797,1404,2024-05-05,26,M,64900.0,employed,7.5,South,online,car,580000,48,14.1,15878.0,701.0,3,55.2,0,0
798,41943,2024-04-26,31,F,82581.0,employed,5.5,Ural,online,education,290000,48,15.0,8071.0,646.0,1,34.2,0,0
799,48926,2023-12-11,50,M,93284.0,self_employed,31.3,Ural,partner,car,900000,36,15.7,31508.0,640.0,0,78.4,254,1
800,30189,2023-08-09,32,M,83784.0,freelance,13.8,South,online,renovation,550000,36,19.3,20244.0,614.0,3,76.2,21,0
801,13763,2024-12-23,27,M,95209.0,employed,7.4,Moscow,branch,consumer,320000,36,18.4,11633.0,626.0,2,45.8,13,0
802,19384,2023-01-25,28,F,85820.0,employed,9.4,South,partner,car,590000,24,15.2,28663.0,624.0,1,68.8,24,0
803,61100,2024-06-11,43,M,67137.0,self_employed,24.8,Ural,branch,education,150000,48,14.6,4144.0,692.0,1,35.7,11,0
804,99142,2023-07-01,64,M,72657.0,freelance,41.8,South,online,consumer,240000,48,20.0,7303.0,632.0,2,43.0,2,0
805,10860,2024-05-13,44,M,65953.0,employed,23.6,Moscow,online,consumer,250000,48,20.1,7621.0,563.0,2,59.1,169,1
806,81642,2024-10-02,21,M,118404.0,employed,2.8,Moscow,partner,consumer,360000,36,18.8,13160.0,659.0,1,57.7,8,0
807,51612,2023-02-11,29,M,81717.0,employed,9.1,Moscow,online,consumer,350000,12,18.8,32221.0,685.0,2,48.3,1,0
808,24574,2024-04-25,23,F,76331.0,self_employed,4.9,Ural,partner,car,640000,36,16.3,22595.0,601.0,3,74.8,17,0
809,24524,2024-03-14,33,M,80160.0,self_employed,13.7,Moscow,partner,consumer,210000,24,19.9,10678.0,601.0,0,45.6,16,0
810,70172,2024-02-06,36,M,71972.0,employed,16.6,Siberia,branch,car,470000,48,14.9,13057.0,628.0,1,59.7,4,0
811,11916,2024-06-29,35,M,94638.0,employed,11.8,Moscow,online,consumer,320000,48,18.1,9417.0,670.0,1,45.8,17,0
812,5809,2023-12-11,29,M,122147.0,employed,7.0,Moscow,online,car,1020000,48,14.1,27924.0,745.0,0,69.8,16,0
813,33201,2023-02-14,33,M,34423.0,unemployed,0.9,Moscow,branch,consumer,160000,24,22.2,8316.0,486.0,0,54.9,134,1
814,54330,2024-10-07,64,F,101415.0,employed,13.0,Siberia,branch,car,590000,36,14.8,20395.0,663.0,3,81.9,12,0
815,14456,2023-01-21,22,M,23621.0,unemployed,0.1,South,partner,renovation,180000,60,19.9,4759.0,519.0,0,54.8,10,0
816,57397,2024-09-25,60,M,67296.0,self_employed,41.9,South,partner,car,620000,48,15.1,17287.0,629.0,2,67.0,12,0
817,39765,2023-03-11,28,F,143499.0,employed,4.8,Moscow,online,renovation,930000,36,17.1,33203.0,725.0,1,64.1,0,0
818,35816,2023-02-17,67,M,130574.0,employed,45.0,Moscow,online,education,350000,36,14.9,12116.0,699.0,1,43.5,0,0
819,46106,2024-05-05,48,F,31436.0,unemployed,0.7,Ural,branch,renovation,180000,24,19.4,9109.0,550.0,1,58.3,184,1
820,54932,2024-07-04,32,M,63414.0,employed,13.0,Ural,branch,education,160000,24,13.6,7652.0,754.0,2,41.3,2,0
821,18100,2023-10-14,53,M,82373.0,freelance,34.0,SPb,online,consumer,230000,24,20.0,11706.0,647.0,2,61.8,15,0
822,58091,2023-01-10,44,F,113740.0,employed,21.6,South,branch,car,870000,36,13.8,29650.0,709.0,0,75.3,111,1
823,22949,2024-06-25,28,M,60790.0,self_employed,9.6,Moscow,online,consumer,220000,48,18.9,6566.0,637.0,1,42.9,26,0
824,71080,2023-10-01,55,F,86569.0,freelance,34.6,Ural,branch,renovation,620000,36,18.6,22602.0,626.0,0,61.5,0,0
825,38744,2024-08-22,40,F,43664.0,unemployed,0.1,Moscow,online,renovation,270000,36,19.2,9924.0,548.0,2,58.5,212,1
826,46543,2024-01-16,44,F,103904.0,employed,22.0,Ural,branch,consumer,380000,24,18.4,19045.0,658.0,1,54.4,14,0
827,93193,2023-11-25,29,F,97580.0,self_employed,2.8,SPb,branch,car,910000,48,14.9,25280.0,677.0,2,83.7,11,0
828,37187,2024-04-23,29,F,98929.0,employed,11.0,South,online,renovation,840000,36,18.5,30579.0,566.0,2,79.1,126,1
829,8239,2023-01-15,29,F,84982.0,employed,9.7,SPb,online,car,890000,48,14.4,24500.0,697.0,0,62.1,12,0
830,15489,2024-05-30,21,F,100015.0,employed,1.6,South,branch,consumer,430000,12,15.0,38811.0,850.0,0,29.7,56,0
831,59017,2023-07-10,39,M,92144.0,employed,20.9,Moscow,online,consumer,320000,48,19.1,9585.0,674.0,2,42.2,18,0
832,62877,2023-06-17,40,M,89972.0,employed,16.9,Siberia,online,renovation,810000,36,17.3,29000.0,698.0,2,69.0,14,0
833,44125,2024-06-04,26,M,71009.0,employed,4.5,Siberia,branch,consumer,220000,24,18.0,10983.0,661.0,1,45.6,20,0
834,50922,2024-09-12,42,M,37247.0,unemployed,0.0,Siberia,online,car,350000,48,18.2,10318.0,440.0,0,70.7,190,1
835,95074,2023-05-17,55,F,89396.0,self_employed,35.4,Ural,branch,education,190000,24,16.5,9348.0,604.0,0,59.1,0,0
836,33049,2023-06-03,59,M,92486.0,employed,34.2,Ural,branch,consumer,390000,12,18.5,35848.0,667.0,0,60.8,35,0
837,38131,2024-01-23,51,M,53696.0,unemployed,0.1,Ural,partner,renovation,410000,36,22.6,15786.0,336.0,0,83.0,179,1
838,43944,2023-07-28,41,F,109178.0,employed,21.8,South,online,renovation,540000,48,17.1,15610.0,729.0,1,51.8,18,0
839,74963,2023-09-29,39,M,101658.0,employed,11.9,Moscow,online,consumer,240000,36,20.0,8919.0,615.0,1,44.3,0,0
840,25285,2023-05-23,33,M,65993.0,self_employed,14.8,Moscow,partner,education,200000,60,16.8,4949.0,616.0,2,66.5,107,1
841,38626,2024-09-02,31,F,69133.0,employed,8.4,Ural,partner,consumer,160000,36,18.8,5849.0,689.0,3,52.7,0,0
842,43808,2023-03-10,33,F,96758.0,self_employed,11.2,Moscow,branch,consumer,390000,12,18.6,35867.0,695.0,2,61.2,15,0
843,89464,2023-09-04,20,F,77640.0,employed,0.0,Ural,branch,renovation,370000,36,18.2,13414.0,624.0,2,58.0,4,0
844,54871,2023-09-18,31,M,112720.0,employed,12.7,SPb,online,car,1040000,48,13.9,28367.0,784.0,2,74.2,139,1
845,20198,2023-03-20,66,M,141581.0,employed,37.4,Moscow,online,consumer,550000,48,19.7,16649.0,633.0,3,54.7,247,1
846,20758,2024-10-19,33,F,24637.0,unemployed,0.0,Siberia,online,consumer,90000,12,20.1,8341.0,584.0,0,43.0,17,0
847,16254,2024-09-14,56,M,78832.0,self_employed,36.8,Moscow,online,consumer,300000,24,17.5,14905.0,730.0,2,32.9,0,0
848,45238,2024-08-27,26,F,83879.0,self_employed,7.7,Moscow,online,education,330000,48,16.1,9369.0,555.0,0,51.4,182,1
849,2252,2024-06-08,53,F,118879.0,self_employed,34.8,SPb,partner,consumer,380000,48,19.6,11483.0,689.0,5,75.3,17,0
850,40764,2024-09-12,44,M,130705.0,employed,16.0,Moscow,partner,renovation,640000,48,16.6,18335.0,689.0,3,61.7,6,0
851,78709,2023-11-26,49,M,83210.0,self_employed,27.2,South,branch,consumer,290000,24,19.3,14661.0,665.0,1,52.5,25,0
852,38441,2023-07-08,33,M,83873.0,employed,12.9,Ural,online,car,610000,48,16.3,17381.0,582.0,2,68.1,19,0
853,93234,2023-04-05,31,F,56661.0,employed,12.7,South,online,car,490000,36,14.4,16842.0,691.0,1,58.4,0,0
854,54682,2024-09-08,44,M,75104.0,self_employed,23.8,Ural,online,consumer,190000,36,17.6,6831.0,674.0,3,43.2,23,0
855,60494,2023-01-08,36,M,68040.0,employed,16.8,South,partner,consumer,370000,48,19.9,11240.0,586.0,1,54.1,19,0
856,82317,2023-03-08,65,F,92473.0,employed,13.0,Ural,branch,consumer,330000,24,18.4,16539.0,710.0,0,56.7,12,0
857,66215,2024-05-10,31,M,43088.0,freelance,10.1,Moscow,online,car,350000,24,15.1,16987.0,655.0,1,72.4,158,1
858,79587,2023-07-10,42,M,110978.0,self_employed,19.3,Moscow,partner,education,340000,24,15.6,16583.0,698.0,0,38.7,0,0
859,7949,2024-01-01,33,F,76312.0,self_employed,13.9,Ural,branch,education,270000,36,16.6,9573.0,624.0,3,47.5,17,0
860,56393,2024-06-04,19,M,48314.0,employed,0.0,SPb,partner,consumer,190000,24,17.6,9449.0,680.0,0,29.8,6,0
861,74553,2023-04-27,31,F,102799.0,employed,9.8,Moscow,partner,renovation,570000,48,16.2,16212.0,785.0,1,43.9,0,0
862,7941,2023-09-24,21,F,58738.0,self_employed,2.6,Moscow,branch,consumer,230000,24,19.5,11650.0,617.0,0,35.3,7,0
863,26934,2024-09-02,49,M,70716.0,self_employed,25.7,SPb,branch,education,190000,48,15.3,5317.0,610.0,1,45.5,4,0
864,24386,2024-04-29,28,F,80122.0,employed,4.6,Ural,branch,renovation,540000,48,17.3,15666.0,663.0,4,64.9,0,0
865,62886,2024-05-23,32,M,18000.0,unemployed,2.0,South,branch,education,80000,48,19.6,2417.0,441.0,4,80.8,90,1
866,76745,2023-10-25,26,F,22379.0,unemployed,0.5,Moscow,online,consumer,100000,48,22.2,3161.0,503.0,2,58.8,7,0
867,84251,2023-06-13,32,M,110344.0,employed,11.9,SPb,partner,renovation,750000,48,19.1,22465.0,587.0,2,84.2,162,1
868,95456,2024-01-11,37,M,72482.0,freelance,18.7,Ural,branch,renovation,350000,36,18.5,12741.0,630.0,1,51.1,4,0
869,54413,2024-10-14,41,M,127413.0,employed,18.7,Moscow,branch,car,1370000,60,15.3,32808.0,582.0,0,83.8,137,1
870,57800,2023-09-25,43,M,126095.0,employed,23.9,Ural,branch,education,280000,48,16.4,7993.0,634.0,1,40.8,0,0
871,98239,2024-07-02,30,F,51043.0,employed,10.9,Ural,partner,consumer,200000,24,18.4,10024.0,649.0,0,41.4,35,0
872,43318,2023-03-15,34,F,116496.0,self_employed,7.3,SPb,online,education,380000,48,17.0,10965.0,608.0,1,61.8,7,0
873,71173,2024-05-22,43,F,29769.0,unemployed,0.2,Ural,branch,renovation,250000,48,17.6,7292.0,673.0,0,51.1,2,0
874,71390,2023-03-14,37,M,141570.0,freelance,14.3,Moscow,partner,car,920000,48,17.4,26737.0,588.0,1,84.8,104,1
875,53329,2023-11-04,38,M,65215.0,freelance,17.0,SPb,partner,consumer,150000,24,19.4,7590.0,713.0,3,45.5,1,0
876,44088,2023-07-18,63,F,120178.0,employed,43.9,Moscow,online,consumer,430000,24,20.2,21927.0,640.0,1,69.1,10,0
877,40811,2023-05-10,21,M,51783.0,employed,2.6,Ural,branch,renovation,490000,12,19.0,45157.0,517.0,1,64.2,26,0
878,56479,2024-07-25,34,F,71931.0,employed,11.2,SPb,branch,renovation,300000,24,14.7,14503.0,771.0,1,41.0,2,0
879,86392,2024-09-06,35,F,110178.0,employed,12.7,Moscow,branch,education,280000,24,14.5,13510.0,692.0,1,41.0,18,0
880,88369,2024-05-01,22,M,75923.0,self_employed,3.4,Moscow,branch,consumer,250000,48,18.9,7462.0,620.0,0,47.5,0,0
881,20963,2023-05-31,48,F,107653.0,employed,29.1,Moscow,branch,education,350000,60,13.5,8053.0,783.0,2,21.6,3,0
882,56123,2024-10-30,33,F,68694.0,self_employed,10.6,Moscow,partner,renovation,410000,12,17.1,37413.0,626.0,0,50.4,4,0
883,93705,2023-07-25,25,F,62040.0,employed,0.0,Moscow,branch,education,190000,36,15.9,6670.0,649.0,0,40.0,16,0
884,74477,2023-06-28,45,M,115843.0,employed,21.4,SPb,online,consumer,320000,36,17.7,11521.0,725.0,0,31.7,11,0
885,15388,2023-07-16,45,M,71127.0,employed,23.5,Moscow,branch,car,680000,36,15.1,23606.0,682.0,2,68.4,10,0
886,6569,2023-03-30,27,M,47399.0,freelance,1.6,Siberia,branch,consumer,110000,24,20.9,5647.0,535.0,0,50.6,5,0
887,70836,2024-03-09,56,M,119171.0,employed,37.0,SPb,online,car,1100000,48,14.4,30280.0,739.0,2,79.9,20,0
888,37586,2023-07-02,37,M,92524.0,employed,19.0,Ural,branch,renovation,640000,48,17.3,18567.0,668.0,1,53.8,14,0
889,13015,2023-07-28,28,F,108568.0,freelance,8.8,Moscow,partner,consumer,320000,6,20.6,56583.0,658.0,1,54.6,5,0
890,46002,2024-05-07,21,F,34904.0,unemployed,1.1,SPb,branch,consumer,110000,12,21.4,10264.0,536.0,3,59.2,9,0
891,7254,2023-05-10,39,F,113459.0,self_employed,14.6,Ural,branch,car,890000,48,16.5,25451.0,573.0,0,79.3,118,1
892,18144,2024-10-26,46,M,92013.0,employed,27.8,SPb,partner,consumer,270000,24,19.3,13650.0,603.0,2,49.1,3,0
893,25214,2023-01-13,62,F,91041.0,employed,41.9,SPb,partner,consumer,370000,24,17.2,18329.0,746.0,3,36.4,4,0
894,81719,2024-09-25,34,M,19063.0,unemployed,0.5,Siberia,partner,car,350000,36,17.4,12548.0,535.0,0,69.7,0,0
895,72774,2023-04-16,41,F,86776.0,freelance,18.3,Siberia,partner,car,660000,48,17.4,19181.0,531.0,0,78.6,152,1
896,7090,2024-01-10,26,F,63621.0,self_employed,6.6,Ural,partner,consumer,230000,36,21.6,8736.0,510.0,1,66.3,193,1
897,12637,2024-08-04,58,F,63323.0,employed,32.7,South,partner,car,600000,60,15.2,14337.0,599.0,4,76.8,0,0
898,23415,2024-12-07,29,F,110154.0,employed,10.8,Siberia,branch,consumer,390000,48,19.9,11847.0,596.0,2,73.4,9,0
899,25071,2024-11-28,25,F,165214.0,employed,3.0,Moscow,partner,consumer,550000,12,19.6,50844.0,585.0,4,59.1,1,0
900,59243,2023-04-09,40,M,74842.0,self_employed,20.5,Ural,online,renovation,450000,24,18.9,22662.0,635.0,1,64.4,0,0
901,42240,2024-08-16,30,M,68018.0,employed,11.1,Ural,online,renovation,390000,36,16.9,13885.0,637.0,2,47.9,9,0
902,84807,2024-08-09,44,M,22991.0,unemployed,0.4,Ural,branch,consumer,90000,24,21.7,4656.0,508.0,1,66.5,35,0
903,34434,2023-07-11,29,M,48971.0,employed,9.0,Siberia,online,consumer,190000,6,19.0,33444.0,659.0,1,39.7,0,0
904,70724,2023-11-21,19,F,71480.0,self_employed,0.0,SPb,online,consumer,300000,24,20.3,15313.0,623.0,3,64.3,2,0
905,76697,2024-12-26,25,M,92081.0,employed,13.0,Moscow,partner,consumer,420000,48,18.9,12536.0,642.0,0,53.5,2,0
906,29732,2024-04-11,29,F,84145.0,employed,7.8,Ural,branch,car,770000,60,14.4,18077.0,648.0,1,84.5,19,0
907,12314,2024-01-02,59,M,83323.0,employed,40.8,Siberia,branch,education,240000,48,14.6,6631.0,733.0,1,27.5,0,0
908,24954,2023-11-14,27,M,55928.0,freelance,6.3,Siberia,online,consumer,230000,24,21.6,11887.0,581.0,0,51.6,13,0
909,58108,2023-05-24,31,F,82542.0,self_employed,9.3,Moscow,online,consumer,220000,60,20.3,5865.0,583.0,0,41.4,0,0
910,88044,2024-01-19,32,M,97296.0,employed,13.8,Ural,partner,consumer,310000,24,21.6,16021.0,533.0,0,67.6,0,0
911,88505,2023-08-04,48,F,98810.0,freelance,26.8,Moscow,branch,education,290000,24,16.7,14296.0,641.0,1,50.8,36,0
912,37668,2023-12-27,41,F,86870.0,employed,13.0,Siberia,branch,consumer,350000,24,20.7,17933.0,525.0,0,56.8,33,0
913,24061,2023-11-20,32,M,18000.0,unemployed,0.2,Siberia,online,consumer,90000,24,22.6,4696.0,441.0,0,59.7,0,0
914,80252,2023-01-15,31,M,26002.0,unemployed,0.1,Ural,online,consumer,90000,12,21.2,8389.0,563.0,0,53.7,23,0
915,40749,2023-08-05,42,M,32332.0,unemployed,0.3,Ural,branch,car,350000,48,17.3,10154.0,540.0,1,66.9,176,1
916,17907,2024-05-06,42,F,84670.0,employed,19.2,Siberia,branch,renovation,600000,60,16.6,14783.0,645.0,1,52.1,0,0
917,19777,2024-06-30,25,F,107461.0,employed,5.5,Moscow,online,consumer,310000,12,19.4,28628.0,590.0,1,59.8,0,0
918,94229,2023-07-02,32,M,26246.0,unemployed,0.4,Siberia,partner,consumer,120000,24,24.8,6393.0,377.0,1,77.8,246,1
919,52745,2023-09-27,41,F,137962.0,employed,22.1,Moscow,partner,consumer,470000,36,18.7,17157.0,713.0,3,48.7,0,0
920,92865,2024-04-11,26,M,60733.0,employed,6.9,SPb,online,consumer,160000,24,19.3,8089.0,620.0,1,41.8,0,0
921,82818,2024-09-03,49,F,88036.0,freelance,28.9,SPb,partner,education,250000,60,15.1,5961.0,681.0,0,45.7,25,0
922,24624,2024-06-02,35,F,69209.0,employed,16.5,Siberia,branch,car,590000,36,14.2,20222.0,608.0,2,61.0,10,0
923,24321,2024-06-25,23,F,54537.0,self_employed,3.6,Moscow,online,consumer,210000,24,19.5,10637.0,606.0,4,60.3,9,0
924,11488,2024-04-11,46,F,72640.0,freelance,26.9,Moscow,online,consumer,200000,12,18.8,18412.0,657.0,0,59.3,11,0
925,23574,2023-11-01,44,M,50424.0,freelance,25.2,Ural,partner,renovation,370000,36,19.5,13656.0,588.0,0,60.6,22,0
926,6240,2023-05-24,51,F,103315.0,employed,31.0,SPb,branch,car,910000,36,15.5,31769.0,613.0,1,82.9,178,1
927,44221,2023-04-21,34,M,85908.0,employed,10.5,Moscow,online,car,530000,48,14.7,14670.0,697.0,0,51.7,15,0
928,11478,2023-08-20,21,F,37984.0,employed,2.2,Ural,branch,renovation,260000,36,18.8,9504.0,556.0,3,52.0,140,1
929,56645,2024-11-21,41,M,63890.0,employed,19.8,Moscow,online,renovation,290000,48,16.5,8293.0,709.0,1,68.1,4,0
930,20262,2024-08-06,50,F,97521.0,employed,31.1,Siberia,partner,consumer,300000,48,19.8,9097.0,590.0,2,63.6,0,0
931,53796,2024-12-22,44,F,89032.0,employed,25.5,Ural,partner,consumer,260000,12,19.0,23961.0,562.0,2,53.4,12,0
932,5432,2024-08-14,22,F,79421.0,employed,0.0,Moscow,online,education,230000,24,13.9,11032.0,656.0,0,35.2,8,0
933,96257,2024-05-14,36,M,97784.0,employed,15.0,SPb,branch,consumer,270000,36,19.2,9924.0,593.0,1,43.0,0,0
934,65291,2024-08-17,34,F,66518.0,freelance,15.7,Moscow,partner,car,520000,48,15.0,14472.0,658.0,2,52.1,29,0
935,80104,2024-07-07,21,F,66813.0,employed,0.0,Ural,branch,education,150000,36,14.6,5170.0,655.0,0,43.1,0,0
936,60399,2023-09-30,47,F,76103.0,employed,28.4,Ural,partner,consumer,170000,60,18.9,4401.0,718.0,1,42.9,10,0
937,80714,2024-12-03,38,M,57011.0,self_employed,13.4,SPb,branch,car,400000,24,14.3,19262.0,666.0,3,53.1,25,0
938,51428,2023-06-22,49,M,94390.0,freelance,30.1,SPb,online,renovation,540000,48,18.3,15947.0,669.0,5,83.9,19,0
939,88731,2023-01-07,56,M,73713.0,employed,33.1,Siberia,online,consumer,210000,60,19.3,5482.0,644.0,2,50.3,33,0
940,1302,2023-06-04,34,M,78956.0,self_employed,15.3,Ural,branch,consumer,230000,24,20.9,11807.0,528.0,1,46.9,41,0
941,83558,2024-06-05,33,M,106375.0,employed,12.5,Ural,partner,consumer,220000,36,17.9,7942.0,696.0,1,42.9,11,0
942,1055,2024-06-29,43,M,113084.0,employed,17.7,Moscow,online,consumer,390000,12,17.4,35644.0,711.0,2,36.3,23,0
943,9717,2024-07-01,39,M,23000.0,unemployed,0.1,Siberia,branch,car,350000,48,16.7,10045.0,543.0,4,79.4,214,1
944,29699,2024-06-01,33,M,30281.0,unemployed,0.4,SPb,branch,renovation,200000,48,18.7,5948.0,601.0,0,60.6,0,0
945,74686,2023-08-03,27,M,90637.0,self_employed,6.6,SPb,online,renovation,730000,12,19.3,67379.0,563.0,0,77.3,154,1
946,68661,2023-05-14,30,F,67884.0,self_employed,11.4,South,branch,car,880000,60,15.5,21167.0,667.0,1,74.3,0,0
947,45247,2023-10-12,44,M,80890.0,freelance,22.1,Moscow,online,consumer,340000,24,19.9,17288.0,679.0,2,48.1,11,0
948,17748,2023-05-06,28,M,23112.0,unemployed,0.1,Moscow,online,education,80000,60,16.9,1984.0,629.0,4,53.8,197,1
949,5621,2024-03-14,23,M,85722.0,employed,3.7,SPb,branch,consumer,410000,24,18.3,20528.0,684.0,1,43.4,0,0
950,16034,2024-11-16,30,F,58038.0,self_employed,8.3,SPb,branch,renovation,510000,48,17.5,14848.0,623.0,1,56.4,18,0
951,6126,2023-06-01,37,F,93429.0,employed,18.2,Ural,online,renovation,550000,24,17.3,27273.0,664.0,1,63.2,118,1
952,6122,2023-11-27,48,M,81376.0,employed,22.5,SPb,branch,consumer,280000,48,18.5,8298.0,701.0,2,46.6,4,0
953,19030,2024-06-21,37,M,143999.0,employed,17.7,Siberia,branch,consumer,500000,36,18.7,18252.0,651.0,1,55.0,16,0
954,83838,2024-01-18,19,F,41136.0,freelance,0.0,Siberia,branch,car,350000,48,17.5,10190.0,489.0,1,65.5,136,1
955,85717,2023-04-25,31,M,73735.0,freelance,12.1,Siberia,online,renovation,400000,36,17.4,14341.0,664.0,1,49.2,38,0
956,56658,2024-04-26,19,M,64446.0,freelance,13.9,SPb,branch,car,450000,24,15.6,21947.0,603.0,0,52.8,131,1
957,39638,2023-10-11,38,M,128122.0,employed,19.9,SPb,partner,renovation,830000,12,19.2,76569.0,626.0,1,82.9,126,1
958,68067,2023-03-16,35,M,57367.0,employed,15.9,Siberia,partner,renovation,390000,24,19.2,19697.0,555.0,1,54.1,0,0
959,89869,2023-06-15,23,F,69212.0,employed,4.7,Moscow,branch,car,560000,48,15.2,15642.0,598.0,0,53.0,0,0
960,35674,2023-07-08,31,M,98326.0,employed,11.2,South,branch,car,710000,36,14.7,24508.0,668.0,2,67.1,25,0
961,36854,2023-03-19,23,F,20473.0,unemployed,1.0,Ural,partner,consumer,80000,24,20.6,4095.0,599.0,2,53.0,19,0
962,47271,2024-08-24,53,F,129107.0,employed,33.7,Siberia,online,education,340000,48,15.3,9514.0,614.0,1,46.0,189,1
963,74688,2024-11-18,33,F,35606.0,freelance,3.1,Siberia,partner,car,350000,24,16.3,17187.0,543.0,0,53.0,13,0
964,39518,2023-01-21,26,M,74125.0,employed,7.2,SPb,online,consumer,230000,48,18.5,6816.0,686.0,1,54.2,23,0
965,11267,2024-07-19,50,M,133467.0,employed,27.3,Moscow,branch,consumer,330000,12,17.3,30145.0,693.0,1,37.3,0,0
966,91825,2023-07-03,24,M,58286.0,self_employed,4.2,South,partner,consumer,190000,36,20.5,7110.0,574.0,0,57.9,15,0
967,2062,2023-08-10,30,M,100989.0,employed,10.8,SPb,online,consumer,360000,24,19.0,18147.0,634.0,0,42.0,24,0
968,51448,2023-11-24,31,F,76220.0,employed,12.3,SPb,online,consumer,230000,48,18.9,6865.0,656.0,0,48.1,46,0
969,96462,2023-06-28,24,M,73688.0,employed,3.0,South,branch,car,920000,12,15.4,83211.0,623.0,4,84.4,91,1
970,7229,2023-04-22,49,F,52491.0,self_employed,29.8,South,branch,car,440000,48,14.1,12046.0,713.0,1,46.5,21,0
971,57793,2024-12-26,19,M,18000.0,unemployed,0.0,Moscow,branch,renovation,180000,36,19.9,6680.0,514.0,2,80.9,160,1
972,48915,2023-02-28,66,F,65081.0,freelance,37.6,Moscow,branch,consumer,180000,24,18.4,9021.0,689.0,2,43.9,28,0
973,5632,2023-11-23,43,F,41376.0,unemployed,1.1,Moscow,online,renovation,320000,36,20.3,11941.0,508.0,2,79.6,132,1
974,4596,2024-09-12,36,M,74453.0,freelance,17.6,SPb,branch,renovation,330000,48,18.8,9832.0,583.0,1,63.5,141,1
975,7168,2024-10-30,28,M,68699.0,freelance,8.9,Ural,partner,consumer,260000,6,21.4,46078.0,492.0,1,66.6,207,1
976,8561,2023-07-10,22,M,59551.0,self_employed,2.1,Moscow,branch,consumer,180000,12,20.0,16674.0,613.0,0,41.1,0,0
977,74794,2023-07-19,38,M,80444.0,employed,18.9,Moscow,partner,consumer,310000,48,19.1,9285.0,703.0,3,46.9,0,0
978,83152,2023-11-08,32,M,70302.0,employed,3.4,SPb,partner,renovation,340000,48,17.9,9970.0,665.0,2,70.7,7,0
979,27734,2024-12-08,47,M,96218.0,freelance,24.5,Moscow,branch,education,310000,36,14.6,10686.0,738.0,0,43.5,11,0
980,7371,2023-02-04,32,M,54120.0,employed,3.8,South,branch,consumer,160000,48,19.3,4809.0,598.0,2,51.4,26,0
981,27069,2024-01-14,23,F,63543.0,employed,3.6,Ural,online,car,360000,36,14.8,12444.0,640.0,0,55.8,12,0
982,80905,2024-01-22,19,M,31368.0,unemployed,0.5,Siberia,online,car,350000,48,19.1,10484.0,397.0,1,73.8,150,1
983,13910,2023-08-25,28,M,53569.0,employed,8.4,South,branch,consumer,160000,12,18.6,14715.0,651.0,0,39.0,29,0
984,74479,2024-09-07,43,M,44446.0,unemployed,0.5,SPb,branch,consumer,150000,36,20.9,5644.0,520.0,1,57.8,158,1
985,78735,2024-06-02,32,M,112461.0,self_employed,13.9,SPb,branch,consumer,310000,36,17.9,11192.0,703.0,1,39.1,43,0
986,82264,2023-10-10,48,M,137694.0,employed,23.6,South,online,consumer,390000,36,18.6,14217.0,657.0,1,54.9,15,0
987,24275,2023-01-01,21,F,78504.0,self_employed,1.1,Siberia,branch,consumer,190000,24,19.0,9578.0,656.0,1,53.0,0,0
988,73274,2024-04-08,43,M,43404.0,freelance,24.0,Siberia,online,car,500000,48,15.4,14017.0,600.0,0,64.1,41,0
989,82449,2023-08-18,54,M,88480.0,employed,34.8,Ural,branch,car,990000,48,15.7,27905.0,668.0,0,82.1,21,0
990,61004,2023-06-21,19,M,43800.0,freelance,0.0,SPb,online,renovation,280000,60,18.9,7248.0,602.0,2,52.6,12,0
991,63981,2023-03-28,42,M,55627.0,freelance,21.5,South,partner,consumer,190000,36,19.9,7051.0,592.0,0,50.3,6,0
992,85659,2024-07-06,35,M,60904.0,employed,15.0,Siberia,partner,consumer,200000,12,18.7,18403.0,612.0,1,43.4,0,0
993,55553,2023-05-03,26,F,45535.0,employed,7.3,Ural,branch,consumer,130000,24,17.8,6478.0,713.0,2,20.1,0,0
994,49447,2023-10-25,42,M,101184.0,employed,17.8,Moscow,partner,renovation,410000,24,16.5,20173.0,712.0,2,45.9,10,0
995,35529,2024-11-20,56,M,119128.0,employed,33.4,Moscow,online,renovation,790000,48,17.1,22836.0,662.0,3,70.4,36,0
996,76703,2024-07-28,34,F,82997.0,employed,15.5,Ural,partner,consumer,240000,24,20.0,12215.0,563.0,2,55.2,194,1
997,77090,2024-04-28,24,M,73785.0,self_employed,4.6,Moscow,online,consumer,220000,12,20.1,20390.0,610.0,4,69.5,0,0
998,18260,2023-06-14,45,M,207142.0,employed,24.7,Moscow,online,renovation,900000,36,15.9,31597.0,774.0,0,59.3,17,0
999,4812,2024-11-29,33,F,63013.0,freelance,13.2,Moscow,online,car,460000,60,15.6,11089.0,651.0,0,63.3,11,0
1000,29024,2024-01-18,37,M,86005.0,employed,17.5,Moscow,branch,car,860000,36,14.7,29686.0,639.0,0,57.3,21,0
1001,59656,2023-07-28,37,F,67401.0,employed,15.2,Siberia,branch,car,530000,36,16.5,18764.0,568.0,0,67.2,3,0
1002,28285,2024-03-07,34,M,97787.0,self_employed,15.8,Moscow,branch,renovation,810000,24,17.3,40165.0,674.0,0,69.1,152,1
1003,93436,2024-01-24,21,M,57514.0,freelance,1.1,South,partner,consumer,220000,36,21.5,8345.0,508.0,1,72.7,20,0
1004,2605,2024-07-13,22,M,89757.0,employed,3.1,Moscow,partner,consumer,420000,24,19.7,21315.0,599.0,3,65.8,4,0
1005,72158,2023-08-12,32,M,66636.0,employed,13.7,Siberia,partner,consumer,230000,36,19.6,8501.0,578.0,1,44.3,30,0
1006,73303,2023-01-03,23,M,63811.0,freelance,3.1,Siberia,partner,car,730000,36,16.8,25954.0,552.0,3,77.9,170,1
1007,28139,2024-01-07,59,M,151880.0,employed,13.0,Siberia,partner,education,450000,36,15.4,15688.0,649.0,1,47.7,25,0
1008,78149,2024-11-17,61,F,107193.0,employed,42.1,South,online,consumer,350000,24,18.2,17507.0,658.0,1,53.9,13,0
1009,57138,2024-03-21,30,F,66082.0,employed,9.9,SPb,branch,education,220000,36,14.0,7519.0,730.0,3,31.6,12,0
1010,77125,2024-09-02,45,M,76315.0,freelance,16.1,South,online,renovation,410000,36,16.6,14536.0,714.0,1,41.9,8,0
1011,14918,2023-04-26,29,F,104630.0,employed,7.5,Moscow,online,consumer,510000,24,18.0,25461.0,730.0,0,47.2,17,0
1012,86655,2023-09-27,31,F,65427.0,self_employed,12.0,South,branch,car,530000,36,14.8,18321.0,684.0,1,45.8,7,0
1013,28446,2024-03-22,46,F,80381.0,self_employed,26.6,SPb,online,consumer,300000,60,18.8,7749.0,682.0,3,46.4,36,0
1014,14046,2024-01-03,32,M,46340.0,unemployed,0.6,Moscow,branch,consumer,170000,24,22.4,8853.0,504.0,0,80.4,187,1
1015,25818,2023-09-10,21,F,51896.0,employed,2.5,Siberia,branch,consumer,210000,24,17.9,10474.0,716.0,2,34.2,1,0
1016,5324,2023-11-13,54,M,95867.0,employed,35.5,Siberia,online,consumer,300000,36,19.0,10997.0,700.0,2,42.3,10,0
1017,77323,2024-02-19,56,M,198754.0,employed,37.5,Moscow,branch,renovation,950000,60,16.6,23406.0,703.0,1,60.1,141,1
1018,10111,2023-04-05,30,M,84322.0,employed,9.8,Siberia,online,education,280000,48,16.9,8065.0,593.0,0,58.9,38,0
1019,39110,2023-01-24,26,F,92697.0,self_employed,4.6,Moscow,branch,car,1010000,48,17.4,29353.0,491.0,0,81.0,214,1
1020,17389,2024-09-19,67,F,84183.0,self_employed,13.9,Moscow,online,car,640000,60,14.6,15092.0,648.0,1,60.8,159,1
1021,42427,2024-10-24,35,F,58153.0,freelance,5.6,Siberia,branch,car,590000,36,15.7,20655.0,577.0,2,68.6,161,1
1022,80579,2023-02-19,35,M,70913.0,freelance,16.6,Moscow,online,renovation,460000,36,18.8,16815.0,567.0,1,81.4,3,0
1023,29746,2024-05-16,23,F,21490.0,unemployed,0.0,Moscow,partner,consumer,100000,36,21.3,3783.0,527.0,1,64.2,120,1
1024,88886,2024-12-18,37,M,118446.0,employed,17.1,South,partner,consumer,300000,24,18.3,15021.0,650.0,2,47.2,2,0
1025,1117,2024-05-12,20,M,27523.0,unemployed,0.3,Ural,partner,consumer,120000,36,22.1,4589.0,452.0,0,61.6,168,1
1026,85471,2023-12-01,45,M,77750.0,employed,18.4,SPb,partner,car,660000,12,14.8,59508.0,707.0,5,65.2,0,0
1027,14234,2023-03-20,34,M,72786.0,self_employed,14.1,Ural,online,renovation,320000,24,17.1,15837.0,697.0,0,36.1,8,0
1028,54441,2024-08-04,58,F,89511.0,employed,38.7,Ural,partner,consumer,270000,48,17.8,7903.0,728.0,3,49.3,14,0
1029,1846,2023-01-27,37,M,70305.0,freelance,18.3,South,online,car,560000,60,15.9,13588.0,633.0,1,55.2,4,0
1030,11954,2023-09-28,53,F,104628.0,employed,34.1,Ural,branch,consumer,400000,24,19.3,20222.0,679.0,3,45.9,17,0
1031,80239,2024-07-15,47,M,39884.0,freelance,17.4,Siberia,online,renovation,200000,12,17.9,18326.0,599.0,0,65.9,0,0
1032,47514,2023-09-04,19,M,25464.0,unemployed,0.0,Moscow,branch,car,350000,36,19.1,12847.0,420.0,2,78.7,145,1
1033,89236,2024-08-13,28,F,91227.0,self_employed,0.0,SPb,branch,car,940000,48,16.4,26833.0,525.0,2,84.8,21,0
1034,98579,2024-01-22,21,M,29973.0,freelance,1.8,Ural,online,renovation,230000,12,17.9,21075.0,623.0,1,51.5,0,0
1035,7469,2024-12-02,57,F,127953.0,employed,38.2,Ural,branch,car,1190000,48,13.9,32459.0,711.0,1,75.0,7,0
1036,31105,2024-07-12,32,F,98412.0,employed,13.4,Moscow,branch,consumer,290000,36,19.1,10645.0,585.0,3,63.7,33,0
1037,43101,2023-12-27,43,M,30007.0,unemployed,0.7,South,partner,renovation,180000,48,22.3,5700.0,472.0,0,69.5,112,1
1038,65323,2024-05-02,34,F,83955.0,self_employed,15.2,Moscow,branch,renovation,600000,36,18.4,21812.0,580.0,1,80.1,9,0
1039,92922,2023-12-18,20,M,92035.0,self_employed,0.0,Moscow,partner,consumer,260000,48,20.4,7967.0,591.0,1,53.1,15,0
1040,59067,2024-12-01,26,F,89859.0,employed,7.2,Moscow,online,education,250000,36,15.5,8728.0,623.0,3,65.3,35,0
1041,50376,2023-09-13,29,M,86237.0,employed,5.6,Siberia,partner,consumer,310000,6,20.8,54846.0,551.0,0,48.3,0,0
1042,46587,2023-08-10,41,M,107206.0,employed,17.6,Moscow,online,consumer,440000,48,19.3,13226.0,625.0,3,47.6,44,0
1043,37976,2023-01-01,51,M,94481.0,employed,32.0,South,online,consumer,390000,12,19.0,35941.0,659.0,1,50.3,15,0
1044,68584,2024-06-29,24,M,72074.0,employed,1.8,South,online,education,220000,48,16.2,6257.0,623.0,0,53.2,32,0
1045,79477,2024-03-21,45,F,107830.0,employed,21.2,Moscow,partner,consumer,340000,24,18.8,17106.0,701.0,0,44.2,6,0
1046,43533,2023-03-20,43,F,112345.0,employed,22.3,SPb,branch,education,370000,48,14.4,10185.0,672.0,0,35.7,0,0
1047,2828,2023-08-24,24,F,58832.0,self_employed,4.6,Moscow,online,car,620000,60,15.4,14880.0,646.0,1,65.6,8,0
1048,2917,2023-11-30,39,M,84763.0,employed,19.3,SPb,branch,consumer,220000,36,18.3,7987.0,714.0,0,33.4,16,0
1049,21618,2023-12-15,41,F,81949.0,self_employed,18.4,Ural,partner,car,540000,36,15.3,18799.0,669.0,2,68.3,31,0
1050,33254,2023-04-08,37,M,35674.0,unemployed,0.9,Siberia,online,education,130000,36,18.8,4752.0,466.0,0,60.9,141,1
1051,48362,2023-03-23,51,F,134669.0,employed,31.8,Moscow,branch,car,1470000,24,13.7,70371.0,781.0,0,82.9,12,0
1052,21128,2024-05-16,33,F,31818.0,freelance,14.5,South,online,consumer,100000,60,19.9,2644.0,557.0,0,43.4,0,0
1053,60383,2024-04-21,30,M,27455.0,unemployed,0.3,South,online,consumer,110000,12,20.9,10237.0,600.0,0,50.1,29,0
1054,66545,2024-12-04,26,F,89858.0,employed,7.7,Ural,online,consumer,200000,36,17.2,7150.0,715.0,0,28.7,0,0
1055,83180,2024-07-03,32,M,65574.0,employed,12.8,SPb,branch,consumer,180000,24,17.6,8952.0,673.0,0,42.4,3,0
1056,88958,2023-01-14,24,F,91612.0,employed,13.0,Ural,online,consumer,300000,36,19.7,11103.0,622.0,4,62.5,28,0
1057,10865,2024-01-27,20,F,77374.0,self_employed,1.1,Moscow,branch,car,830000,60,16.7,20494.0,543.0,0,81.2,19,0
1058,3219,2023-12-13,42,F,58474.0,employed,23.7,Siberia,partner,consumer,150000,36,19.9,5567.0,637.0,2,47.3,0,0
1059,40809,2023-11-06,22,F,79093.0,employed,1.8,SPb,online,consumer,240000,36,20.5,8981.0,600.0,2,43.3,0,0
1060,6287,2024-01-21,44,M,82522.0,self_employed,20.0,Moscow,branch,consumer,250000,36,18.4,9088.0,718.0,1,34.7,14,0
1061,35387,2023-07-28,37,F,106463.0,employed,17.8,SPb,partner,education,360000,48,15.2,10056.0,701.0,3,46.7,9,0
1062,9512,2023-12-23,37,M,31082.0,unemployed,0.1,Moscow,branch,car,370000,60,19.3,9659.0,436.0,1,81.2,149,1
1063,2342,2024-08-23,62,M,64217.0,employed,43.0,Ural,partner,renovation,310000,12,16.2,28156.0,693.0,1,36.3,30,0
1064,64076,2024-07-21,56,F,28288.0,unemployed,0.5,Ural,online,consumer,100000,12,20.3,9278.0,576.0,2,54.6,18,0
1065,20216,2023-04-04,26,F,95415.0,employed,5.7,SPb,online,consumer,210000,24,19.5,10637.0,640.0,2,46.4,0,0
1066,94070,2023-04-03,27,F,94572.0,employed,8.6,SPb,branch,renovation,910000,36,19.5,33587.0,515.0,0,81.2,183,1
1067,80767,2023-12-06,49,M,89369.0,employed,27.3,South,online,renovation,590000,36,18.8,21567.0,540.0,1,70.2,4,0
1068,98829,2024-08-19,34,F,38327.0,unemployed,1.0,Ural,branch,consumer,100000,6,20.7,17687.0,560.0,2,74.6,180,1
1069,27614,2024-03-20,55,F,130464.0,employed,36.8,Siberia,partner,car,910000,60,14.4,21363.0,708.0,1,54.1,8,0
1070,37258,2023-01-22,40,M,82992.0,self_employed,21.1,Ural,branch,consumer,240000,12,20.3,22267.0,562.0,2,51.0,16,0
1071,94789,2023-10-18,34,M,76991.0,freelance,15.4,Moscow,online,consumer,310000,12,19.9,28702.0,650.0,1,48.1,11,0
1072,43078,2024-04-29,33,F,76573.0,self_employed,12.2,Moscow,online,renovation,460000,36,17.9,16607.0,634.0,0,69.0,0,0
1073,84524,2023-11-02,29,F,76879.0,employed,9.0,SPb,partner,education,240000,24,17.3,11901.0,623.0,1,47.7,4,0
1074,97573,2024-09-25,47,F,35742.0,unemployed,0.9,South,online,consumer,100000,24,21.1,5143.0,558.0,1,55.3,31,0
1075,13219,2023-05-08,34,M,71774.0,freelance,13.9,Ural,online,car,600000,36,16.9,21362.0,593.0,2,78.3,22,0
1076,1235,2024-09-16,29,F,164496.0,employed,9.4,South,branch,renovation,850000,60,17.6,21400.0,599.0,2,82.2,20,0
1077,43929,2023-09-30,20,F,55701.0,self_employed,0.0,Moscow,branch,renovation,250000,60,17.6,6294.0,651.0,1,40.9,21,0
1078,68444,2024-03-17,27,M,18000.0,unemployed,0.1,Siberia,online,car,350000,48,18.7,10410.0,451.0,2,74.0,194,1
1079,9567,2024-05-17,33,F,18000.0,unemployed,1.7,Moscow,branch,car,350000,60,17.0,8698.0,546.0,3,82.9,131,1
1080,71792,2023-05-10,35,M,77868.0,employed,13.6,Ural,partner,car,700000,60,16.8,17322.0,526.0,0,83.4,236,1
1081,66441,2023-05-12,28,M,64688.0,freelance,0.2,Moscow,online,consumer,290000,24,20.7,14859.0,592.0,2,58.7,195,1
1082,85555,2024-08-19,50,M,124940.0,employed,30.4,Siberia,branch,car,1280000,60,12.9,29058.0,742.0,2,81.3,21,0
1083,74698,2024-04-26,65,M,122435.0,employed,45.0,SPb,partner,car,1260000,48,15.3,35259.0,607.0,1,83.4,12,0
1084,6415,2024-01-25,27,F,90671.0,employed,8.9,SPb,partner,consumer,340000,24,19.1,17155.0,629.0,0,39.0,0,0
1085,37159,2024-08-15,25,F,45605.0,employed,0.4,Moscow,online,consumer,190000,36,20.4,7100.0,505.0,1,45.8,126,1
1086,44925,2023-11-21,39,M,66836.0,self_employed,13.1,Moscow,online,car,570000,24,14.9,27610.0,698.0,3,67.8,0,0
1087,6951,2023-03-10,39,M,123215.0,employed,16.0,Moscow,online,consumer,450000,60,19.4,11773.0,601.0,0,53.3,26,0
1088,88388,2024-10-21,26,M,65089.0,employed,7.7,Ural,branch,renovation,570000,36,16.5,20180.0,670.0,1,56.2,0,0
1089,9007,2024-03-23,29,F,87186.0,employed,4.1,Moscow,online,consumer,310000,24,19.1,15642.0,591.0,2,56.7,0,0
1090,42832,2024-06-11,33,F,115967.0,employed,14.9,Moscow,online,renovation,710000,36,18.0,25668.0,651.0,3,69.6,186,1
1091,59596,2024-09-08,22,F,26147.0,unemployed,0.5,Ural,branch,renovation,200000,48,19.8,6065.0,502.0,3,65.0,218,1
1092,31523,2023-06-14,49,F,80629.0,freelance,28.9,Moscow,branch,education,260000,36,17.1,9283.0,554.0,2,60.1,193,1
1093,89861,2024-05-02,32,F,108420.0,employed,8.6,Ural,online,car,900000,60,14.6,21222.0,660.0,2,71.9,28,0
1094,87740,2024-12-13,41,M,42262.0,unemployed,0.4,Moscow,branch,consumer,130000,12,20.7,12086.0,567.0,1,57.3,10,0
1095,16524,2024-12-09,34,F,56109.0,employed,11.2,South,branch,car,470000,60,13.2,10742.0,691.0,1,42.0,30,0
1096,20282,2024-03-01,47,F,97398.0,self_employed,22.9,Siberia,online,consumer,250000,6,19.5,44068.0,566.0,0,43.7,0,0
1097,24930,2024-11-27,33,F,28193.0,unemployed,0.4,Ural,branch,consumer,130000,60,21.6,3561.0,506.0,1,53.3,27,0
1098,1077,2023-09-22,35,F,89907.0,employed,12.5,South,branch,renovation,520000,48,16.2,14790.0,776.0,2,58.5,13,0
1099,21611,2024-09-03,42,F,63332.0,self_employed,23.8,South,branch,consumer,240000,12,16.9,21878.0,704.0,2,38.5,29,0
1100,17984,2023-12-08,21,F,92262.0,employed,1.2,SPb,partner,car,630000,24,14.1,30278.0,743.0,0,59.8,11,0
1101,15060,2024-12-26,29,F,108654.0,employed,10.9,Moscow,partner,renovation,680000,12,16.2,61761.0,711.0,1,58.6,18,0
1102,83985,2023-10-05,45,F,104611.0,self_employed,19.6,Moscow,partner,consumer,380000,24,18.7,19100.0,713.0,0,48.4,118,1
1103,85056,2024-11-04,23,F,41409.0,unemployed,0.1,Moscow,online,education,130000,12,19.4,12005.0,445.0,1,68.6,165,1
1104,44303,2024-03-14,21,M,63038.0,employed,2.7,Siberia,partner,consumer,150000,48,18.9,4477.0,656.0,5,52.8,26,0
1105,60207,2023-06-06,26,M,21113.0,unemployed,0.1,Ural,branch,consumer,90000,36,23.5,3507.0,362.0,1,71.0,191,1
1106,76046,2024-02-26,25,F,18000.0,unemployed,0.6,South,online,consumer,70000,48,20.4,2145.0,569.0,3,51.0,0,0
1107,30287,2023-09-08,35,M,91014.0,employed,15.7,SPb,online,car,970000,36,14.1,33199.0,726.0,0,69.1,0,0
1108,94709,2024-08-31,34,M,84819.0,employed,14.2,Siberia,branch,car,650000,60,15.5,15635.0,559.0,2,68.2,0,0
1109,40711,2024-06-13,19,M,87196.0,self_employed,0.6,SPb,branch,education,220000,12,16.6,20023.0,578.0,1,42.7,0,0
1110,12954,2023-11-23,24,F,73219.0,employed,5.4,Ural,partner,car,510000,36,15.3,17754.0,635.0,1,51.8,0,0
1111,74340,2023-04-07,20,M,71827.0,employed,0.0,Ural,partner,renovation,600000,36,18.5,21842.0,624.0,5,76.0,151,1
1112,73101,2024-05-27,19,M,22220.0,unemployed,0.1,Siberia,branch,consumer,80000,36,21.2,3022.0,485.0,1,54.4,204,1
1113,72520,2023-08-04,39,M,71526.0,freelance,18.3,Siberia,online,renovation,520000,36,17.5,18669.0,715.0,3,60.3,12,0
1114,88062,2023-05-12,40,F,115426.0,employed,20.8,Moscow,online,car,1160000,48,15.5,32578.0,676.0,3,83.9,90,1
1115,19574,2023-09-17,21,M,85940.0,self_employed,0.0,SPb,partner,consumer,270000,24,20.8,13848.0,584.0,1,52.5,90,1
1116,10184,2023-05-05,31,M,129249.0,employed,10.3,Moscow,online,renovation,670000,36,17.5,24054.0,627.0,0,64.1,9,0
1117,20096,2023-03-23,32,F,116602.0,employed,10.3,Siberia,online,education,380000,12,14.3,34173.0,736.0,2,48.6,14,0
1118,68728,2023-10-10,30,F,28067.0,unemployed,0.3,Moscow,partner,consumer,80000,24,20.5,4091.0,569.0,4,55.0,0,0
1119,35016,2024-11-13,27,M,52916.0,freelance,8.1,SPb,online,renovation,220000,48,17.1,6359.0,637.0,1,46.5,36,0
1120,12246,2023-02-28,31,F,67143.0,employed,0.0,Siberia,partner,education,230000,60,16.4,5642.0,595.0,3,46.1,0,0
1121,46558,2024-06-27,65,M,119951.0,employed,45.0,SPb,online,consumer,390000,6,16.0,68067.0,803.0,0,33.0,52,0
1122,19381,2023-06-10,56,F,90084.0,self_employed,36.7,Moscow,online,consumer,240000,24,18.5,12040.0,728.0,2,31.7,3,0
1123,37455,2023-10-11,42,M,63588.0,employed,17.8,Ural,online,renovation,270000,48,17.3,7833.0,653.0,2,42.2,0,0
1124,93263,2023-04-16,32,M,61649.0,employed,13.9,South,online,education,190000,24,14.4,9158.0,764.0,1,45.2,0,0
1125,5018,2023-04-15,41,F,158274.0,employed,20.7,Moscow,branch,education,360000,36,15.0,12480.0,686.0,1,41.0,0,0
1126,12302,2024-03-14,53,F,58381.0,self_employed,34.3,Siberia,partner,consumer,180000,24,21.3,9276.0,520.0,1,70.2,183,1
1127,68506,2023-08-16,30,M,103642.0,employed,10.6,Moscow,branch,renovation,660000,24,18.4,33078.0,626.0,2,64.9,22,0
1128,42157,2024-11-30,26,M,65150.0,employed,7.3,SPb,branch,car,560000,60,15.0,13322.0,565.0,2,61.3,212,1
1129,55917,2024-08-04,26,F,74471.0,employed,7.9,SPb,online,consumer,320000,36,18.8,11698.0,631.0,3,39.6,11,0
1130,93738,2023-11-14,38,F,63550.0,employed,18.4,Siberia,online,renovation,380000,24,18.2,19008.0,593.0,3,49.3,143,1
1131,97646,2024-04-08,22,M,88627.0,employed,0.0,South,branch,renovation,570000,60,17.1,14197.0,603.0,0,49.8,21,0
1132,84122,2024-08-21,50,F,135467.0,employed,22.9,Moscow,partner,car,1190000,12,14.6,107183.0,692.0,0,82.6,168,1
1133,25519,2024-04-16,29,M,81388.0,employed,8.1,Siberia,branch,consumer,210000,36,19.3,7730.0,638.0,4,47.1,0,0
1134,97809,2023-02-25,19,M,76163.0,freelance,0.0,SPb,branch,car,400000,60,15.6,9642.0,609.0,1,60.5,148,1
1135,88487,2024-09-16,28,M,67134.0,employed,5.6,South,branch,consumer,240000,24,19.5,12156.0,569.0,1,56.9,0,0
1136,57819,2023-01-13,21,M,66477.0,employed,0.9,Moscow,partner,car,490000,24,15.1,23782.0,639.0,1,58.0,21,0
1137,81910,2024-03-15,36,M,33241.0,unemployed,0.9,Ural,online,education,100000,60,17.8,2528.0,574.0,2,55.0,0,0
1138,72324,2023-01-18,30,M,79875.0,self_employed,11.4,Moscow,branch,consumer,260000,48,20.0,7912.0,614.0,2,57.2,29,0
1139,6408,2024-11-24,43,M,84046.0,self_employed,20.2,South,online,renovation,540000,48,17.9,15834.0,595.0,1,65.8,4,0
1140,60379,2023-04-23,39,M,143695.0,employed,18.9,Moscow,online,consumer,370000,24,19.4,18723.0,680.0,1,50.2,29,0
1141,26053,2023-08-17,29,M,105292.0,employed,1.0,Moscow,partner,consumer,340000,48,19.2,10202.0,651.0,3,58.9,113,1
1142,10446,2023-06-20,38,M,94821.0,self_employed,15.1,Ural,partner,consumer,370000,60,19.8,9762.0,643.0,2,60.9,20,0
1143,1922,2023-10-22,28,F,50434.0,self_employed,8.4,South,branch,car,370000,48,16.0,10486.0,604.0,3,60.1,199,1
1144,99723,2023-07-08,21,M,55643.0,employed,0.0,South,online,car,350000,36,15.4,12202.0,649.0,3,74.2,12,0
1145,52356,2024-03-01,50,F,143572.0,employed,30.2,Moscow,online,consumer,330000,24,18.2,16507.0,722.0,0,48.2,34,0
1146,11789,2023-03-20,24,M,25831.0,unemployed,1.4,SPb,online,car,350000,60,17.0,8698.0,562.0,3,65.3,205,1
1147,98720,2024-10-19,27,M,44594.0,employed,6.8,South,online,car,350000,36,13.9,11945.0,688.0,3,41.9,0,0
1148,67656,2023-07-01,24,F,78968.0,employed,0.0,Moscow,online,education,240000,24,16.3,11786.0,615.0,1,45.3,0,0
1149,45028,2024-05-13,32,F,99028.0,employed,8.2,Siberia,online,consumer,360000,36,20.0,13379.0,536.0,1,53.3,14,0
1150,65484,2024-12-08,32,M,74790.0,freelance,11.4,SPb,partner,renovation,480000,12,19.2,44281.0,529.0,1,63.5,119,1
1151,33154,2023-03-12,25,M,54693.0,freelance,5.6,Ural,branch,consumer,200000,48,20.1,6097.0,593.0,0,55.9,6,0
1152,83870,2023-09-05,25,F,49686.0,freelance,7.0,Ural,online,consumer,140000,36,19.7,5182.0,627.0,1,34.8,8,0
1153,3336,2023-05-26,20,F,90320.0,employed,0.9,Ural,partner,consumer,420000,24,20.0,21376.0,560.0,1,59.0,5,0
1154,68779,2024-09-09,32,F,77151.0,employed,0.2,Ural,branch,consumer,260000,36,18.8,9504.0,585.0,3,37.9,9,0
1155,20029,2023-10-23,50,M,96965.0,employed,28.1,Ural,online,consumer,240000,60,18.1,6107.0,684.0,1,30.8,0,0
1156,60201,2024-08-04,42,M,151685.0,self_employed,20.2,Ural,partner,consumer,420000,12,20.8,39067.0,552.0,4,75.4,4,0
1157,33265,2024-04-14,33,F,76549.0,self_employed,10.7,Ural,online,consumer,280000,60,18.3,7156.0,728.0,2,51.8,6,0
1158,44872,2024-05-20,24,F,18000.0,unemployed,0.4,Siberia,partner,renovation,180000,60,20.3,4799.0,515.0,0,55.6,104,1
1159,47197,2023-07-12,26,F,81142.0,employed,5.4,Siberia,online,car,520000,60,16.2,12701.0,610.0,1,57.4,34,0
1160,56180,2023-03-09,31,F,87219.0,self_employed,11.2,Siberia,online,consumer,300000,12,20.3,27833.0,603.0,2,69.1,3,0
1161,24710,2024-05-08,20,F,46997.0,employed,0.2,South,branch,consumer,180000,12,19.1,16597.0,568.0,0,40.9,90,1
1162,30486,2023-02-21,19,M,74207.0,employed,0.0,SPb,online,consumer,230000,12,19.6,21262.0,648.0,1,39.2,29,0
1163,72907,2023-12-29,37,M,88195.0,employed,17.5,Siberia,partner,car,700000,36,14.8,24197.0,696.0,3,69.0,0,0
1164,72895,2024-04-18,60,F,119594.0,employed,36.5,South,online,education,450000,36,17.5,16156.0,555.0,0,69.8,145,1
1165,65435,2024-06-04,31,M,24739.0,unemployed,0.8,SPb,online,car,350000,36,16.3,12357.0,590.0,0,56.6,8,0
1166,41631,2024-03-06,34,M,65925.0,employed,11.6,Siberia,online,consumer,200000,24,19.2,10101.0,638.0,1,42.9,8,0
1167,21103,2023-10-25,32,M,31051.0,unemployed,1.0,Moscow,partner,consumer,110000,12,23.0,10348.0,490.0,3,80.5,264,1
1168,65772,2024-03-10,26,M,82766.0,employed,7.5,Moscow,branch,consumer,230000,36,17.4,8246.0,732.0,2,23.7,0,0
1169,15382,2024-11-26,45,M,146092.0,employed,25.9,SPb,online,car,860000,36,14.1,29435.0,674.0,2,81.3,22,0
1170,85291,2024-11-21,33,F,59966.0,employed,9.4,Siberia,partner,car,450000,60,15.8,10895.0,584.0,0,53.4,35,0
1171,4756,2023-07-17,32,M,49120.0,employed,7.8,SPb,online,car,560000,48,15.0,15585.0,679.0,2,52.8,14,0
1172,21609,2023-05-08,31,M,96480.0,employed,12.9,Moscow,branch,car,530000,60,14.6,12498.0,633.0,2,57.2,28,0
1173,17478,2024-06-15,27,M,69300.0,employed,7.8,Moscow,partner,renovation,470000,24,17.5,23351.0,639.0,4,66.9,161,1
1174,40666,2024-02-15,29,M,99639.0,employed,5.3,Moscow,partner,consumer,290000,48,20.2,8856.0,600.0,0,44.3,0,0
1175,76683,2023-03-06,22,F,18019.0,unemployed,0.1,Ural,online,consumer,70000,36,23.5,2728.0,398.0,1,60.3,192,1
1176,72315,2024-11-24,19,F,92957.0,self_employed,0.0,Moscow,online,renovation,550000,60,18.5,14116.0,564.0,1,72.3,49,0
1177,78834,2023-08-29,34,M,34118.0,freelance,14.0,South,online,car,350000,48,16.7,10045.0,618.0,2,51.1,180,1
1178,15153,2024-01-04,60,F,108165.0,employed,33.7,SPb,branch,car,940000,48,15.2,26256.0,643.0,1,79.9,90,1
1179,77325,2024-06-19,21,M,63375.0,employed,1.3,Ural,online,renovation,330000,36,17.3,11815.0,656.0,1,64.9,0,0
1180,13999,2024-01-19,23,F,55578.0,employed,3.8,SPb,online,education,170000,48,16.2,4835.0,608.0,1,48.0,8,0
1181,56318,2024-03-06,34,M,45795.0,freelance,14.6,South,branch,car,350000,48,15.2,9776.0,636.0,0,44.2,17,0
1182,1814,2023-03-24,30,M,78309.0,employed,5.5,SPb,branch,renovation,390000,60,17.2,9734.0,654.0,1,45.2,8,0
1183,77077,2024-11-27,33,F,61838.0,employed,13.8,Ural,branch,car,590000,48,15.0,16420.0,553.0,1,62.3,159,1
1184,91474,2024-09-02,24,F,64912.0,self_employed,2.7,Siberia,online,consumer,240000,24,20.8,12309.0,473.0,1,52.6,9,0
1185,3443,2024-07-27,36,M,87113.0,employed,16.1,Moscow,branch,education,300000,24,14.9,14532.0,652.0,0,34.4,0,0
1186,76993,2023-10-13,29,F,81070.0,freelance,2.5,Moscow,branch,renovation,310000,48,17.9,9090.0,625.0,0,41.9,40,0
1187,76916,2024-06-17,29,M,66820.0,employed,10.5,SPb,branch,renovation,390000,48,16.1,11073.0,718.0,1,48.2,21,0
1188,74319,2024-04-03,27,F,78565.0,employed,7.3,Ural,partner,consumer,300000,24,20.0,15269.0,577.0,0,58.9,36,0
1189,18368,2023-07-31,49,M,96878.0,freelance,30.6,Moscow,branch,education,240000,36,17.4,8605.0,605.0,2,65.7,31,0
1190,16328,2023-05-06,59,F,163820.0,employed,38.4,SPb,online,car,1500000,48,14.4,41291.0,718.0,1,84.8,124,1
1191,57942,2024-02-17,27,M,63492.0,employed,7.5,Ural,online,renovation,410000,60,17.4,10278.0,651.0,3,49.3,0,0
1192,92751,2024-05-13,67,M,60655.0,employed,45.0,South,online,consumer,250000,36,18.4,9088.0,639.0,0,46.0,36,0
1193,28306,2024-02-29,27,F,52863.0,freelance,3.3,Ural,online,consumer,160000,36,21.0,6028.0,546.0,2,65.0,25,0
1194,86451,2024-07-07,30,F,25189.0,unemployed,0.4,SPb,online,consumer,90000,48,20.7,2772.0,547.0,3,49.9,4,0
1195,40915,2024-09-01,22,F,108137.0,self_employed,2.0,Moscow,branch,car,1060000,36,16.8,37686.0,559.0,2,83.7,210,1
1196,38219,2024-06-26,37,M,101665.0,freelance,17.4,SPb,online,renovation,760000,36,18.3,27590.0,639.0,3,82.9,28,0
1197,81879,2023-06-07,64,M,167416.0,employed,44.0,SPb,online,consumer,550000,48,17.8,16099.0,772.0,2,50.9,10,0
1198,65644,2023-04-22,30,M,57922.0,employed,12.0,SPb,branch,renovation,340000,36,16.2,11987.0,702.0,2,30.4,12,0
1199,61279,2024-02-06,21,M,77713.0,employed,0.0,Siberia,partner,education,220000,60,15.7,5315.0,634.0,0,41.6,19,0
1200,54028,2023-05-02,29,F,57561.0,self_employed,9.8,Siberia,online,renovation,280000,48,17.8,8196.0,658.0,0,41.5,0,0
1201,1126,2023-09-30,24,M,56119.0,employed,2.1,Siberia,branch,car,560000,48,14.2,15359.0,648.0,0,48.0,19,0
1202,53329,2023-10-21,24,F,56026.0,freelance,5.8,Moscow,online,renovation,300000,36,19.3,11042.0,617.0,3,69.1,30,0
1203,28632,2024-02-02,45,F,140124.0,self_employed,13.9,SPb,partner,renovation,900000,36,18.4,32718.0,626.0,2,81.8,244,1
1204,66310,2024-04-15,47,M,22868.0,unemployed,0.2,Moscow,branch,car,350000,48,16.5,10009.0,577.0,1,59.4,5,0
1205,56176,2023-07-26,33,F,72925.0,employed,13.5,South,partner,renovation,390000,60,17.5,9798.0,628.0,1,55.9,0,0
1206,87066,2023-04-20,20,F,69769.0,employed,1.3,Ural,online,consumer,210000,36,19.3,7730.0,614.0,0,40.1,0,0
1207,45327,2024-03-15,24,F,86409.0,employed,5.7,Moscow,online,car,1160000,48,16.0,32875.0,598.0,2,84.3,41,0
1208,69904,2023-10-05,48,M,146911.0,employed,24.1,SPb,partner,consumer,440000,36,18.9,16106.0,678.0,1,51.5,1,0
1209,4797,2024-07-21,19,F,39842.0,freelance,0.2,Moscow,branch,education,110000,48,16.6,3151.0,582.0,0,54.9,0,0
1210,48882,2024-07-22,31,M,75982.0,employed,1.9,South,branch,consumer,300000,48,19.9,9113.0,580.0,0,50.7,114,1
1211,14718,2024-04-26,61,M,37355.0,unemployed,0.3,SPb,branch,consumer,120000,24,21.1,6172.0,545.0,1,46.7,26,0
1212,35560,2023-04-24,36,F,23347.0,unemployed,1.1,SPb,partner,consumer,80000,24,21.6,4134.0,538.0,2,50.8,24,0
1213,77589,2024-04-21,60,F,88505.0,self_employed,40.2,SPb,branch,consumer,200000,12,16.7,18212.0,788.0,2,32.4,5,0
1214,23116,2024-12-10,52,M,104401.0,employed,33.8,SPb,branch,education,300000,60,14.0,6980.0,734.0,2,43.0,0,0
1215,37244,2023-11-17,20,F,47325.0,employed,0.0,South,online,education,120000,60,16.6,2957.0,577.0,1,46.0,13,0
1216,2645,2023-06-28,23,F,52210.0,employed,1.6,Moscow,branch,renovation,330000,48,18.1,9711.0,619.0,2,54.3,16,0
1217,48523,2023-08-07,29,M,127206.0,employed,6.9,Moscow,branch,consumer,380000,24,19.8,19303.0,611.0,5,58.6,39,0
1218,20256,2024-06-11,44,F,103631.0,employed,23.8,SPb,branch,consumer,270000,12,17.7,24715.0,685.0,2,34.8,0,0
1219,54173,2024-05-06,32,F,92162.0,employed,9.0,Moscow,partner,consumer,360000,24,17.4,17868.0,751.0,1,47.8,166,1
1220,38430,2023-03-02,27,F,61037.0,self_employed,4.8,Siberia,partner,renovation,300000,24,18.2,15006.0,519.0,0,46.1,13,0
1221,40282,2023-02-23,21,M,70184.0,employed,2.4,SPb,online,consumer,190000,24,18.7,9550.0,636.0,0,42.8,13,0
1222,64374,2024-11-10,29,M,93262.0,employed,9.5,Ural,branch,education,170000,48,14.6,4697.0,615.0,0,37.8,26,0
1223,69244,2024-06-21,30,F,60469.0,employed,11.5,Ural,online,renovation,500000,36,17.5,17951.0,614.0,1,61.3,9,0
1224,12694,2023-03-06,38,M,31161.0,unemployed,0.2,Moscow,branch,consumer,120000,12,21.1,11179.0,565.0,1,46.1,0,0
1225,57264,2024-09-03,25,M,85314.0,self_employed,3.3,Ural,partner,car,660000,48,15.7,18603.0,639.0,5,80.1,4,0
1226,76060,2024-08-08,26,F,127850.0,employed,5.7,Ural,online,consumer,320000,24,18.5,16053.0,597.0,2,49.7,5,0
1227,98416,2024-12-04,50,M,83759.0,freelance,29.2,Moscow,branch,consumer,290000,60,18.0,7364.0,705.0,1,43.6,8,0
1228,58545,2023-06-20,51,F,77627.0,self_employed,29.0,Moscow,online,car,640000,36,15.8,22437.0,678.0,2,64.5,9,0
1229,40224,2023-09-30,55,F,92481.0,freelance,36.0,SPb,online,renovation,810000,36,17.6,29121.0,699.0,0,60.0,4,0
1230,98945,2024-11-29,53,F,97006.0,employed,33.5,SPb,partner,education,230000,60,14.1,5364.0,771.0,3,30.1,0,0
1231,14224,2024-06-18,55,F,109050.0,freelance,34.2,SPb,partner,consumer,340000,12,20.4,31561.0,628.0,1,60.7,1,0
1232,41738,2024-01-26,44,M,105730.0,employed,25.7,Ural,branch,consumer,460000,48,18.2,13561.0,688.0,1,51.0,0,0
1233,26150,2024-11-23,28,M,27450.0,unemployed,0.1,Moscow,partner,car,350000,36,17.4,12548.0,557.0,0,65.7,11,0
1234,64731,2023-11-23,30,F,52744.0,employed,10.7,Ural,branch,consumer,160000,24,18.8,8050.0,613.0,0,25.3,12,0
1235,50688,2023-04-18,25,M,26008.0,unemployed,1.4,Siberia,branch,consumer,70000,24,22.9,3663.0,500.0,5,75.8,170,1
1236,74509,2023-06-11,29,F,20291.0,unemployed,0.1,Moscow,branch,renovation,180000,60,20.3,4799.0,488.0,2,55.4,12,0
1237,9577,2024-03-27,35,F,147416.0,employed,15.1,SPb,branch,renovation,950000,60,17.5,23866.0,648.0,2,70.0,17,0
1238,9070,2023-07-25,49,M,46895.0,unemployed,0.1,Moscow,branch,renovation,270000,24,19.8,13716.0,565.0,1,59.3,9,0
1239,9666,2024-08-12,49,F,103160.0,employed,30.3,SPb,branch,education,330000,48,13.6,8952.0,736.0,2,36.4,0,0
1240,58761,2023-01-16,27,M,68031.0,employed,8.8,Ural,partner,car,570000,36,15.4,19871.0,600.0,1,75.9,3,0
1241,37368,2023-11-23,47,M,121776.0,employed,24.6,Moscow,branch,renovation,830000,12,17.0,75700.0,706.0,0,54.1,20,0
1242,7783,2024-08-30,47,F,52768.0,unemployed,0.7,Moscow,online,consumer,180000,36,21.8,6856.0,524.0,2,61.2,25,0
1243,42914,2024-10-20,32,F,78372.0,employed,13.4,Siberia,online,education,240000,12,13.5,21492.0,729.0,0,42.8,4,0
1244,71507,2023-01-02,42,M,93326.0,self_employed,20.2,Ural,partner,education,260000,12,15.7,23553.0,691.0,1,36.3,0,0
1245,80026,2023-01-10,49,M,85449.0,self_employed,29.9,SPb,online,renovation,490000,24,16.2,24039.0,774.0,1,61.3,0,0
1246,68526,2024-03-09,31,M,30067.0,unemployed,0.0,Ural,branch,car,350000,36,17.5,12566.0,563.0,1,61.3,20,0
1247,71835,2023-05-05,50,M,73592.0,freelance,30.4,Moscow,partner,car,710000,24,16.1,34798.0,712.0,0,73.1,5,0
1248,46765,2023-03-22,47,M,135026.0,employed,27.8,SPb,online,consumer,430000,48,18.7,12789.0,667.0,2,54.7,138,1
1249,20956,2024-04-29,33,M,105483.0,employed,13.0,SPb,branch,consumer,360000,12,19.5,33262.0,583.0,2,61.2,4,0
1250,88895,2024-10-13,57,F,135986.0,employed,37.9,Siberia,branch,consumer,550000,36,17.2,19664.0,721.0,0,43.0,24,0
1251,47240,2023-05-30,50,F,100288.0,self_employed,25.9,Ural,branch,consumer,260000,24,19.1,13119.0,697.0,1,40.0,7,0
1252,38148,2023-12-06,24,M,68814.0,employed,5.8,Siberia,online,car,550000,60,14.7,12998.0,644.0,1,53.1,19,0
1253,95270,2023-05-09,38,M,79458.0,employed,19.9,Ural,online,consumer,350000,36,18.6,12759.0,683.0,5,55.3,0,0
1254,5757,2024-03-13,30,F,92536.0,freelance,10.4,Ural,online,consumer,410000,36,22.4,15743.0,460.0,2,78.8,178,1
1255,20097,2024-05-15,19,F,67066.0,employed,0.4,SPb,partner,consumer,320000,36,20.3,11941.0,523.0,3,60.4,188,1
1256,11395,2023-02-27,22,F,109980.0,self_employed,0.0,SPb,online,car,1090000,60,17.1,27148.0,575.0,1,84.7,190,1
1257,17241,2023-07-17,33,M,79441.0,employed,13.0,South,branch,car,860000,60,16.9,21327.0,537.0,0,71.0,179,1
1258,28696,2023-07-30,34,M,76957.0,employed,15.1,Ural,branch,consumer,250000,60,18.2,6376.0,702.0,1,32.1,0,0
1259,71480,2023-02-14,65,M,107643.0,employed,45.0,Ural,branch,consumer,330000,36,17.7,11881.0,744.0,1,45.1,36,0
1260,47163,2023-04-07,27,F,94498.0,employed,8.3,Moscow,branch,renovation,620000,60,17.7,15643.0,640.0,1,52.3,172,1
1261,20816,2023-10-06,32,M,61310.0,freelance,12.9,Ural,partner,consumer,210000,24,20.3,10719.0,609.0,1,57.4,0,0
1262,50840,2024-06-18,32,F,85345.0,employed,13.0,Ural,online,renovation,470000,12,18.3,43157.0,585.0,1,66.3,16,0
1263,53853,2024-02-14,34,M,67101.0,employed,10.0,Ural,online,car,690000,60,13.8,15984.0,721.0,1,52.2,0,0
1264,25917,2024-04-05,28,M,57744.0,freelance,8.6,Moscow,branch,consumer,240000,48,19.4,7227.0,570.0,0,47.7,0,0
1265,97731,2024-01-26,58,F,57960.0,freelance,38.8,SPb,branch,education,210000,24,16.2,10302.0,625.0,2,44.7,5,0
1266,22566,2023-02-13,42,M,89609.0,freelance,19.4,SPb,online,consumer,250000,60,18.3,6389.0,699.0,1,41.3,8,0
1267,76452,2023-01-27,40,F,35706.0,unemployed,0.5,Siberia,online,car,350000,48,16.6,10027.0,616.0,1,69.6,109,1
1268,63823,2023-04-07,26,M,67654.0,freelance,6.9,South,branch,car,520000,36,16.5,18410.0,650.0,0,59.9,8,0
1269,21806,2024-07-01,29,M,63328.0,employed,9.2,SPb,partner,consumer,210000,12,18.9,19343.0,662.0,4,43.9,18,0
1270,76520,2024-09-12,23,M,40309.0,freelance,2.2,Ural,online,car,350000,48,14.6,9670.0,650.0,2,49.7,4,0
1271,2759,2024-07-20,26,M,117405.0,employed,7.5,Moscow,branch,car,910000,36,14.8,31456.0,615.0,2,83.3,31,0
1272,42949,2024-12-04,48,M,98557.0,employed,28.3,Moscow,partner,education,260000,60,15.1,6199.0,676.0,2,48.9,0,0
1273,93374,2023-08-07,49,F,119705.0,employed,28.5,Moscow,branch,renovation,890000,36,18.2,32265.0,648.0,0,73.8,221,1
1274,3482,2023-07-04,20,F,67012.0,employed,0.0,Siberia,online,car,740000,60,15.6,17838.0,621.0,0,73.5,216,1
1275,25442,2023-03-10,42,M,127396.0,employed,21.4,Moscow,online,renovation,860000,60,16.9,21327.0,741.0,4,78.1,0,0
1276,34719,2023-05-10,29,M,70074.0,employed,7.7,Siberia,partner,consumer,300000,36,20.0,11149.0,622.0,0,44.4,14,0
1277,59066,2024-07-20,61,F,116059.0,employed,41.6,SPb,online,renovation,450000,24,16.0,22033.0,726.0,3,64.3,0,0
1278,94501,2024-08-31,22,M,47268.0,freelance,3.8,Siberia,partner,renovation,300000,12,19.5,27719.0,538.0,3,74.7,23,0
1279,3079,2024-08-21,30,M,22245.0,unemployed,0.4,South,online,car,350000,36,16.9,12461.0,517.0,2,71.2,13,0
1280,3717,2024-09-22,49,M,72760.0,self_employed,25.1,South,partner,consumer,210000,60,19.2,5471.0,626.0,1,39.2,1,0
1281,60676,2024-12-20,23,F,54911.0,freelance,1.6,Ural,partner,car,640000,60,16.1,15598.0,568.0,2,73.1,167,1
1282,28952,2023-11-30,56,M,95229.0,employed,33.7,Siberia,partner,education,330000,36,14.0,11279.0,760.0,1,37.7,20,0
1283,87444,2023-06-03,20,F,28941.0,unemployed,0.4,Ural,branch,car,350000,12,18.1,32105.0,529.0,5,80.7,0,0
1284,43460,2024-06-30,61,M,166462.0,employed,38.8,Moscow,online,renovation,640000,24,16.2,31398.0,675.0,1,52.2,0,0
1285,91397,2023-03-20,22,M,76130.0,employed,0.5,SPb,partner,consumer,200000,12,19.4,18470.0,595.0,2,57.7,22,0
1286,73847,2024-08-01,54,M,73297.0,employed,32.8,South,online,consumer,270000,24,17.6,13427.0,682.0,1,43.2,19,0
1287,94607,2024-02-17,37,F,92336.0,employed,18.1,Siberia,online,consumer,300000,36,19.3,11042.0,640.0,0,50.1,133,1
1288,90106,2024-06-29,35,F,103575.0,employed,7.5,Moscow,branch,car,750000,24,15.5,36543.0,590.0,3,80.4,3,0
1289,19449,2024-08-31,39,M,129442.0,employed,18.7,Moscow,partner,consumer,400000,36,18.3,14521.0,692.0,0,41.6,22,0
1290,34536,2023-06-18,57,M,153322.0,employed,38.2,Moscow,partner,renovation,880000,36,16.1,30982.0,787.0,2,66.8,17,0
1291,65077,2024-11-11,22,F,100779.0,employed,3.3,SPb,partner,consumer,430000,36,20.7,16134.0,495.0,1,77.9,165,1
1292,39258,2024-10-24,26,F,54170.0,employed,2.9,South,online,car,370000,48,13.9,10092.0,665.0,3,54.4,4,0
1293,49302,2024-08-05,43,M,31123.0,unemployed,1.3,SPb,partner,consumer,110000,36,20.4,4110.0,609.0,3,55.5,239,1
1294,29865,2024-05-29,48,F,123991.0,employed,29.9,SPb,branch,education,380000,12,14.9,34280.0,640.0,0,43.8,0,0
1295,7645,2023-11-10,58,M,105196.0,employed,38.3,Moscow,partner,renovation,580000,60,17.7,14634.0,680.0,4,61.1,43,0
1296,39000,2023-02-01,39,M,73516.0,self_employed,15.9,South,partner,consumer,230000,36,18.7,8396.0,691.0,0,37.4,21,0
1297,27737,2023-10-14,52,M,45412.0,freelance,32.4,South,partner,car,510000,60,16.8,12620.0,585.0,1,83.5,230,1
1298,12485,2024-08-16,60,F,74166.0,employed,37.1,SPb,online,renovation,530000,48,16.5,15156.0,721.0,2,66.8,0,0
1299,39565,2023-02-12,26,M,67694.0,freelance,2.7,Ural,partner,consumer,300000,48,20.4,9193.0,621.0,1,62.1,128,1
1300,26522,2024-09-08,50,F,125615.0,employed,26.2,South,branch,car,900000,60,13.6,20755.0,739.0,2,72.5,23,0
1301,66155,2023-01-01,37,F,81567.0,employed,16.3,SPb,branch,consumer,200000,36,19.8,7412.0,587.0,5,51.2,9,0
1302,56168,2024-07-26,23,F,100536.0,employed,1.4,SPb,partner,consumer,300000,36,18.0,10846.0,678.0,1,61.2,5,0
1303,53487,2023-09-27,33,M,108887.0,self_employed,14.1,Ural,online,car,710000,36,16.7,25208.0,600.0,2,78.1,168,1
1304,13342,2023-06-29,31,M,108483.0,employed,12.7,Moscow,branch,education,280000,36,14.9,9693.0,709.0,2,38.2,19,0
1305,41806,2024-06-01,57,F,147917.0,self_employed,36.7,SPb,branch,education,360000,24,13.7,17234.0,772.0,4,54.1,7,0
1306,49770,2023-04-13,26,F,50995.0,employed,8.0,Ural,online,education,210000,24,16.2,10302.0,614.0,0,44.8,17,0
1307,79623,2023-01-10,31,F,57017.0,self_employed,11.1,South,partner,consumer,200000,12,20.8,18604.0,578.0,1,53.9,0,0
1308,76629,2024-08-05,40,M,51771.0,employed,13.0,Ural,branch,renovation,270000,48,15.8,7624.0,677.0,2,41.4,12,0
1309,53603,2023-03-31,46,M,89029.0,employed,27.7,Moscow,online,renovation,520000,60,17.8,13148.0,646.0,3,64.4,90,1
1310,82974,2023-08-14,29,F,54997.0,self_employed,4.9,SPb,partner,car,380000,48,14.2,10422.0,691.0,2,45.5,13,0
1311,27399,2024-10-31,46,M,106549.0,self_employed,24.9,SPb,partner,consumer,550000,24,20.1,28020.0,570.0,0,65.5,22,0
1312,86382,2023-05-06,20,F,59268.0,employed,0.0,Moscow,online,renovation,390000,12,18.2,35792.0,562.0,1,59.8,8,0
1313,82244,2023-07-28,62,M,100357.0,freelance,42.4,SPb,online,consumer,280000,24,18.3,14019.0,755.0,0,29.1,51,0
1314,77534,2023-04-07,22,M,71574.0,self_employed,2.4,SPb,online,car,550000,60,16.6,13551.0,569.0,2,78.8,0,0
1315,56106,2023-03-15,42,M,164081.0,employed,22.9,Moscow,online,car,1200000,60,16.3,29373.0,565.0,3,84.8,37,0
1316,31678,2024-09-18,66,M,27490.0,unemployed,0.9,SPb,branch,car,350000,48,16.2,9955.0,609.0,2,60.3,0,0
1317,77218,2023-07-10,21,M,95105.0,self_employed,0.3,Moscow,branch,renovation,550000,36,18.2,19939.0,648.0,0,62.8,156,1
1318,64230,2024-11-12,37,F,48326.0,employed,18.4,Ural,online,consumer,160000,24,18.3,8011.0,685.0,3,40.7,183,1
1319,75055,2024-12-16,31,M,63364.0,employed,12.1,Ural,branch,car,350000,36,12.4,11692.0,743.0,1,59.1,196,1
1320,57373,2023-02-25,49,M,88838.0,employed,29.0,Ural,online,renovation,620000,24,17.2,30714.0,633.0,0,63.7,0,0
1321,32480,2024-12-20,19,F,96506.0,employed,0.0,Moscow,partner,renovation,640000,12,16.6,58250.0,719.0,2,61.3,0,0
1322,86230,2024-07-06,57,M,100698.0,employed,33.9,Moscow,branch,car,1050000,36,14.7,36245.0,616.0,0,82.8,14,0
1323,69836,2023-02-01,26,M,59706.0,employed,2.8,Moscow,branch,consumer,230000,36,19.1,8443.0,577.0,2,48.4,0,0
1324,73258,2024-06-10,53,F,95898.0,self_employed,33.8,Moscow,online,consumer,380000,24,19.2,19192.0,664.0,5,63.3,15,0
1325,40986,2024-07-27,22,F,112451.0,employed,2.2,Moscow,branch,renovation,500000,48,15.5,14042.0,749.0,2,69.6,151,1
1326,25160,2024-10-28,34,M,53716.0,freelance,4.7,Moscow,online,consumer,190000,36,19.7,7032.0,602.0,3,58.3,19,0
1327,86595,2023-10-11,21,M,85256.0,employed,0.0,Siberia,branch,car,700000,48,15.1,19517.0,616.0,3,63.8,220,1
1328,80111,2024-12-21,33,F,62552.0,employed,14.3,Ural,online,consumer,170000,60,18.2,4335.0,669.0,0,40.0,111,1
1329,65929,2024-05-08,38,M,85389.0,freelance,19.0,Moscow,partner,car,960000,48,17.4,27900.0,554.0,2,84.3,4,0
1330,74506,2023-07-06,33,F,86550.0,self_employed,14.7,Moscow,online,consumer,280000,24,19.8,14223.0,647.0,1,53.7,23,0
1331,35911,2024-05-12,31,F,127267.0,employed,9.6,Moscow,branch,consumer,500000,12,19.1,46102.0,642.0,0,52.8,0,0
1332,88127,2024-03-17,34,F,74512.0,employed,14.9,SPb,partner,renovation,390000,48,18.0,11456.0,632.0,0,51.4,0,0
1333,32821,2023-05-10,53,M,123303.0,employed,32.7,Moscow,branch,renovation,660000,24,16.4,32442.0,670.0,0,53.4,30,0
1334,76039,2024-09-30,45,M,126477.0,self_employed,22.6,Moscow,online,consumer,420000,24,18.8,21131.0,628.0,2,60.3,4,0
1335,61535,2023-10-19,23,F,85904.0,employed,0.0,Ural,online,consumer,240000,24,20.0,12215.0,589.0,0,52.8,129,1
1336,85458,2023-04-24,57,M,73815.0,self_employed,37.8,South,partner,car,540000,60,16.1,13160.0,666.0,1,61.9,17,0
1337,13175,2023-07-18,44,M,86967.0,self_employed,25.2,Ural,online,car,730000,48,13.6,19802.0,750.0,0,49.1,0,0
1338,55771,2023-01-13,31,F,93389.0,employed,7.3,Moscow,online,renovation,520000,36,15.4,18128.0,773.0,0,36.3,0,0
1339,87925,2023-09-28,28,M,75424.0,employed,8.6,Ural,online,consumer,180000,6,19.7,31747.0,606.0,5,54.8,15,0
1340,67358,2024-08-23,22,M,68992.0,employed,0.0,SPb,online,consumer,250000,48,19.2,7501.0,585.0,1,43.9,0,0
1341,18327,2023-08-03,29,F,44516.0,employed,10.5,South,partner,consumer,160000,24,20.0,8143.0,612.0,1,54.3,138,1
1342,48057,2024-03-19,65,M,131043.0,employed,39.7,SPb,branch,consumer,550000,24,17.1,27220.0,751.0,0,44.1,3,0
1343,7150,2024-05-26,36,M,135697.0,employed,16.0,Siberia,partner,consumer,490000,48,19.5,14781.0,615.0,0,57.9,10,0
1344,5425,2024-03-22,20,M,57350.0,freelance,1.4,Moscow,online,education,180000,36,15.7,6302.0,650.0,2,46.3,194,1
1345,17032,2024-12-15,44,F,74051.0,employed,23.7,Siberia,online,consumer,200000,24,18.4,10024.0,646.0,1,32.6,19,0
1346,3198,2023-03-15,50,M,44645.0,unemployed,0.3,Moscow,branch,consumer,160000,36,22.5,6152.0,514.0,2,55.9,90,1
1347,61500,2024-06-20,57,M,83910.0,employed,37.5,SPb,online,car,780000,60,14.4,18311.0,721.0,1,65.9,4,0
1348,54394,2023-04-11,32,F,53291.0,employed,13.4,South,partner,education,270000,36,17.0,9626.0,561.0,1,48.5,8,0
1349,21079,2023-06-25,50,F,69479.0,self_employed,29.4,Siberia,online,education,210000,48,14.7,5813.0,731.0,3,34.2,17,0
1350,37220,2024-03-02,31,M,46030.0,freelance,7.6,South,online,car,360000,60,18.5,9240.0,443.0,2,68.6,19,0
1351,42874,2023-04-27,51,F,136886.0,employed,32.6,SPb,online,consumer,550000,12,21.1,51239.0,515.0,2,71.0,156,1
1352,14859,2023-06-15,46,M,82768.0,self_employed,27.9,Ural,online,consumer,380000,6,20.6,67193.0,523.0,4,80.0,155,1
1353,51460,2023-02-10,26,F,68619.0,freelance,7.8,Ural,online,consumer,220000,36,21.2,8311.0,569.0,2,63.3,132,1
1354,32419,2024-03-04,30,M,76671.0,freelance,11.2,SPb,partner,consumer,250000,36,18.7,9126.0,747.0,2,46.0,0,0
1355,9705,2023-12-10,35,M,94471.0,employed,17.0,Ural,branch,renovation,620000,36,18.9,22695.0,595.0,3,73.8,31,0
1356,43880,2024-02-28,41,F,56411.0,freelance,21.3,Moscow,branch,education,220000,48,17.7,6428.0,565.0,2,60.6,0,0
1357,24236,2024-01-01,21,M,47484.0,freelance,0.0,Moscow,partner,consumer,210000,48,22.1,6628.0,498.0,2,62.8,18,0
1358,88955,2023-04-30,19,M,63028.0,self_employed,0.0,Moscow,partner,consumer,300000,24,20.3,15313.0,604.0,0,44.2,18,0
1359,86514,2024-08-31,32,M,71393.0,freelance,11.0,SPb,online,education,200000,36,17.0,7131.0,556.0,0,52.3,150,1
1360,16358,2024-10-18,20,F,43598.0,unemployed,0.7,SPb,branch,renovation,250000,36,21.0,9419.0,463.0,1,69.0,139,1
1361,95914,2024-12-28,29,M,79142.0,employed,7.0,Siberia,partner,renovation,500000,36,17.7,18001.0,603.0,3,60.8,164,1
1362,77918,2023-08-17,51,M,128128.0,employed,30.4,Moscow,partner,education,350000,48,15.0,9741.0,709.0,1,42.4,101,1
1363,15596,2023-05-10,27,M,82270.0,employed,3.1,Ural,partner,consumer,360000,48,20.0,10955.0,575.0,0,50.5,14,0
1364,34572,2023-12-18,42,M,120651.0,employed,22.0,Moscow,branch,car,840000,48,14.7,23250.0,687.0,1,58.9,32,0
1365,79757,2023-11-14,48,M,96179.0,employed,29.4,Ural,branch,renovation,580000,60,18.3,14823.0,590.0,2,64.9,27,0
1366,2279,2024-10-10,28,M,61399.0,self_employed,13.9,Ural,online,car,520000,60,16.9,12895.0,504.0,0,83.1,110,1
1367,64197,2023-12-03,28,M,66525.0,employed,9.5,Ural,partner,consumer,200000,36,19.2,7351.0,661.0,0,49.2,16,0
1368,63516,2023-09-30,31,M,58556.0,self_employed,3.1,Moscow,partner,renovation,450000,36,18.1,16291.0,588.0,2,71.6,29,0
1369,8083,2023-04-27,24,F,41422.0,freelance,2.4,Siberia,branch,renovation,390000,48,20.7,12014.0,458.0,0,67.4,166,1
1370,18771,2024-01-03,32,F,89957.0,employed,9.8,Ural,branch,consumer,290000,24,18.8,14590.0,650.0,0,49.0,160,1
1371,30975,2023-04-04,22,F,28144.0,unemployed,0.3,South,branch,consumer,120000,36,21.0,4521.0,584.0,2,64.5,0,0
1372,46648,2023-06-17,27,M,90623.0,employed,8.7,Ural,partner,consumer,290000,12,19.2,26753.0,694.0,1,62.3,7,0
1373,49285,2024-12-15,32,F,60999.0,freelance,12.1,Siberia,online,renovation,280000,48,17.1,8094.0,642.0,0,51.6,13,0
1374,20063,2023-12-07,42,M,77993.0,freelance,20.8,Siberia,partner,consumer,270000,48,20.6,8303.0,641.0,2,67.3,18,0
1375,68642,2024-10-22,53,F,84131.0,employed,34.2,Moscow,online,car,1050000,48,12.9,28117.0,736.0,0,70.0,0,0
1376,91093,2024-11-25,23,M,65722.0,employed,1.6,Ural,branch,consumer,160000,36,17.5,5744.0,670.0,1,25.3,29,0
1377,87143,2023-06-01,48,M,109591.0,employed,24.9,SPb,online,car,1060000,24,14.6,51195.0,757.0,0,78.1,23,0
1378,38599,2024-08-08,46,M,65835.0,freelance,27.0,Siberia,online,consumer,200000,24,18.7,10053.0,691.0,1,40.9,21,0
1379,52920,2023-10-01,21,M,44124.0,freelance,2.3,SPb,online,consumer,150000,60,20.2,3991.0,599.0,0,55.6,19,0
1380,29529,2024-07-07,32,F,80107.0,employed,7.6,Ural,partner,renovation,570000,60,18.5,14630.0,508.0,5,82.5,31,0
1381,36954,2024-05-10,35,F,96242.0,self_employed,17.0,Moscow,online,consumer,200000,48,18.9,5969.0,639.0,0,37.4,6,0
1382,28856,2024-12-24,30,F,76119.0,employed,11.1,Ural,partner,consumer,310000,36,19.1,11379.0,666.0,4,44.1,0,0
1383,3573,2023-04-11,46,F,52643.0,employed,26.4,Moscow,branch,consumer,200000,48,18.5,5927.0,703.0,1,32.8,0,0
1384,79344,2024-07-10,34,M,29134.0,unemployed,0.8,Siberia,online,car,350000,24,18.0,17473.0,524.0,0,79.0,150,1
1385,36367,2023-03-23,56,M,92171.0,employed,20.5,Moscow,online,consumer,290000,24,18.3,14520.0,734.0,3,53.2,10,0
1386,61774,2024-06-12,27,F,18000.0,unemployed,0.1,Moscow,branch,renovation,180000,36,18.8,6580.0,522.0,1,57.8,71,0
1387,24752,2023-03-14,20,F,48862.0,freelance,0.0,Moscow,branch,consumer,230000,48,20.6,7073.0,580.0,0,49.3,39,0
1388,56029,2023-01-14,44,F,32379.0,unemployed,1.5,SPb,online,renovation,260000,48,22.2,8220.0,360.0,1,78.4,143,1
1389,18685,2024-03-08,30,M,109691.0,employed,8.4,SPb,branch,consumer,450000,24,18.4,22553.0,711.0,1,52.6,9,0
1390,52693,2023-06-06,60,M,94065.0,employed,13.0,Moscow,branch,car,750000,48,15.2,20949.0,671.0,2,77.9,26,0
1391,56961,2023-05-12,48,F,52759.0,employed,28.1,Moscow,branch,renovation,360000,24,16.6,17730.0,699.0,5,55.0,26,0
1392,77908,2023-12-04,35,M,68146.0,self_employed,13.9,South,partner,consumer,220000,24,18.0,10983.0,721.0,0,31.0,27,0
1393,75532,2024-02-08,54,M,80810.0,self_employed,34.8,SPb,partner,education,210000,60,14.8,4974.0,747.0,0,43.3,0,0
1394,82994,2024-01-11,37,M,73025.0,employed,18.7,Siberia,partner,car,440000,60,16.0,10700.0,579.0,4,65.5,158,1
1395,57133,2024-07-12,65,F,100267.0,freelance,44.8,Moscow,branch,renovation,620000,24,18.3,31043.0,628.0,0,67.5,3,0
1396,98425,2023-04-17,23,M,73634.0,employed,3.3,Siberia,branch,car,850000,60,14.7,20088.0,678.0,0,55.7,6,0
1397,62268,2024-09-11,25,M,99609.0,employed,6.2,Ural,branch,consumer,300000,60,18.3,7667.0,691.0,5,55.7,0,0
1398,93201,2023-09-22,62,M,85584.0,employed,36.9,Siberia,online,consumer,280000,24,19.3,14155.0,617.0,2,50.6,33,0
1399,39243,2023-07-24,56,M,164837.0,employed,35.2,SPb,online,consumer,460000,12,20.0,42612.0,605.0,1,59.4,7,0
1400,58384,2023-03-20,19,M,54969.0,employed,0.0,South,online,car,410000,60,13.0,9329.0,740.0,0,37.8,9,0
1401,32653,2023-06-04,30,M,138281.0,employed,13.0,SPb,online,car,1320000,36,14.5,45436.0,656.0,1,84.2,31,0
1402,27657,2023-09-04,29,F,41237.0,freelance,10.6,Ural,branch,education,160000,24,17.3,7934.0,549.0,1,53.1,23,0
1403,40952,2024-06-14,24,F,47187.0,freelance,0.3,Ural,online,renovation,340000,24,18.0,16974.0,623.0,0,47.4,9,0
1404,23180,2024-06-21,35,M,84357.0,employed,16.2,South,online,renovation,270000,36,16.6,9573.0,634.0,0,39.1,116,1
1405,98432,2024-12-29,31,F,85481.0,self_employed,12.2,Moscow,online,consumer,210000,6,19.1,36975.0,598.0,1,38.2,7,0
1406,79411,2023-06-03,46,F,73106.0,self_employed,25.9,Moscow,branch,consumer,200000,6,18.5,35155.0,708.0,1,31.2,20,0
1407,2622,2023-06-03,23,M,71371.0,employed,1.7,SPb,partner,consumer,250000,24,21.3,12883.0,491.0,4,52.7,23,0
1408,49756,2024-11-16,48,M,80369.0,self_employed,26.5,South,branch,car,650000,24,14.3,31301.0,666.0,2,62.9,5,0
1409,41809,2023-04-02,28,M,88171.0,self_employed,9.9,Moscow,partner,consumer,270000,24,20.5,13808.0,607.0,5,59.7,22,0
1410,17725,2024-03-08,27,M,66619.0,self_employed,8.0,Moscow,online,consumer,210000,24,19.3,10616.0,670.0,3,63.9,21,0
1411,62396,2023-12-04,57,M,160005.0,self_employed,35.8,Moscow,online,car,1470000,36,14.1,50313.0,778.0,1,84.8,33,0
1412,52226,2024-04-24,29,F,79610.0,self_employed,4.4,SPb,online,consumer,310000,36,19.0,11363.0,656.0,2,73.9,18,0
1413,82182,2024-11-23,28,M,92098.0,employed,6.7,Moscow,partner,renovation,340000,24,16.2,16680.0,718.0,1,43.6,9,0
1414,83565,2023-05-11,26,F,39314.0,freelance,7.1,Siberia,branch,car,400000,48,17.1,11563.0,588.0,1,84.8,107,1
1415,30402,2024-03-25,56,M,125777.0,employed,35.9,Moscow,online,consumer,440000,48,18.2,12971.0,766.0,1,58.2,0,0
1416,5263,2023-09-30,42,M,65507.0,freelance,20.9,SPb,branch,education,200000,36,16.8,7111.0,607.0,2,62.5,14,0
1417,97523,2024-08-10,23,M,63741.0,employed,4.6,Moscow,partner,car,580000,60,15.1,13829.0,622.0,1,58.9,0,0
1418,47828,2023-06-26,53,M,56459.0,employed,32.6,Siberia,branch,consumer,190000,60,17.8,4804.0,739.0,2,30.2,4,0
1419,48924,2024-11-26,21,F,54545.0,self_employed,1.1,Siberia,online,consumer,160000,36,18.7,5841.0,610.0,0,37.6,17,0
1420,75182,2024-10-04,34,F,100341.0,employed,14.8,Siberia,online,education,370000,24,15.0,17940.0,633.0,1,50.3,7,0
1421,94065,2023-02-18,20,M,38819.0,freelance,0.0,Siberia,online,education,130000,36,15.6,4545.0,705.0,2,42.4,15,0
1422,60052,2024-07-20,41,F,67530.0,employed,20.0,South,branch,consumer,270000,48,18.9,8059.0,598.0,3,52.5,24,0
1423,12664,2024-10-27,23,F,70754.0,self_employed,0.0,SPb,online,renovation,520000,48,18.0,15275.0,597.0,3,81.4,251,1
1424,36737,2023-12-21,45,F,96242.0,employed,25.3,South,branch,car,850000,48,14.7,23527.0,701.0,1,67.4,0,0
1425,90563,2024-12-12,40,M,118192.0,employed,19.7,Moscow,partner,consumer,310000,24,17.3,15372.0,696.0,1,45.5,0,0
1426,30373,2023-11-04,19,F,60857.0,employed,0.5,SPb,branch,renovation,220000,48,17.3,6382.0,656.0,1,35.9,24,0
1427,37397,2024-09-21,46,M,106931.0,self_employed,25.6,Moscow,partner,consumer,300000,60,19.5,7865.0,600.0,2,52.2,174,1
1428,87145,2023-02-15,25,F,92358.0,self_employed,6.9,Moscow,online,consumer,310000,24,20.9,15914.0,592.0,1,81.5,24,0
1429,39709,2023-10-29,36,M,64195.0,self_employed,17.5,SPb,branch,consumer,230000,6,20.5,40658.0,571.0,4,49.2,90,1
1430,62120,2024-02-12,21,M,29595.0,unemployed,0.6,South,branch,car,350000,36,17.8,12618.0,533.0,1,71.3,177,1
1431,20250,2023-07-08,43,M,51732.0,self_employed,22.0,SPb,online,renovation,280000,60,17.9,7095.0,714.0,2,52.5,2,0
1432,22172,2023-05-09,33,M,24291.0,unemployed,0.4,Ural,online,car,350000,60,19.9,9253.0,415.0,2,83.7,256,1
1433,12555,2024-07-14,38,F,169474.0,employed,15.2,Siberia,online,consumer,550000,6,20.1,97115.0,572.0,1,66.5,0,0
1434,88410,2024-06-20,23,M,69452.0,employed,3.1,SPb,branch,renovation,380000,36,17.9,13719.0,606.0,0,63.7,103,1
1435,79617,2023-09-23,35,M,102140.0,employed,15.1,Moscow,branch,consumer,340000,6,19.2,59882.0,671.0,1,47.4,65,0
1436,54276,2023-04-28,31,F,57061.0,employed,12.5,Ural,online,education,140000,48,15.5,3932.0,670.0,2,51.8,1,0
1437,58492,2024-04-08,47,M,146173.0,employed,24.9,Moscow,online,car,1080000,36,15.1,37491.0,604.0,1,81.6,181,1
1438,54002,2023-05-24,31,M,79752.0,employed,13.0,Ural,online,consumer,230000,36,18.8,8408.0,662.0,0,33.2,9,0
1439,90599,2024-03-17,22,F,81672.0,self_employed,2.3,Moscow,online,car,720000,36,18.1,26066.0,476.0,3,84.0,26,0
1440,73355,2023-07-19,37,M,102530.0,self_employed,18.4,Moscow,branch,car,760000,48,16.0,21539.0,674.0,2,61.7,0,0
1441,92248,2023-06-06,39,M,22218.0,unemployed,0.1,Ural,online,consumer,140000,36,21.3,5296.0,560.0,0,54.0,18,0
1442,25762,2024-05-01,21,M,60542.0,freelance,0.0,South,branch,consumer,140000,24,19.4,7084.0,620.0,0,44.3,31,0
1443,12046,2023-05-14,30,F,46953.0,employed,8.3,Moscow,partner,education,130000,36,16.0,4570.0,646.0,0,43.0,30,0
1444,97999,2023-05-28,47,F,90907.0,employed,28.5,Siberia,online,consumer,270000,48,20.1,8231.0,616.0,5,47.2,0,0
1445,29769,2023-12-02,34,M,87143.0,employed,12.7,Ural,branch,consumer,320000,36,18.6,11665.0,665.0,1,43.2,0,0
1446,54302,2023-03-12,25,M,70735.0,employed,3.5,Siberia,online,car,770000,36,17.0,27453.0,474.0,2,77.6,162,1
1447,24150,2023-08-21,49,M,152505.0,employed,31.0,SPb,partner,consumer,550000,36,18.2,19939.0,752.0,0,46.1,18,0
1448,69247,2023-11-30,33,F,110141.0,self_employed,13.9,South,partner,consumer,520000,48,20.4,15935.0,621.0,1,77.6,1,0
1449,5853,2024-10-27,43,M,84723.0,employed,13.0,Moscow,branch,consumer,350000,48,19.4,10539.0,611.0,0,48.1,4,0
1450,95613,2023-03-31,27,F,56793.0,self_employed,13.9,South,partner,renovation,460000,36,19.7,17025.0,484.0,3,84.8,137,1
1451,90399,2023-11-30,42,M,49339.0,self_employed,23.3,Siberia,branch,consumer,200000,48,20.6,6150.0,626.0,5,77.1,0,0
1452,22792,2023-07-18,29,F,65444.0,employed,10.1,South,online,car,620000,36,13.7,21100.0,750.0,1,63.8,29,0
1453,60129,2023-06-10,46,F,94490.0,employed,27.8,Siberia,branch,consumer,220000,24,17.8,10962.0,709.0,0,30.8,13,0
1454,75478,2024-06-21,43,F,91867.0,freelance,23.0,South,online,car,900000,48,16.0,25506.0,599.0,0,70.2,5,0
1455,68298,2023-05-01,45,M,98834.0,employed,26.9,Siberia,branch,car,910000,60,14.9,21601.0,663.0,1,71.0,0,0
1456,32987,2023-10-28,28,F,85116.0,employed,4.4,South,online,consumer,290000,36,18.9,10616.0,665.0,1,48.4,10,0
1457,16850,2024-12-24,30,M,91485.0,employed,11.9,SPb,branch,consumer,250000,12,17.1,22813.0,751.0,2,42.3,31,0
1458,13112,2024-07-28,28,M,61668.0,employed,9.8,South,online,car,460000,36,14.0,15722.0,624.0,2,47.8,22,0
1459,25058,2024-03-11,44,M,64459.0,employed,22.9,SPb,branch,renovation,290000,60,16.3,7099.0,686.0,1,28.0,1,0
1460,46420,2023-03-09,22,F,67540.0,freelance,0.0,Siberia,branch,consumer,190000,12,20.7,17664.0,549.0,1,59.6,36,0
1461,39890,2024-04-03,26,F,79650.0,employed,1.3,Siberia,branch,car,980000,48,15.4,27473.0,561.0,1,81.5,18,0
1462,67017,2024-05-28,23,M,51885.0,employed,4.7,Siberia,online,renovation,340000,36,18.3,12343.0,549.0,2,63.1,38,0
1463,48304,2024-02-02,49,F,180984.0,employed,30.0,Siberia,online,consumer,550000,36,19.1,20189.0,663.0,2,58.8,18,0
1464,33921,2024-09-11,19,M,59327.0,freelance,0.0,Moscow,online,education,140000,48,17.1,4047.0,563.0,2,59.2,0,0
1465,2524,2023-10-13,56,F,99034.0,employed,37.9,Siberia,partner,renovation,750000,12,18.1,68796.0,634.0,2,81.3,18,0
1466,16048,2024-07-14,43,F,128508.0,employed,22.7,Moscow,branch,consumer,290000,24,17.4,14394.0,700.0,0,40.9,13,0
1467,36111,2023-05-20,26,F,69990.0,self_employed,6.2,Ural,online,consumer,290000,24,20.9,14888.0,520.0,1,51.5,0,0
1468,38904,2024-12-30,31,M,102368.0,employed,10.3,Siberia,branch,consumer,260000,60,18.6,6687.0,595.0,1,43.2,16,0
1469,55912,2024-07-09,29,F,53935.0,employed,3.4,Siberia,online,consumer,250000,60,18.9,6471.0,594.0,2,49.0,0,0
1470,35008,2024-08-12,23,F,55141.0,employed,4.0,Siberia,branch,car,430000,60,14.4,10095.0,628.0,1,50.6,12,0
1471,1060,2024-12-28,61,F,67114.0,freelance,13.9,Ural,online,consumer,190000,36,19.5,7013.0,657.0,0,42.6,28,0
1472,75666,2024-09-01,38,M,27189.0,unemployed,0.3,Moscow,partner,consumer,90000,24,21.2,4634.0,564.0,2,57.3,30,0
1473,84559,2023-10-09,31,F,86273.0,employed,11.3,Ural,online,education,210000,48,15.3,5876.0,649.0,0,36.5,1,0
1474,56337,2024-10-22,67,F,133668.0,employed,45.0,Ural,partner,consumer,460000,36,19.1,16885.0,648.0,1,76.6,157,1
1475,14350,2024-07-31,48,M,140646.0,employed,20.9,SPb,online,renovation,860000,48,17.4,24994.0,664.0,2,77.6,8,0
1476,25354,2024-04-01,54,M,92933.0,freelance,30.0,SPb,partner,car,1120000,24,15.1,54358.0,695.0,2,84.4,41,0
1477,46186,2023-03-28,22,M,49863.0,self_employed,0.9,South,partner,consumer,180000,24,20.2,9179.0,588.0,4,67.3,23,0
1478,29145,2023-03-20,29,F,61804.0,freelance,9.1,Ural,online,renovation,370000,60,19.2,9639.0,620.0,2,66.6,23,0
1479,35020,2023-07-24,48,M,61134.0,self_employed,28.3,Siberia,partner,consumer,150000,12,19.1,13831.0,648.0,1,41.3,18,0
1480,87123,2023-12-03,39,M,29694.0,unemployed,0.7,SPb,online,renovation,210000,48,18.8,6257.0,650.0,2,59.9,31,0
1481,76186,2023-09-11,46,F,39136.0,freelance,13.9,Ural,online,renovation,190000,60,19.1,4939.0,592.0,3,51.5,18,0
1482,86469,2023-10-31,24,M,79490.0,freelance,3.3,Moscow,branch,consumer,210000,24,21.4,10832.0,553.0,2,64.2,163,1
1483,21581,2024-01-15,56,M,75429.0,employed,35.9,South,partner,consumer,170000,24,18.0,8487.0,721.0,2,27.7,14,0
1484,89929,2023-05-10,45,M,67577.0,employed,23.9,SPb,partner,consumer,180000,36,18.9,6589.0,650.0,1,33.8,15,0
1485,24051,2024-08-18,43,F,149382.0,employed,24.4,Siberia,partner,renovation,770000,48,16.4,21980.0,745.0,1,66.3,0,0
1486,52474,2023-10-03,37,F,90135.0,employed,15.4,Ural,branch,renovation,620000,24,16.9,30624.0,673.0,0,51.2,0,0
1487,92748,2024-11-29,22,M,52834.0,self_employed,1.0,Siberia,branch,consumer,180000,48,19.0,5382.0,600.0,1,56.5,128,1
1488,70626,2024-07-11,20,F,94022.0,employed,1.4,Moscow,online,consumer,330000,48,17.6,9625.0,683.0,1,33.3,21,0
1489,7960,2023-07-02,29,M,71928.0,self_employed,9.2,South,partner,consumer,230000,24,19.4,11639.0,645.0,2,50.3,0,0
1490,36772,2023-09-25,32,F,72943.0,employed,10.6,Siberia,partner,consumer,240000,6,20.3,42401.0,601.0,1,54.5,47,0
1491,22520,2023-11-18,52,M,76350.0,self_employed,27.0,Siberia,branch,consumer,240000,24,19.8,12192.0,614.0,2,42.1,0,0
1492,50481,2024-05-26,29,M,69323.0,employed,10.6,SPb,online,consumer,230000,12,17.6,21043.0,721.0,1,51.5,47,0
1493,37408,2024-09-03,55,M,78926.0,employed,37.0,Siberia,online,consumer,260000,24,17.7,12943.0,695.0,1,35.3,17,0
1494,95006,2023-03-19,33,M,59189.0,employed,14.5,Ural,online,renovation,260000,24,17.6,12930.0,620.0,1,44.4,0,0
1495,58134,2023-12-05,20,M,63371.0,freelance,0.0,Ural,branch,consumer,150000,36,20.1,5582.0,568.0,2,48.8,16,0
1496,21491,2024-11-04,24,F,75126.0,employed,1.6,Siberia,branch,car,530000,48,13.3,14298.0,671.0,1,55.7,5,0
1497,2341,2024-07-09,19,F,84568.0,employed,0.0,Ural,branch,consumer,320000,36,17.6,11505.0,682.0,2,39.5,24,0
417,79657,2023-12-24,65,F,-133116.0,self_employed,13.9,Moscow,branch,car,1500000,48,16.1,42587.0,651.0,3,84.8,0,0
1499,91327,2023-08-26,53,M,142779.0,self_employed,33.4,SPb,partner,consumer,350000,6,20.7,61905.0,630.0,2,57.7,32,0
1500,1338,2023-05-14,20,M,60436.0,employed,0.0,Ural,online,consumer,160000,36,19.5,5905.0,605.0,1,37.3,17,0
1501,72431,2023-07-11,24,M,18000.0,unemployed,0.6,South,online,car,350000,12,18.0,32088.0,555.0,0,73.2,160,1
1502,13254,2023-12-22,27,F,90810.0,employed,7.6,South,partner,renovation,580000,36,17.1,20707.0,690.0,0,62.1,30,0
1503,52860,2023-10-05,30,M,48755.0,employed,0.0,Siberia,online,consumer,160000,24,19.5,8104.0,610.0,0,36.4,17,0
1504,12344,2023-01-18,39,F,89424.0,self_employed,20.5,Moscow,online,consumer,240000,24,18.6,12051.0,671.0,0,43.7,5,0
1505,2750,2024-06-07,28,M,99612.0,employed,8.5,SPb,online,renovation,440000,36,16.1,15491.0,729.0,2,44.6,16,0
1506,55756,2023-06-29,35,M,54452.0,freelance,10.8,SPb,branch,consumer,190000,36,19.8,7042.0,705.0,3,63.6,31,0
1507,68957,2023-05-03,62,M,121496.0,employed,40.9,SPb,partner,education,420000,24,15.1,20384.0,675.0,3,54.4,9,0
1508,59053,2023-09-03,32,M,35289.0,unemployed,0.4,Moscow,partner,education,90000,48,17.7,2630.0,576.0,2,49.7,172,1
1509,71855,2024-01-08,34,M,104283.0,self_employed,8.8,Moscow,partner,renovation,840000,12,18.7,77291.0,623.0,1,77.8,90,1
1510,16896,2023-02-20,28,F,85031.0,freelance,7.9,Moscow,branch,consumer,190000,60,19.4,4971.0,639.0,1,55.2,146,1
1511,56761,2023-03-12,49,M,144410.0,employed,30.2,Ural,branch,consumer,390000,24,17.7,19414.0,701.0,0,36.3,11,0
1512,63552,2024-04-24,25,M,76869.0,employed,3.5,SPb,online,renovation,420000,48,17.3,12184.0,615.0,0,43.2,7,0
1513,78454,2024-07-13,55,F,137996.0,self_employed,34.5,SPb,branch,consumer,380000,36,18.5,13833.0,712.0,4,50.7,0,0
1514,91600,2023-01-19,33,M,83569.0,self_employed,10.6,SPb,branch,consumer,200000,24,17.8,9966.0,712.0,1,24.0,8,0
1515,28935,2023-03-25,65,F,147114.0,employed,44.8,SPb,online,consumer,470000,24,18.5,23578.0,708.0,2,54.1,2,0
1516,38641,2023-06-04,48,M,106020.0,employed,25.0,Siberia,online,car,850000,48,16.0,24089.0,663.0,2,69.5,0,0
1517,30711,2024-07-18,49,M,142771.0,employed,24.0,Moscow,online,education,320000,60,15.5,7697.0,655.0,0,40.3,21,0
1518,71342,2024-09-10,23,F,57124.0,self_employed,0.8,Moscow,partner,car,660000,36,16.5,23367.0,500.0,2,83.6,90,1
1519,13182,2023-12-23,34,F,60252.0,employed,11.9,Ural,online,car,470000,60,15.5,11305.0,598.0,0,56.7,7,0
1520,88833,2024-10-08,33,M,65390.0,employed,12.3,Moscow,branch,renovation,350000,24,15.0,16970.0,786.0,1,52.1,3,0
1521,57276,2024-03-18,27,M,88706.0,employed,7.1,Ural,partner,renovation,560000,12,18.0,51341.0,597.0,2,62.1,12,0
1522,20541,2023-03-10,31,F,69925.0,employed,2.2,Moscow,online,education,200000,48,17.1,5781.0,577.0,1,42.5,0,0
1523,95457,2024-06-06,32,M,69839.0,employed,10.9,Moscow,online,consumer,250000,24,19.6,12675.0,591.0,2,58.4,27,0
1524,83310,2023-05-23,22,M,33056.0,unemployed,0.7,Moscow,online,education,140000,36,19.8,5189.0,500.0,4,60.9,180,1
1525,45813,2023-07-11,22,F,69100.0,employed,1.9,Moscow,online,consumer,220000,12,18.4,20212.0,679.0,0,24.7,16,0
1526,38198,2024-01-22,41,F,32988.0,unemployed,0.6,SPb,online,consumer,110000,36,22.6,4235.0,467.0,0,63.3,223,1
1527,9820,2024-01-13,37,F,84409.0,employed,15.7,SPb,partner,car,690000,48,14.5,19029.0,724.0,1,70.6,0,0
1528,25070,2024-08-03,35,F,100222.0,employed,13.1,Ural,partner,consumer,460000,24,19.9,23390.0,628.0,3,66.7,22,0
1529,70768,2024-06-18,26,F,110532.0,employed,6.2,Ural,branch,consumer,330000,36,18.6,12030.0,626.0,2,42.7,15,0
1530,12122,2024-11-23,33,F,90204.0,self_employed,13.7,SPb,branch,education,270000,36,17.4,9680.0,536.0,1,55.2,31,0
1531,81559,2023-10-20,38,F,62949.0,self_employed,19.2,Ural,branch,consumer,160000,24,19.7,8120.0,585.0,1,56.0,9,0
1532,74543,2023-01-09,23,M,52183.0,employed,3.3,South,online,education,200000,36,16.4,7071.0,610.0,1,39.5,27,0
1533,84441,2023-09-28,45,M,103715.0,employed,26.3,Moscow,branch,car,800000,48,13.9,21821.0,713.0,0,54.2,15,0
1534,42786,2024-01-22,29,F,40140.0,unemployed,0.3,Moscow,branch,education,140000,24,17.8,6976.0,555.0,1,56.9,151,1
1535,95934,2023-04-03,65,F,32104.0,unemployed,0.4,Siberia,partner,education,130000,24,19.0,6553.0,500.0,0,56.0,90,1
1536,7737,2024-06-12,34,M,77243.0,employed,4.7,SPb,branch,car,510000,24,15.6,24874.0,540.0,0,50.1,5,0
1537,37062,2023-06-03,32,M,88403.0,self_employed,11.4,Siberia,branch,car,530000,36,15.9,18607.0,640.0,3,71.8,0,0
1538,55237,2024-02-09,39,F,92998.0,employed,13.0,SPb,partner,education,450000,60,16.9,11159.0,542.0,0,60.1,242,1
1539,52571,2023-05-29,40,F,122227.0,employed,20.3,Moscow,online,car,1060000,48,15.7,29878.0,634.0,0,78.2,22,0
1540,26510,2023-09-24,50,M,111372.0,employed,29.2,SPb,partner,consumer,370000,6,17.7,64889.0,753.0,1,50.2,38,0
1541,20426,2024-02-26,33,F,77109.0,employed,13.6,Ural,online,education,140000,60,15.6,3375.0,648.0,1,30.5,32,0
1542,38265,2024-09-09,44,F,73551.0,freelance,25.3,SPb,partner,consumer,330000,12,19.7,30522.0,608.0,1,54.7,13,0
1543,18850,2024-04-16,67,F,120501.0,employed,45.0,SPb,online,consumer,310000,48,18.6,9204.0,683.0,4,62.9,3,0
1544,67150,2024-06-30,39,F,89760.0,self_employed,19.1,South,branch,renovation,610000,60,17.4,15292.0,657.0,0,56.6,10,0
1545,88312,2024-09-22,31,M,50924.0,freelance,12.3,Ural,online,consumer,150000,36,19.7,5552.0,561.0,1,50.2,9,0
1546,90613,2024-06-09,47,F,86769.0,employed,28.1,Ural,online,consumer,270000,12,18.4,24805.0,702.0,1,38.0,12,0
1547,75910,2024-05-17,27,M,65935.0,employed,2.8,Siberia,online,car,540000,24,13.5,25800.0,659.0,1,57.6,0,0
1548,53375,2023-01-14,22,F,44634.0,freelance,0.0,Moscow,partner,consumer,140000,24,20.7,7173.0,550.0,0,44.8,21,0
1549,36435,2024-10-13,55,M,121806.0,employed,36.8,Ural,branch,car,1030000,36,12.4,34408.0,798.0,2,65.9,37,0
1550,97443,2023-12-30,24,M,52280.0,employed,4.8,South,online,car,360000,60,15.4,8640.0,626.0,1,67.9,0,0
1551,58132,2023-04-29,22,M,88544.0,employed,1.7,Siberia,partner,car,470000,48,16.3,13392.0,567.0,1,58.2,12,0
1552,79945,2023-08-26,32,M,98609.0,employed,13.8,SPb,partner,education,390000,36,16.5,13808.0,655.0,2,59.3,0,0
1553,83050,2024-06-29,26,F,48807.0,freelance,4.6,SPb,online,renovation,320000,60,16.5,7867.0,719.0,1,45.5,5,0
1554,96402,2023-06-18,46,F,109264.0,self_employed,26.5,SPb,branch,car,830000,48,15.4,23268.0,671.0,1,73.5,2,0
1555,3983,2024-06-05,31,F,69277.0,employed,11.5,Ural,partner,car,500000,36,14.4,17186.0,677.0,2,62.3,6,0
1556,98241,2024-09-25,41,F,124653.0,employed,22.1,Moscow,partner,renovation,820000,36,15.8,28748.0,747.0,0,69.2,37,0
1557,21662,2024-10-18,38,M,29026.0,unemployed,0.4,Moscow,branch,consumer,70000,24,21.5,3614.0,555.0,3,78.6,90,1
1558,24510,2024-05-30,39,F,103042.0,employed,15.1,SPb,branch,car,1020000,48,14.6,28181.0,708.0,0,80.1,0,0
1559,79187,2024-02-01,32,F,83139.0,employed,9.3,Ural,partner,car,650000,60,14.7,15361.0,677.0,0,55.5,23,0
1560,41998,2023-04-16,26,F,18000.0,unemployed,2.0,Ural,online,car,350000,60,17.2,8736.0,557.0,0,62.2,7,0
1561,57846,2023-03-26,27,M,29676.0,unemployed,0.6,Siberia,branch,education,120000,24,19.6,6084.0,403.0,2,63.4,191,1
1562,95071,2023-08-02,30,F,71562.0,employed,9.4,Moscow,online,consumer,280000,24,19.8,14223.0,586.0,2,52.4,3,0
1563,7640,2023-05-01,45,F,148434.0,employed,26.1,Moscow,online,consumer,550000,12,20.0,50949.0,674.0,5,75.2,0,0
1564,45547,2023-05-12,37,M,77238.0,employed,15.7,South,partner,education,240000,36,15.9,8426.0,632.0,1,41.4,3,0
1565,55620,2023-07-16,30,F,54363.0,employed,4.9,Siberia,branch,education,230000,36,16.1,8097.0,594.0,3,70.1,6,0
1566,16317,2023-01-19,58,F,100635.0,self_employed,39.8,Siberia,online,renovation,810000,48,17.9,23751.0,646.0,1,74.4,127,1
1567,8564,2024-10-03,59,M,109641.0,employed,39.2,Moscow,branch,car,780000,60,11.9,17311.0,835.0,2,49.6,33,0
1568,28345,2023-01-12,36,F,128533.0,employed,17.5,Moscow,branch,car,1270000,36,14.8,43901.0,705.0,0,84.8,16,0
1569,95223,2023-03-22,21,F,62794.0,employed,13.0,Ural,branch,consumer,190000,24,19.1,9587.0,669.0,3,67.1,2,0
1570,80273,2023-11-26,45,F,31014.0,unemployed,0.0,South,partner,car,350000,24,18.3,17524.0,559.0,2,67.5,0,0
1571,75859,2024-01-27,26,M,102993.0,employed,1.6,Moscow,branch,car,1120000,36,13.9,38225.0,766.0,2,79.7,18,0
1572,81765,2024-09-28,29,F,80784.0,employed,10.8,South,online,consumer,190000,12,17.7,17392.0,708.0,0,31.1,10,0
1573,75038,2023-11-03,64,M,39208.0,unemployed,0.1,Moscow,online,renovation,230000,12,21.5,21471.0,431.0,1,55.5,147,1
1574,53393,2023-09-24,37,M,144059.0,employed,18.8,Moscow,online,car,1320000,60,15.2,31541.0,715.0,0,82.1,20,0
1575,67081,2024-03-22,19,F,100398.0,employed,0.0,Moscow,partner,education,240000,12,14.9,21651.0,706.0,2,41.7,23,0
1576,30430,2024-03-16,27,F,117726.0,employed,8.5,Moscow,online,consumer,300000,48,16.6,8595.0,785.0,5,40.0,8,0
1577,76532,2024-10-13,28,F,100001.0,employed,9.5,South,branch,consumer,350000,36,17.0,12478.0,729.0,0,38.0,12,0
1578,28788,2023-01-02,19,M,67989.0,employed,0.4,SPb,branch,consumer,260000,36,19.4,9583.0,627.0,0,53.6,9,0
1579,96505,2024-06-03,26,M,88935.0,employed,6.0,Moscow,online,car,640000,48,15.3,17909.0,552.0,1,66.9,180,1
1580,49543,2024-10-12,29,F,65581.0,employed,6.4,Moscow,partner,car,580000,24,12.7,27493.0,763.0,1,55.5,10,0
1581,14919,2024-09-27,20,M,92675.0,employed,13.0,SPb,branch,education,240000,24,14.6,11591.0,642.0,2,38.8,0,0
1582,70346,2023-11-05,31,F,80826.0,employed,10.5,Moscow,branch,consumer,300000,24,18.5,15050.0,663.0,1,47.3,26,0
1583,97122,2024-06-05,62,F,126080.0,employed,13.0,Moscow,online,car,1040000,60,13.9,24145.0,716.0,5,83.8,143,1
1584,40974,2024-04-13,37,F,127070.0,employed,18.8,Moscow,branch,renovation,840000,60,16.7,20741.0,672.0,2,66.6,22,0
1585,17371,2023-07-31,52,M,135640.0,employed,32.0,Moscow,partner,consumer,430000,24,18.9,21655.0,709.0,0,38.3,33,0
1586,46084,2023-04-22,46,F,29647.0,unemployed,0.4,South,branch,education,80000,24,17.3,3967.0,602.0,1,40.9,0,0
1587,30629,2023-01-08,46,F,74669.0,employed,25.1,SPb,online,consumer,260000,48,18.9,7760.0,667.0,3,39.4,2,0
1588,52184,2024-04-21,33,M,44249.0,employed,12.4,Siberia,branch,car,350000,48,13.5,9477.0,679.0,3,45.7,0,0
1589,62916,2024-04-04,49,M,70436.0,self_employed,30.9,Siberia,online,car,550000,12,14.9,49616.0,656.0,1,61.0,4,0
1590,74972,2023-09-10,41,M,62304.0,employed,21.4,South,online,consumer,180000,36,18.6,6562.0,669.0,1,42.1,0,0
1591,63187,2024-06-09,28,M,134162.0,self_employed,7.6,Moscow,partner,consumer,550000,12,20.6,51107.0,565.0,0,63.0,186,1
1592,13984,2024-03-13,22,F,79832.0,self_employed,1.3,Ural,online,car,560000,36,16.3,19771.0,612.0,0,59.9,16,0
1593,34039,2024-10-22,36,F,88985.0,self_employed,18.0,SPb,branch,consumer,300000,24,17.8,14948.0,711.0,2,57.4,10,0
1594,86431,2023-08-24,40,F,109307.0,self_employed,21.3,Ural,branch,consumer,280000,12,19.1,25817.0,643.0,0,49.5,17,0
1595,84691,2023-11-02,33,F,95796.0,employed,6.0,SPb,online,car,690000,24,14.2,33194.0,695.0,2,58.8,18,0
1596,59606,2024-04-22,39,F,106674.0,self_employed,18.9,Moscow,online,car,770000,48,14.6,21274.0,673.0,0,69.3,6,0
1597,11616,2024-11-09,29,M,86271.0,employed,7.4,Ural,branch,renovation,390000,36,15.6,13634.0,681.0,0,37.9,4,0
1598,51072,2023-01-20,53,F,99437.0,employed,33.9,Moscow,branch,consumer,190000,36,19.0,6965.0,641.0,1,34.8,0,0
1599,25574,2023-08-04,38,F,18132.0,unemployed,1.4,South,branch,consumer,70000,24,22.4,3645.0,487.0,1,53.8,16,0
1600,4430,2023-05-15,38,F,85012.0,employed,18.7,Moscow,branch,renovation,490000,24,16.3,24062.0,726.0,2,54.5,8,0
1601,13676,2023-05-09,50,F,46621.0,unemployed,0.5,Ural,partner,car,360000,60,17.0,8947.0,599.0,0,52.2,8,0
1602,11816,2024-02-14,44,F,74548.0,employed,24.4,Siberia,online,renovation,300000,48,17.0,8657.0,697.0,1,33.8,10,0
1603,33733,2024-02-26,55,F,103295.0,employed,35.2,Moscow,partner,consumer,270000,24,17.8,13453.0,738.0,0,32.3,6,0
1604,86680,2023-10-21,28,F,93459.0,employed,8.8,South,online,education,250000,48,16.4,7136.0,572.0,1,45.8,34,0
1605,3050,2023-09-03,29,M,53189.0,self_employed,13.9,SPb,online,consumer,130000,24,19.4,6578.0,683.0,0,31.3,0,0
1606,34933,2024-12-01,19,F,51044.0,employed,0.0,South,branch,consumer,210000,60,19.5,5505.0,559.0,3,51.3,11,0
1607,25951,2024-07-09,39,F,156306.0,employed,19.6,Moscow,online,car,1240000,24,14.7,59947.0,628.0,0,84.5,20,0
1608,33413,2023-03-27,56,M,109192.0,employed,37.3,Siberia,online,education,270000,60,15.7,6523.0,607.0,2,53.9,29,0
1609,35801,2024-07-09,35,M,103951.0,self_employed,13.9,Moscow,branch,consumer,360000,12,18.5,33091.0,671.0,2,46.9,3,0
1610,56619,2024-01-10,21,F,55149.0,employed,0.0,SPb,branch,renovation,330000,36,17.0,11765.0,608.0,3,49.0,23,0
1611,33913,2024-03-21,42,M,72701.0,freelance,17.5,SPb,online,consumer,250000,36,19.5,9227.0,649.0,0,38.1,7,0
1612,41600,2024-01-13,66,M,121691.0,employed,45.0,SPb,branch,consumer,400000,12,18.4,36748.0,714.0,2,52.5,5,0
1613,58775,2024-01-25,41,F,72013.0,employed,22.0,SPb,online,consumer,210000,48,17.8,6147.0,659.0,2,37.9,20,0
1614,91816,2024-10-18,22,F,68254.0,employed,0.0,Siberia,online,car,550000,60,16.0,13375.0,509.0,2,77.0,146,1
1615,91093,2023-02-20,58,F,39907.0,unemployed,0.3,Siberia,online,consumer,160000,24,21.1,8230.0,579.0,3,56.3,5,0
1616,36400,2023-08-30,25,M,86020.0,employed,3.8,SPb,online,consumer,200000,24,17.7,9956.0,745.0,1,31.4,15,0
1617,5494,2023-10-21,29,M,70333.0,employed,10.4,SPb,online,consumer,210000,48,19.4,6323.0,673.0,2,50.0,0,0
1618,81688,2024-07-16,35,M,83504.0,freelance,14.0,SPb,branch,car,800000,36,15.7,28007.0,624.0,0,71.4,35,0
1619,90431,2023-09-23,49,M,105611.0,employed,25.5,Ural,online,consumer,330000,36,20.4,12331.0,595.0,4,63.0,43,0
1620,75691,2023-04-30,44,M,114156.0,self_employed,23.7,Moscow,online,consumer,400000,6,21.5,70909.0,529.0,2,62.7,90,1
1621,98419,2024-12-12,24,F,48847.0,employed,4.1,Siberia,online,consumer,170000,12,19.6,15715.0,560.0,2,53.6,170,1
1622,44001,2023-09-05,43,F,83344.0,employed,9.9,Siberia,online,consumer,260000,24,19.2,13132.0,664.0,1,47.8,0,0
1623,68364,2023-03-11,29,M,79831.0,employed,10.9,Ural,online,renovation,370000,48,17.2,10715.0,622.0,1,38.5,10,0
1624,46028,2023-02-26,48,M,74681.0,employed,28.8,Siberia,online,consumer,170000,12,20.6,15797.0,547.0,0,71.7,191,1
1625,98659,2024-01-17,21,M,30818.0,freelance,0.0,South,branch,car,360000,36,15.5,12568.0,619.0,4,59.0,0,0
1626,38573,2023-02-08,19,M,79977.0,freelance,0.0,South,partner,consumer,250000,24,20.0,12724.0,605.0,3,44.8,16,0
1627,1806,2024-03-18,29,M,89444.0,employed,8.7,Ural,online,renovation,460000,36,18.1,16653.0,591.0,0,62.8,172,1
1628,57638,2023-01-18,60,F,23498.0,unemployed,0.0,Ural,online,renovation,180000,60,19.7,4739.0,537.0,0,44.1,31,0
1629,30757,2023-12-18,46,M,65354.0,employed,26.8,Ural,online,consumer,190000,36,18.8,6945.0,681.0,1,31.2,21,0
1630,35636,2023-10-25,28,M,75811.0,employed,9.8,SPb,online,consumer,240000,24,19.0,12098.0,695.0,0,34.0,0,0
1631,81097,2023-10-10,32,M,103588.0,self_employed,13.0,SPb,branch,consumer,250000,48,19.2,7501.0,688.0,2,38.9,11,0
1632,49280,2024-08-08,23,F,37035.0,self_employed,3.8,Siberia,online,car,350000,48,14.9,9723.0,595.0,1,58.2,21,0
1633,25262,2023-04-20,41,M,74862.0,employed,21.0,South,online,consumer,330000,36,20.5,12348.0,561.0,2,62.1,28,0
1634,81435,2023-06-29,35,M,89006.0,self_employed,15.5,Moscow,partner,consumer,320000,24,20.8,16412.0,603.0,0,64.4,110,1
1635,63211,2024-06-27,42,M,88788.0,employed,21.8,Moscow,partner,car,1040000,36,15.5,36307.0,604.0,0,81.0,0,0
1636,55842,2023-01-25,25,F,64428.0,self_employed,6.3,Moscow,partner,consumer,200000,36,20.0,7433.0,598.0,1,40.2,6,0
1637,57979,2023-02-26,39,M,44101.0,freelance,20.4,Siberia,partner,car,440000,24,17.0,21755.0,543.0,2,70.8,0,0
1638,82470,2023-06-29,28,M,56300.0,self_employed,8.7,SPb,online,consumer,270000,36,20.0,10034.0,588.0,2,61.4,0,0
1639,39197,2023-08-20,31,M,59263.0,employed,11.1,Ural,online,education,130000,48,15.4,3644.0,684.0,1,36.5,6,0
1640,42844,2023-12-09,53,M,69021.0,self_employed,33.7,SPb,branch,consumer,170000,48,18.3,5020.0,718.0,2,42.1,14,0
1641,65754,2024-04-21,27,M,72349.0,self_employed,6.4,South,branch,consumer,250000,36,19.1,9177.0,659.0,1,44.7,16,0
1642,35157,2024-07-29,35,M,80296.0,employed,15.9,SPb,branch,car,580000,36,13.9,19795.0,695.0,4,52.4,21,0
1643,78129,2024-03-30,21,M,34880.0,employed,2.4,Ural,online,consumer,140000,36,18.5,5097.0,658.0,0,39.5,18,0
1644,41042,2023-08-20,65,M,42942.0,unemployed,0.6,Moscow,online,renovation,270000,24,21.7,13967.0,436.0,2,60.5,140,1
1645,62665,2023-10-16,30,M,81324.0,employed,11.3,Ural,online,renovation,440000,12,16.1,39942.0,724.0,1,42.6,12,0
1646,83856,2023-08-01,28,M,94306.0,employed,13.0,Moscow,online,consumer,380000,48,21.2,11808.0,515.0,1,62.8,18,0
1647,28376,2023-09-15,47,M,81837.0,employed,15.9,South,branch,renovation,540000,36,18.4,19631.0,596.0,1,60.8,0,0
1648,56554,2024-06-13,48,F,83620.0,self_employed,26.4,Siberia,branch,renovation,600000,24,16.9,29637.0,643.0,0,55.4,155,1
1649,15199,2024-11-17,26,F,21251.0,unemployed,0.9,Moscow,partner,consumer,80000,48,21.9,2516.0,488.0,1,61.6,146,1
1650,82412,2023-08-17,24,F,76285.0,self_employed,1.2,Moscow,partner,renovation,560000,36,19.1,20556.0,602.0,3,81.6,151,1
1651,51948,2023-08-14,34,F,100048.0,employed,9.8,Moscow,branch,renovation,630000,48,16.4,17984.0,724.0,0,41.4,10,0
1652,74781,2024-08-18,35,F,106833.0,self_employed,13.3,Moscow,online,consumer,360000,24,20.5,18411.0,561.0,2,77.1,181,1
1653,73750,2024-03-10,29,F,48276.0,self_employed,10.7,Siberia,branch,renovation,310000,48,18.7,9220.0,561.0,2,55.4,27,0
1654,67262,2024-02-06,37,F,51201.0,self_employed,19.0,South,branch,education,190000,36,16.6,6736.0,549.0,3,54.1,30,0
1655,47600,2024-09-13,49,M,107496.0,employed,30.4,Ural,online,renovation,720000,48,15.8,20331.0,731.0,0,51.6,14,0
1656,77898,2023-03-29,25,M,58264.0,self_employed,13.9,Moscow,partner,consumer,150000,48,21.1,4653.0,504.0,2,65.6,173,1
1657,63483,2024-08-06,32,F,57119.0,employed,13.0,Ural,online,consumer,150000,36,18.9,5491.0,634.0,2,47.5,21,0
1658,19297,2024-06-25,44,F,61165.0,employed,23.9,Siberia,branch,education,230000,24,13.6,11000.0,689.0,1,31.3,11,0
1659,31448,2024-11-14,42,M,121577.0,employed,21.8,South,online,car,1410000,48,14.8,39099.0,660.0,1,84.8,42,0
1660,27172,2023-11-05,22,F,32321.0,unemployed,0.0,Moscow,online,car,350000,48,16.6,10027.0,595.0,0,58.1,110,1
1661,43874,2023-12-09,19,M,69751.0,employed,0.3,Ural,partner,education,260000,48,17.6,7583.0,538.0,0,47.1,49,0
1662,8657,2024-03-11,36,M,36632.0,unemployed,0.1,SPb,online,consumer,100000,24,21.0,5139.0,597.0,2,68.9,31,0
1663,85386,2023-06-26,32,M,65089.0,employed,10.7,SPb,online,consumer,150000,12,19.9,13888.0,605.0,1,38.6,24,0
1664,26425,2023-05-19,49,M,103984.0,self_employed,29.0,Ural,branch,car,790000,60,15.7,19086.0,623.0,1,67.7,11,0
1665,27685,2023-07-13,33,M,119837.0,employed,11.7,SPb,online,consumer,550000,12,19.8,50896.0,650.0,0,52.5,13,0
1666,25578,2023-07-05,31,F,55282.0,employed,11.6,SPb,online,car,460000,48,15.8,12989.0,635.0,4,71.8,14,0
1667,29831,2023-08-06,23,F,45557.0,self_employed,0.8,Moscow,partner,renovation,270000,48,19.2,8102.0,574.0,0,41.9,23,0
1668,8906,2023-06-13,30,F,115260.0,self_employed,8.6,SPb,branch,consumer,300000,24,20.7,15372.0,602.0,2,50.7,157,1
1669,62413,2023-06-10,46,M,53721.0,freelance,24.8,Siberia,online,renovation,330000,24,18.9,16619.0,616.0,0,64.4,123,1
1670,55028,2024-06-08,32,F,71628.0,self_employed,13.9,Moscow,branch,education,230000,24,14.5,11097.0,714.0,2,40.8,14,0
1671,8287,2024-08-23,27,M,55829.0,self_employed,3.1,Siberia,branch,education,140000,48,15.9,3960.0,626.0,2,45.4,53,0
1672,34660,2023-02-11,65,M,45238.0,unemployed,0.4,Moscow,partner,car,470000,48,17.0,13562.0,550.0,3,82.2,179,1
1673,76758,2023-07-29,38,F,75315.0,employed,19.6,SPb,online,renovation,450000,36,16.4,15910.0,701.0,2,50.0,0,0
1674,61504,2023-10-02,66,M,72642.0,employed,43.8,South,online,renovation,490000,36,16.2,17275.0,749.0,0,43.2,9,0
1675,60720,2023-10-06,25,M,103635.0,employed,5.0,Ural,branch,renovation,440000,48,17.6,12833.0,645.0,4,59.7,8,0
1676,35701,2023-09-08,58,M,56726.0,employed,39.9,Siberia,online,consumer,180000,36,19.5,6644.0,623.0,0,44.2,0,0
1677,84300,2023-11-06,39,F,71558.0,self_employed,16.4,Ural,online,car,530000,60,14.2,12387.0,674.0,0,50.6,10,0
1678,18674,2024-12-20,35,M,105626.0,employed,15.3,SPb,online,consumer,330000,24,16.9,16300.0,724.0,2,34.3,35,0
1679,84560,2023-05-20,31,F,55205.0,employed,8.8,Ural,online,consumer,130000,12,18.8,11968.0,634.0,2,36.0,38,0
1680,24874,2024-06-29,34,F,101783.0,employed,11.8,SPb,partner,car,700000,36,14.6,24129.0,681.0,2,60.4,11,0
1681,44642,2024-06-13,60,F,78862.0,self_employed,41.7,Siberia,branch,consumer,150000,24,19.0,7561.0,631.0,1,33.9,25,0
1682,98820,2023-02-26,41,F,102654.0,employed,20.2,Ural,partner,car,850000,36,14.8,29382.0,703.0,1,84.3,209,1
1683,66160,2023-04-22,23,M,62391.0,employed,3.7,Siberia,partner,education,240000,24,18.0,11982.0,522.0,2,63.5,33,0
1684,18602,2023-01-05,49,M,124365.0,self_employed,28.6,Siberia,branch,consumer,350000,12,19.3,32305.0,688.0,1,52.2,31,0
1685,89801,2024-02-14,48,M,62960.0,freelance,29.7,Siberia,partner,renovation,460000,24,20.2,23457.0,543.0,0,62.8,105,1
1686,26931,2024-02-18,28,M,81203.0,employed,7.3,SPb,partner,consumer,290000,12,17.9,26573.0,691.0,0,35.6,38,0
1687,95377,2023-07-01,27,F,60179.0,self_employed,4.5,SPb,online,car,500000,36,16.5,17702.0,551.0,1,61.2,0,0
1688,30192,2023-01-13,32,M,64600.0,employed,1.0,South,branch,consumer,150000,60,19.8,3957.0,600.0,3,63.0,0,0
1689,47542,2023-12-05,19,M,34965.0,unemployed,0.1,Moscow,online,consumer,70000,36,23.1,2713.0,450.0,4,67.0,151,1
1690,43520,2023-09-16,45,F,111824.0,employed,26.5,Moscow,branch,renovation,730000,48,18.0,21444.0,626.0,3,70.9,12,0
1691,65772,2023-03-31,49,F,37865.0,unemployed,1.2,Moscow,branch,car,350000,60,15.5,8419.0,658.0,0,52.9,23,0
1692,59762,2024-09-07,25,F,30380.0,unemployed,0.2,Moscow,online,car,350000,60,17.0,8698.0,518.0,2,76.6,152,1
1693,51106,2024-11-28,58,F,95656.0,freelance,38.4,Ural,online,education,350000,48,15.8,9883.0,655.0,2,57.9,9,0
1694,82121,2023-09-07,51,F,79568.0,employed,25.6,South,online,consumer,230000,24,19.3,11628.0,673.0,1,40.9,16,0
1695,26559,2023-09-12,49,F,98094.0,employed,30.4,Moscow,branch,consumer,170000,12,17.8,15569.0,718.0,2,36.2,35,0
1696,34742,2024-08-10,23,M,106631.0,employed,3.1,Siberia,branch,car,800000,48,14.8,22184.0,605.0,0,65.0,0,0
1697,70669,2023-04-18,49,F,81712.0,freelance,28.4,SPb,partner,consumer,280000,24,20.4,14306.0,650.0,3,65.6,13,0
1698,81199,2024-10-29,38,F,61048.0,freelance,19.4,Ural,online,car,350000,48,14.8,9705.0,650.0,0,58.3,6,0
1699,22754,2024-08-16,30,M,18000.0,unemployed,0.4,Siberia,partner,education,80000,36,18.0,2892.0,538.0,3,59.7,9,0
1700,4972,2024-08-11,40,M,84539.0,self_employed,14.7,Siberia,online,car,860000,36,16.9,30619.0,513.0,0,79.7,5,0
1701,71831,2024-04-29,33,F,79641.0,employed,13.9,Moscow,partner,car,490000,48,13.9,13365.0,681.0,1,49.4,1,0
1702,42873,2023-09-15,37,F,95225.0,employed,16.0,Moscow,online,renovation,530000,48,17.9,15541.0,620.0,0,51.2,5,0
1703,95661,2024-09-30,27,M,74900.0,employed,8.6,South,online,consumer,310000,36,17.4,11114.0,667.0,0,35.9,0,0
1704,10903,2023-10-09,67,M,105887.0,employed,45.0,Moscow,online,car,950000,24,13.5,45388.0,786.0,2,71.6,0,0
1705,4020,2023-03-29,29,F,53103.0,self_employed,10.0,Moscow,partner,consumer,150000,48,20.2,4581.0,624.0,3,54.4,8,0
1706,42755,2023-07-23,28,F,27828.0,unemployed,0.0,SPb,branch,consumer,140000,12,23.2,13184.0,447.0,2,75.9,124,1
1707,86956,2023-01-16,32,M,93673.0,self_employed,13.6,Siberia,online,car,870000,60,17.0,21622.0,509.0,1,83.5,17,0
1708,87988,2023-05-31,21,M,43167.0,freelance,2.9,Ural,partner,renovation,260000,36,21.0,9796.0,457.0,2,67.8,207,1
1709,46648,2023-09-11,60,F,76082.0,freelance,31.7,Ural,partner,consumer,230000,48,19.1,6889.0,735.0,1,51.0,14,0
1710,10516,2023-07-07,32,M,63998.0,employed,12.4,Ural,online,renovation,430000,36,18.3,15610.0,590.0,0,56.9,0,0
1711,3396,2023-11-25,40,F,49134.0,employed,17.5,Siberia,branch,car,490000,24,14.4,23619.0,688.0,0,46.4,0,0
1712,85082,2024-06-27,28,M,68691.0,self_employed,2.4,Moscow,online,education,160000,12,15.7,14494.0,632.0,0,45.7,176,1
1713,20129,2024-02-01,25,M,86467.0,employed,6.3,Moscow,online,consumer,400000,36,20.6,14988.0,628.0,2,73.1,90,1
1714,2591,2024-05-31,29,M,78349.0,employed,4.9,Moscow,online,renovation,470000,36,16.8,16710.0,633.0,0,50.0,11,0
1715,12303,2024-04-03,57,M,110557.0,employed,35.3,Moscow,partner,renovation,510000,36,15.6,17830.0,782.0,2,48.5,23,0
1716,31561,2023-11-26,49,M,26046.0,unemployed,0.0,Moscow,partner,car,350000,48,17.1,10117.0,577.0,0,56.2,10,0
1717,72719,2023-06-18,24,M,63461.0,employed,1.0,Siberia,branch,car,710000,48,14.0,19402.0,714.0,2,66.0,19,0
1718,93108,2024-11-23,26,F,45789.0,self_employed,7.6,South,online,consumer,150000,48,20.4,4597.0,564.0,1,53.1,0,0
1719,87231,2024-01-01,42,M,76392.0,freelance,23.1,Siberia,online,car,660000,24,15.9,32284.0,626.0,2,81.7,178,1
1720,8314,2023-06-27,31,F,87112.0,self_employed,12.6,Moscow,online,consumer,290000,12,20.9,26989.0,600.0,1,61.5,10,0
1721,20623,2024-10-16,22,M,67180.0,self_employed,0.0,Ural,online,renovation,410000,48,17.9,12022.0,552.0,1,69.7,219,1
1722,68675,2023-12-28,20,F,77410.0,self_employed,1.7,Ural,branch,consumer,250000,12,20.0,23159.0,610.0,0,53.8,21,0
1723,97826,2024-09-30,20,M,73070.0,employed,0.0,Siberia,online,consumer,260000,36,19.3,9570.0,602.0,2,39.1,0,0
1724,66082,2023-02-09,64,M,106003.0,employed,45.0,South,branch,education,270000,60,15.7,6523.0,653.0,3,45.2,0,0
1725,84624,2024-02-20,39,F,32202.0,unemployed,0.4,Siberia,online,car,350000,36,16.8,12444.0,579.0,2,73.4,157,1
1726,34130,2023-12-21,49,F,103816.0,employed,13.0,Ural,branch,consumer,320000,12,19.2,29521.0,669.0,1,39.9,11,0
1727,52756,2023-09-12,20,F,75655.0,self_employed,0.0,Ural,partner,consumer,150000,36,20.6,5621.0,617.0,1,63.7,0,0
1728,98624,2023-05-23,19,F,45910.0,employed,0.0,Siberia,branch,renovation,370000,48,19.1,11083.0,526.0,1,63.1,2,0
1729,27292,2024-12-10,37,F,85619.0,employed,17.8,Moscow,branch,consumer,240000,36,16.5,8497.0,718.0,0,31.1,0,0
1730,87206,2024-07-30,50,M,50678.0,unemployed,0.4,Moscow,online,consumer,210000,24,21.9,10884.0,483.0,1,65.3,177,1
1731,70274,2023-01-11,48,F,68017.0,freelance,18.5,SPb,branch,car,790000,60,15.8,19127.0,617.0,1,79.1,196,1
1732,3469,2024-09-11,53,F,72773.0,employed,34.9,Siberia,branch,consumer,240000,48,17.2,6950.0,736.0,2,55.5,21,0
1733,54947,2023-01-26,49,F,36403.0,unemployed,0.4,Moscow,online,consumer,120000,36,21.8,4570.0,549.0,1,58.6,13,0
1734,23534,2024-02-25,33,F,97053.0,self_employed,14.2,SPb,branch,consumer,250000,12,19.6,23111.0,638.0,1,52.8,3,0
1735,64620,2024-10-24,50,M,92543.0,employed,13.0,SPb,branch,consumer,330000,24,18.8,16603.0,644.0,2,53.3,10,0
1736,49874,2023-08-09,44,M,115795.0,self_employed,21.6,SPb,branch,car,670000,48,13.3,18074.0,779.0,2,58.7,4,0
1737,50708,2024-05-10,29,F,84748.0,employed,6.7,SPb,branch,car,1230000,48,14.0,33612.0,660.0,3,82.6,195,1
1738,75553,2023-08-25,28,F,56312.0,self_employed,8.3,Siberia,online,car,440000,48,15.5,12357.0,634.0,2,65.6,49,0
1739,69344,2023-08-25,19,F,100509.0,employed,0.5,Ural,online,car,590000,36,15.1,20481.0,628.0,1,53.2,4,0
1740,50138,2023-08-07,30,F,44408.0,employed,9.4,South,branch,car,420000,48,15.4,11774.0,623.0,2,51.2,41,0
1741,55302,2024-05-01,63,M,116787.0,self_employed,40.3,Moscow,branch,car,1330000,60,14.9,31571.0,676.0,0,84.0,193,1
1742,48638,2024-04-05,30,M,54022.0,freelance,4.7,SPb,branch,car,350000,60,13.7,8090.0,680.0,2,43.6,0,0
1743,79249,2024-10-24,38,M,95890.0,self_employed,18.2,SPb,branch,consumer,320000,48,18.1,9417.0,657.0,1,40.9,0,0
1744,3719,2024-09-26,23,F,96470.0,employed,4.2,Moscow,branch,education,350000,24,14.4,16871.0,656.0,1,33.3,12,0
1745,23890,2023-05-24,33,F,42053.0,freelance,14.6,Moscow,branch,car,350000,60,14.2,8180.0,724.0,1,43.0,16,0
1746,78236,2023-07-08,24,M,48163.0,self_employed,1.2,SPb,branch,education,170000,24,17.0,8405.0,577.0,0,37.4,17,0
1747,37509,2023-09-12,56,F,100464.0,self_employed,35.7,Siberia,online,consumer,500000,36,20.6,18735.0,578.0,0,61.6,212,1
1748,43534,2023-03-09,35,M,134313.0,employed,13.6,Moscow,partner,consumer,550000,12,20.1,50975.0,622.0,2,76.3,0,0
1749,93241,2024-09-07,53,M,71429.0,freelance,34.5,Moscow,partner,education,240000,60,16.2,5862.0,610.0,1,52.3,2,0
1750,19787,2023-12-02,48,F,33833.0,unemployed,0.5,Ural,branch,renovation,190000,12,19.5,17555.0,565.0,2,60.9,0,0
1751,49845,2024-11-01,35,M,43881.0,freelance,6.7,Ural,branch,car,380000,48,16.0,10769.0,563.0,2,68.4,5,0
1752,58932,2024-02-13,22,F,19191.0,unemployed,0.3,Moscow,branch,renovation,180000,60,18.9,4659.0,582.0,0,54.7,24,0
1753,93124,2023-10-27,33,F,58839.0,employed,13.5,South,branch,consumer,180000,24,19.2,9091.0,584.0,4,46.3,38,0
1754,92659,2024-08-24,27,F,65583.0,freelance,7.2,Moscow,online,renovation,390000,36,18.2,14139.0,579.0,0,73.6,188,1
1755,34062,2023-12-23,43,M,131722.0,employed,17.1,Moscow,partner,consumer,540000,48,16.3,15387.0,850.0,1,50.8,28,0
1756,76713,2023-09-13,38,M,139439.0,employed,19.3,SPb,partner,education,280000,24,15.3,13616.0,672.0,4,56.4,21,0
1757,88263,2023-12-19,58,F,103169.0,self_employed,35.1,Moscow,online,car,720000,60,15.9,17471.0,587.0,0,70.8,2,0
1758,96756,2024-06-04,28,F,69441.0,self_employed,9.9,Moscow,online,consumer,230000,60,19.4,6017.0,628.0,0,44.6,32,0
1759,61461,2024-06-07,47,F,81238.0,employed,22.7,Ural,branch,renovation,360000,60,16.5,8850.0,674.0,0,42.4,0,0
1760,76418,2024-11-24,28,M,97205.0,employed,7.3,South,online,education,260000,24,15.8,12706.0,597.0,3,49.4,3,0
1761,67672,2023-10-11,46,M,92933.0,employed,26.1,SPb,online,renovation,530000,60,17.8,13401.0,651.0,3,53.3,19,0
1762,35832,2023-11-08,34,F,94651.0,employed,12.3,SPb,online,car,730000,36,14.2,25021.0,724.0,3,57.9,23,0
1763,32966,2023-04-09,21,F,67708.0,employed,2.8,South,online,education,200000,60,15.4,4800.0,677.0,1,39.0,15,0
1764,73545,2023-07-16,56,M,95690.0,employed,37.3,Moscow,partner,car,890000,60,14.4,20894.0,726.0,3,69.3,123,1
1765,13987,2024-04-26,33,M,86552.0,employed,13.4,SPb,online,renovation,640000,36,17.1,22850.0,688.0,1,57.6,0,0
1766,38311,2023-08-14,59,F,50019.0,unemployed,0.0,Moscow,online,car,600000,36,19.0,21994.0,445.0,2,82.1,167,1
1767,32575,2024-09-06,34,M,81161.0,freelance,15.5,SPb,branch,renovation,620000,48,17.4,18019.0,624.0,1,64.0,12,0
1768,64852,2024-09-09,37,M,84396.0,employed,17.6,SPb,branch,education,220000,36,14.0,7519.0,680.0,1,45.4,6,0
1769,2007,2023-12-31,44,M,29182.0,unemployed,0.5,Ural,branch,consumer,80000,24,23.5,4210.0,427.0,2,77.9,215,1
1770,71981,2024-01-03,33,M,69971.0,self_employed,11.9,SPb,branch,renovation,460000,48,18.0,13512.0,617.0,2,56.6,5,0
1771,77242,2024-07-23,53,F,86853.0,employed,27.4,South,online,consumer,200000,36,18.5,7281.0,619.0,2,34.2,182,1
1772,48517,2024-08-12,33,M,92418.0,employed,14.5,Moscow,online,car,920000,60,15.1,21935.0,653.0,2,82.3,0,0
1773,30257,2023-03-16,26,M,99602.0,employed,7.4,Siberia,online,consumer,310000,24,20.3,15823.0,578.0,1,59.4,10,0
1774,88272,2023-02-11,25,M,76421.0,employed,4.2,Moscow,partner,renovation,560000,12,19.1,51634.0,579.0,2,74.6,11,0
1775,43207,2024-02-26,43,M,94446.0,employed,23.2,SPb,branch,consumer,370000,60,17.9,9375.0,680.0,0,34.2,4,0
1776,14281,2023-06-30,45,F,173150.0,employed,23.2,Moscow,online,consumer,480000,24,17.1,23755.0,773.0,0,39.7,12,0
1777,62246,2024-06-28,58,M,93945.0,employed,39.0,South,online,education,420000,60,13.3,9621.0,770.0,4,46.8,17,0
1778,2435,2023-03-12,40,F,60245.0,freelance,19.6,Siberia,branch,consumer,170000,36,20.7,6379.0,594.0,1,54.6,14,0
1779,99875,2024-07-21,33,M,127310.0,employed,13.5,SPb,branch,car,1010000,36,14.7,34864.0,677.0,2,82.4,13,0
1780,92357,2023-04-15,29,M,59288.0,self_employed,10.0,South,online,renovation,250000,36,18.2,9063.0,590.0,1,55.8,0,0
1781,27660,2023-07-19,54,M,100681.0,self_employed,32.1,Siberia,partner,consumer,270000,12,18.7,24844.0,712.0,0,32.7,8,0
1782,6084,2023-04-11,62,M,21831.0,unemployed,0.7,South,branch,consumer,70000,36,22.0,2673.0,539.0,1,55.9,16,0
1783,83197,2023-11-03,27,F,59843.0,employed,13.0,Siberia,partner,education,150000,36,16.4,5303.0,614.0,1,44.9,0,0
1784,14507,2024-08-08,26,M,22300.0,unemployed,1.0,Moscow,online,car,350000,48,16.4,9991.0,510.0,0,61.7,21,0
1785,73595,2024-11-13,39,F,58034.0,freelance,20.4,Ural,online,consumer,190000,24,20.6,9726.0,559.0,0,52.4,0,0
1786,84807,2024-01-12,45,M,55899.0,self_employed,22.3,South,partner,consumer,180000,12,20.3,16700.0,558.0,0,41.3,11,0
1787,46539,2024-10-16,34,M,64226.0,self_employed,15.0,Moscow,branch,renovation,360000,36,18.3,13069.0,542.0,3,61.1,201,1
1788,8491,2024-11-08,43,M,76002.0,employed,24.4,Siberia,branch,car,970000,48,15.0,26996.0,583.0,0,84.2,14,0
1789,51192,2024-02-03,32,F,28106.0,unemployed,0.4,Moscow,branch,renovation,210000,48,20.2,6413.0,509.0,2,58.5,128,1
1790,81395,2023-08-09,27,M,75071.0,employed,7.4,SPb,branch,car,480000,48,14.4,13213.0,659.0,1,53.0,17,0
1791,64888,2024-08-17,22,M,49894.0,self_employed,0.9,Moscow,partner,renovation,320000,36,18.4,11633.0,569.0,0,44.5,0,0
1792,74609,2023-07-01,26,M,82126.0,employed,3.0,SPb,branch,renovation,420000,60,17.6,10574.0,680.0,1,58.2,0,0
1793,10077,2023-11-03,21,M,67212.0,employed,0.0,Siberia,partner,consumer,260000,48,20.7,8009.0,558.0,5,64.6,0,0
1794,21953,2024-06-05,42,F,73974.0,self_employed,21.5,Moscow,online,education,170000,24,15.8,8307.0,679.0,1,47.7,9,0
1795,77919,2024-01-31,24,M,18000.0,unemployed,0.8,SPb,branch,car,350000,60,18.2,8926.0,534.0,1,75.7,222,1
1796,68889,2023-01-04,25,F,68763.0,employed,0.0,Ural,branch,consumer,190000,60,19.1,4939.0,613.0,4,50.4,8,0
1797,24821,2023-10-08,37,F,35688.0,unemployed,0.4,South,online,consumer,70000,48,20.8,2160.0,567.0,0,36.3,0,0
1798,38567,2023-08-03,22,M,126697.0,self_employed,0.0,Moscow,online,renovation,880000,36,19.9,32659.0,537.0,2,83.5,209,1
1799,25860,2024-09-01,24,M,78359.0,employed,2.3,Moscow,branch,consumer,170000,60,17.6,4280.0,648.0,0,36.0,0,0
1800,22195,2024-02-24,30,F,65687.0,employed,9.5,Moscow,partner,consumer,200000,36,18.6,7291.0,705.0,2,39.6,9,0
1801,78475,2023-04-11,24,M,67025.0,self_employed,4.8,Moscow,branch,car,610000,24,15.5,29722.0,622.0,0,47.3,0,0
1802,91874,2024-06-04,27,M,49218.0,employed,8.5,Ural,online,renovation,310000,36,17.1,11068.0,651.0,0,42.2,0,0
1803,88266,2024-07-26,49,F,55278.0,employed,29.2,South,online,consumer,180000,24,18.7,9047.0,622.0,2,40.9,21,0
1804,22427,2023-11-05,57,F,132833.0,employed,34.4,Ural,partner,consumer,420000,6,19.5,74035.0,688.0,1,42.1,17,0
1805,28083,2024-10-19,23,F,90808.0,employed,0.9,Moscow,branch,renovation,420000,48,16.1,11924.0,688.0,5,55.2,14,0
1806,88046,2024-05-24,22,F,53980.0,self_employed,0.9,Siberia,branch,education,160000,48,17.2,4633.0,514.0,2,42.7,0,0
1807,58372,2023-03-04,26,M,117794.0,employed,0.0,Moscow,branch,consumer,380000,24,18.3,19026.0,674.0,0,40.1,10,0
1808,45064,2024-09-24,35,M,80262.0,employed,6.2,Moscow,branch,car,580000,36,14.6,19992.0,636.0,0,62.9,8,0
1809,8813,2023-08-14,31,M,81889.0,employed,11.5,Ural,online,car,730000,48,14.8,20243.0,707.0,3,64.0,41,0
1810,32598,2023-04-15,54,F,182323.0,employed,13.0,Moscow,branch,car,1370000,48,15.4,38406.0,643.0,0,81.7,213,1
1811,94106,2024-02-29,27,F,73871.0,employed,7.1,SPb,online,consumer,200000,12,18.4,18374.0,674.0,1,31.1,14,0
1812,28082,2023-09-12,51,M,93767.0,self_employed,27.4,Moscow,partner,renovation,480000,48,17.3,13925.0,720.0,0,52.9,13,0
1813,30241,2024-03-04,37,M,65143.0,self_employed,17.2,South,online,consumer,220000,36,19.7,8142.0,639.0,2,56.4,2,0
1814,97214,2024-03-09,21,M,77266.0,employed,1.8,SPb,partner,consumer,340000,24,19.7,17255.0,620.0,0,48.2,1,0
1815,45569,2023-07-26,30,F,102743.0,employed,7.9,SPb,partner,renovation,550000,48,17.1,15899.0,692.0,0,50.0,32,0
1816,12745,2023-01-28,30,F,88189.0,employed,8.8,Moscow,branch,consumer,270000,24,19.7,13702.0,596.0,1,44.6,20,0
1817,27029,2024-11-12,33,M,102789.0,employed,4.6,Moscow,branch,consumer,290000,48,18.5,8595.0,663.0,0,48.7,0,0
1818,14025,2023-12-02,24,F,64206.0,self_employed,3.6,Ural,branch,consumer,270000,24,20.7,13834.0,576.0,1,73.4,16,0
1819,15288,2024-08-10,42,F,105766.0,employed,13.7,South,partner,consumer,330000,36,19.3,12147.0,619.0,5,65.7,22,0
1820,90186,2024-09-19,39,M,96555.0,employed,20.0,SPb,online,renovation,500000,24,16.2,24529.0,705.0,2,61.6,0,0
1821,7540,2023-03-10,45,F,52394.0,freelance,21.0,Siberia,partner,consumer,140000,24,20.5,7160.0,670.0,4,55.0,17,0
1822,98768,2024-05-27,34,M,112016.0,employed,14.7,Moscow,online,renovation,410000,24,16.3,20134.0,704.0,0,47.7,17,0
1823,82958,2023-06-16,52,M,104951.0,self_employed,29.0,Moscow,branch,consumer,310000,12,18.7,28524.0,699.0,0,37.1,7,0
1824,69878,2024-12-30,30,M,96309.0,employed,4.2,Moscow,online,consumer,320000,6,17.4,56072.0,691.0,1,43.6,14,0
1825,42846,2024-01-03,65,F,150362.0,employed,44.1,SPb,online,consumer,460000,12,18.2,42217.0,727.0,2,50.2,0,0
1826,76932,2023-09-08,32,F,49862.0,self_employed,10.1,South,online,education,130000,24,18.3,6509.0,533.0,5,55.0,123,1
1827,18482,2024-11-16,34,M,99365.0,self_employed,6.4,SPb,branch,education,320000,48,17.0,9234.0,503.0,3,59.8,159,1
1828,24411,2023-06-19,39,F,119671.0,employed,19.6,Ural,branch,consumer,320000,36,20.5,11974.0,558.0,2,46.0,17,0
1829,51975,2023-03-31,40,M,64080.0,self_employed,19.9,South,branch,consumer,220000,36,19.6,8131.0,621.0,2,43.4,1,0
1830,61545,2024-07-14,29,F,49320.0,freelance,4.1,SPb,online,consumer,170000,48,19.0,5083.0,634.0,2,46.4,13,0
1831,79797,2024-03-21,33,F,34494.0,unemployed,0.1,SPb,online,consumer,80000,24,22.3,4162.0,499.0,0,71.8,168,1
1832,53307,2023-10-21,48,M,144613.0,self_employed,23.8,Moscow,online,consumer,550000,36,18.8,20105.0,744.0,3,68.8,0,0
1833,4093,2023-05-30,41,M,71089.0,freelance,20.1,SPb,branch,renovation,520000,24,19.2,26263.0,613.0,2,72.9,110,1
1834,78258,2023-05-12,29,F,73042.0,employed,7.0,Siberia,online,consumer,180000,12,21.2,16778.0,523.0,0,42.5,152,1
1835,23042,2024-03-08,21,M,37679.0,employed,3.0,Siberia,online,car,350000,60,15.4,8400.0,597.0,0,50.6,31,0
1836,53930,2023-02-28,47,F,123468.0,employed,27.8,Siberia,online,consumer,550000,60,18.8,14207.0,613.0,0,53.3,19,0
1837,45413,2023-07-18,39,M,131810.0,employed,16.6,Moscow,partner,car,550000,48,14.7,15223.0,723.0,2,65.4,15,0
1838,94623,2023-08-03,47,F,74449.0,employed,27.4,Moscow,branch,car,630000,48,16.1,17887.0,622.0,4,81.0,166,1
1839,98883,2024-07-14,27,M,71718.0,self_employed,7.6,Siberia,branch,renovation,510000,36,17.1,18208.0,667.0,0,47.5,188,1
1840,34756,2024-04-16,36,M,54912.0,employed,8.9,South,branch,renovation,390000,60,17.5,9798.0,575.0,2,45.6,12,0
1841,54268,2023-09-04,41,M,94162.0,self_employed,20.6,Ural,branch,education,350000,36,16.5,12392.0,605.0,2,66.4,0,0
1842,40214,2024-01-17,37,F,90697.0,employed,18.4,Moscow,partner,renovation,750000,60,17.3,18761.0,639.0,0,61.6,24,0
1843,82871,2023-08-27,31,M,76245.0,employed,11.1,Moscow,branch,car,680000,60,15.9,16500.0,592.0,1,75.0,29,0
1844,29602,2024-01-02,25,M,75748.0,employed,4.8,South,partner,consumer,290000,12,21.9,27128.0,462.0,1,73.7,183,1
1845,54331,2023-06-17,49,F,117961.0,employed,17.5,Moscow,online,education,360000,48,16.1,10221.0,617.0,1,51.9,1,0
1846,49901,2024-07-13,39,F,106232.0,employed,17.2,Moscow,branch,car,760000,24,13.0,36132.0,711.0,0,54.7,17,0
1847,64416,2023-02-20,35,M,82196.0,self_employed,14.8,Ural,online,car,610000,36,15.6,21326.0,589.0,1,66.6,14,0
1848,33196,2024-09-01,41,F,91074.0,employed,13.0,Moscow,online,consumer,380000,6,18.9,66870.0,641.0,0,45.4,5,0
1849,6626,2024-12-28,37,F,84954.0,employed,11.6,Moscow,branch,car,460000,36,12.0,15279.0,778.0,2,43.7,27,0
1850,8424,2024-11-19,42,M,75583.0,self_employed,20.9,Moscow,branch,education,200000,60,15.0,4758.0,650.0,0,48.6,0,0
1851,13857,2024-01-15,22,M,49041.0,employed,2.7,South,branch,consumer,160000,48,19.0,4784.0,595.0,2,49.2,4,0
1852,20982,2024-04-18,32,F,78107.0,employed,12.1,Moscow,online,renovation,410000,36,16.5,14516.0,706.0,1,34.7,0,0
1853,77961,2023-03-21,50,F,110307.0,employed,31.0,South,online,consumer,390000,12,17.9,35737.0,718.0,0,32.5,0,0
1854,2980,2024-11-27,52,M,99197.0,employed,24.3,SPb,online,car,790000,60,13.9,18341.0,697.0,0,65.5,20,0
1855,49290,2024-01-02,33,M,64364.0,freelance,11.4,Siberia,partner,consumer,310000,12,22.1,29029.0,487.0,1,78.3,127,1
1856,27431,2024-04-05,20,M,34726.0,freelance,13.9,South,online,car,350000,36,15.2,12167.0,653.0,1,49.3,42,0
1857,85976,2024-06-22,49,F,97410.0,self_employed,30.4,Ural,partner,car,840000,60,15.9,20383.0,591.0,3,83.7,6,0
1858,83711,2024-03-27,45,M,102034.0,employed,26.4,Siberia,online,consumer,290000,12,19.1,26739.0,689.0,2,53.3,16,0
1859,27385,2024-04-08,20,M,63495.0,self_employed,0.1,Moscow,branch,consumer,230000,24,19.9,11695.0,652.0,3,59.2,21,0
1860,39158,2024-04-22,26,F,105175.0,employed,6.1,SPb,online,consumer,390000,60,18.6,10031.0,628.0,2,57.7,8,0
1861,24019,2024-02-24,30,F,89505.0,employed,10.4,Ural,partner,car,610000,60,15.2,14576.0,653.0,1,78.2,0,0
1862,19639,2024-12-07,33,M,82224.0,employed,9.3,South,online,education,210000,12,15.2,18974.0,626.0,0,49.2,12,0
1863,86530,2023-08-02,31,M,49221.0,freelance,1.4,Ural,online,consumer,180000,12,21.0,16760.0,562.0,0,44.6,90,1
1864,22563,2024-01-04,29,M,64666.0,self_employed,9.7,Moscow,partner,car,450000,36,14.7,15533.0,650.0,1,60.2,16,0
1865,40341,2023-04-24,42,M,67076.0,self_employed,23.0,SPb,online,consumer,290000,48,18.9,8656.0,673.0,0,40.6,12,0
1866,6776,2024-05-17,21,F,47501.0,self_employed,0.0,South,partner,consumer,150000,36,19.4,5529.0,597.0,1,41.0,0,0
1867,37444,2024-09-27,21,F,82087.0,employed,1.2,Moscow,online,consumer,330000,36,18.3,11980.0,677.0,2,56.5,9,0
1868,69916,2024-08-10,26,M,93450.0,employed,7.3,SPb,online,car,720000,48,13.2,19387.0,684.0,0,58.2,15,0
1869,9711,2023-11-07,29,M,88203.0,self_employed,10.4,SPb,branch,renovation,650000,48,18.8,19367.0,604.0,1,65.3,141,1
1870,75318,2024-04-13,19,M,73695.0,self_employed,0.0,Moscow,online,car,640000,36,16.4,22627.0,520.0,0,63.5,24,0
1871,83970,2024-12-08,22,F,44552.0,freelance,4.0,SPb,partner,consumer,210000,6,20.1,37080.0,538.0,2,50.3,10,0
1872,86553,2023-02-13,22,M,96040.0,employed,0.0,Siberia,online,consumer,370000,24,19.7,18777.0,617.0,1,56.7,17,0
1873,31707,2024-02-19,19,F,65070.0,freelance,0.0,Siberia,partner,consumer,180000,60,20.4,4809.0,587.0,2,53.1,10,0
1874,40110,2024-11-28,22,F,64814.0,employed,3.7,Ural,online,education,230000,36,15.4,8018.0,587.0,2,51.8,0,0
1875,62788,2023-09-03,26,M,46714.0,self_employed,7.5,Ural,branch,consumer,160000,12,21.8,14960.0,546.0,3,61.7,3,0
1876,83879,2023-03-25,35,F,75724.0,employed,15.8,Ural,partner,consumer,220000,6,18.2,38637.0,697.0,3,44.0,0,0
1877,39827,2023-07-26,42,F,22845.0,unemployed,0.8,Moscow,online,consumer,70000,6,21.1,12395.0,566.0,2,55.0,90,1
1878,6655,2023-05-31,20,F,100623.0,employed,0.0,Ural,partner,car,600000,60,14.8,14211.0,689.0,1,55.1,12,0
1879,45859,2024-10-29,44,F,94480.0,self_employed,24.9,South,branch,consumer,300000,12,19.3,27690.0,641.0,5,59.6,105,1
1880,54625,2024-06-11,56,M,172989.0,self_employed,28.5,Moscow,partner,consumer,510000,36,19.0,18695.0,690.0,0,51.5,31,0
1881,53098,2023-06-14,43,M,100886.0,employed,20.7,South,online,renovation,410000,48,16.7,11767.0,733.0,2,45.6,20,0
1882,16251,2023-05-25,38,F,112507.0,employed,14.8,South,branch,renovation,600000,48,17.4,17437.0,651.0,2,68.6,13,0
1883,1526,2023-02-06,49,F,67017.0,freelance,29.8,Moscow,branch,consumer,300000,24,22.1,15578.0,535.0,4,65.6,0,0
1884,69760,2023-11-29,34,F,75128.0,employed,14.6,South,branch,car,630000,60,15.5,15154.0,623.0,0,58.8,0,0
1885,48837,2024-02-07,31,M,92325.0,employed,10.7,Ural,branch,consumer,350000,24,19.3,17694.0,635.0,4,61.6,31,0
1886,12536,2024-02-18,31,F,25601.0,unemployed,0.4,SPb,branch,car,350000,36,17.3,12531.0,568.0,2,65.6,29,0
1887,29541,2023-02-14,49,M,92701.0,self_employed,30.1,SPb,branch,education,370000,36,14.3,12700.0,733.0,0,36.0,18,0
1888,80083,2024-02-06,25,M,75476.0,employed,0.0,Ural,partner,consumer,220000,36,19.6,8131.0,646.0,0,40.3,28,0
1889,52027,2023-07-25,26,M,40663.0,self_employed,2.3,Siberia,partner,renovation,270000,60,17.7,6812.0,682.0,1,48.9,23,0
1890,35531,2023-03-03,33,M,97273.0,employed,14.2,Moscow,partner,renovation,620000,48,17.6,18083.0,660.0,2,80.7,124,1
1891,9712,2024-02-24,19,M,73059.0,freelance,0.0,Ural,online,education,230000,24,18.2,11505.0,529.0,2,61.8,11,0
1892,66455,2024-04-12,35,F,64065.0,self_employed,14.3,Ural,online,car,350000,36,16.4,12374.0,525.0,2,61.6,90,1
1893,75744,2023-01-19,41,M,98042.0,freelance,23.0,Moscow,online,consumer,250000,48,19.1,7488.0,718.0,2,41.8,2,0
1894,6109,2023-12-31,31,M,73415.0,employed,11.7,South,branch,consumer,200000,36,19.3,7362.0,639.0,0,41.7,15,0
1895,50268,2023-10-27,40,M,75281.0,self_employed,21.9,South,online,car,370000,48,16.3,10543.0,540.0,0,57.5,20,0
1896,55615,2023-01-07,27,M,63376.0,employed,8.7,Ural,branch,consumer,150000,60,17.8,3793.0,731.0,1,31.2,0,0
1897,83503,2024-03-03,39,F,94689.0,employed,20.4,Moscow,online,consumer,220000,48,18.6,6532.0,674.0,2,44.0,0,0
1898,30759,2023-04-27,27,M,43399.0,self_employed,7.0,South,online,renovation,250000,60,18.8,6458.0,545.0,1,63.4,21,0
1899,86708,2024-08-02,41,M,78877.0,employed,21.6,Siberia,partner,car,900000,60,13.8,20848.0,706.0,3,84.4,34,0
1900,61112,2024-05-21,26,F,69485.0,self_employed,7.5,Moscow,partner,consumer,180000,36,21.1,6791.0,506.0,3,53.9,0,0
1901,27589,2024-06-29,29,F,58678.0,freelance,9.5,Ural,partner,car,520000,36,15.6,18179.0,588.0,0,56.4,153,1
1902,31015,2024-12-06,33,F,80284.0,employed,13.9,Moscow,online,car,930000,36,14.8,32148.0,589.0,2,83.1,6,0
1903,30009,2023-11-21,27,F,99901.0,employed,7.4,Moscow,online,renovation,610000,36,18.0,22053.0,644.0,3,68.3,232,1
1904,84309,2023-02-24,66,F,99804.0,self_employed,45.0,Moscow,branch,consumer,460000,24,18.6,23099.0,713.0,3,47.9,2,0
1905,63046,2023-02-11,23,M,21412.0,unemployed,2.0,SPb,online,consumer,80000,24,22.4,4166.0,497.0,1,46.7,0,0
1906,27143,2023-10-24,67,F,65049.0,self_employed,45.0,South,branch,education,200000,24,15.9,9783.0,698.0,3,43.3,12,0
1907,7154,2023-08-19,31,F,60646.0,self_employed,11.5,Moscow,branch,consumer,200000,12,21.2,18642.0,601.0,2,48.9,31,0
1908,22804,2024-03-28,31,F,85104.0,employed,6.2,Ural,online,car,550000,60,13.2,12571.0,727.0,1,47.7,10,0
1909,42688,2024-01-29,28,F,56735.0,employed,13.0,South,online,consumer,150000,36,18.2,5438.0,632.0,1,38.4,17,0
1910,65288,2024-06-05,65,F,105970.0,self_employed,45.0,Ural,partner,consumer,300000,48,18.1,8828.0,709.0,0,27.6,7,0
1911,52195,2023-12-24,25,M,55036.0,employed,6.8,Siberia,online,education,170000,48,15.5,4774.0,634.0,1,43.1,3,0
1912,21581,2024-03-19,31,M,77982.0,freelance,10.2,South,online,consumer,340000,36,19.8,12601.0,606.0,1,54.0,19,0
1913,53648,2023-05-08,20,F,61881.0,employed,0.0,Siberia,partner,car,460000,48,17.0,13273.0,561.0,2,64.7,11,0
1914,31087,2024-11-21,64,M,160623.0,employed,45.0,Ural,branch,consumer,430000,36,16.4,15203.0,792.0,1,44.4,7,0
1915,50930,2024-02-09,34,M,93702.0,freelance,14.5,Moscow,partner,consumer,280000,24,21.6,14471.0,527.0,1,61.5,118,1
1916,33981,2024-01-27,26,F,41866.0,freelance,5.3,Ural,branch,consumer,120000,24,21.1,6172.0,549.0,0,54.5,7,0
1917,70298,2023-07-12,58,M,86090.0,self_employed,39.7,SPb,partner,car,650000,60,13.9,15091.0,764.0,2,68.4,4,0
1918,47167,2024-08-26,23,M,18000.0,unemployed,0.7,Ural,partner,car,350000,24,17.0,17305.0,533.0,0,65.0,132,1
1919,76304,2023-03-19,23,F,28579.0,unemployed,0.3,SPb,branch,consumer,150000,36,21.2,5667.0,560.0,2,47.9,3,0
1920,44408,2023-03-26,51,F,36437.0,unemployed,0.1,South,online,education,140000,48,17.9,4105.0,484.0,0,47.6,4,0
1921,40499,2023-01-30,54,M,65708.0,freelance,34.8,South,online,consumer,230000,24,19.5,11650.0,669.0,5,61.7,171,1
1922,53269,2024-12-25,34,F,76830.0,self_employed,14.6,Moscow,partner,renovation,730000,60,16.7,18025.0,702.0,5,68.8,0,0
1923,39559,2023-02-18,24,M,47311.0,self_employed,4.7,Ural,branch,consumer,120000,12,19.2,11070.0,660.0,5,38.3,0,0
1924,75319,2023-05-25,24,M,72802.0,employed,2.5,South,online,renovation,400000,48,17.9,11729.0,617.0,0,59.0,23,0
1925,96317,2023-03-10,44,M,90803.0,employed,24.7,Ural,partner,car,900000,36,14.9,31155.0,682.0,0,69.1,0,0
1926,97347,2023-02-27,28,F,57835.0,employed,8.8,Siberia,branch,renovation,320000,48,18.3,9450.0,585.0,2,56.4,9,0
1927,49787,2024-11-27,42,M,76615.0,employed,22.8,SPb,partner,renovation,580000,36,17.0,20679.0,666.0,2,56.0,33,0
1928,36488,2024-07-27,64,M,131747.0,employed,41.5,SPb,online,car,1410000,48,12.9,37757.0,738.0,3,84.6,27,0
1929,75441,2024-04-23,21,F,65359.0,employed,1.9,SPb,online,consumer,260000,36,20.4,9716.0,518.0,0,56.0,0,0
1930,75663,2024-03-20,20,M,28009.0,unemployed,0.2,Moscow,branch,car,350000,60,15.8,8474.0,604.0,3,66.3,8,0
1931,23431,2023-10-23,28,F,33863.0,freelance,8.6,South,branch,renovation,210000,36,19.3,7730.0,551.0,2,49.6,0,0
1932,62681,2024-11-08,29,F,83035.0,employed,10.0,SPb,online,car,680000,36,14.4,23373.0,655.0,1,72.1,0,0
1933,64483,2023-06-20,43,F,79268.0,employed,17.8,SPb,branch,consumer,300000,36,18.0,10846.0,711.0,0,38.6,25,0
1934,50153,2024-07-28,61,F,61602.0,freelance,41.1,Siberia,partner,consumer,120000,36,18.8,4387.0,664.0,3,41.5,7,0
1935,7368,2023-05-27,29,M,65098.0,freelance,10.2,Ural,partner,education,200000,36,17.0,7131.0,640.0,0,38.9,4,0
1936,28424,2024-04-28,33,M,27573.0,unemployed,0.3,SPb,partner,consumer,90000,24,21.2,4634.0,522.0,1,58.1,120,1
1937,46004,2023-11-02,23,F,18621.0,unemployed,0.0,South,online,consumer,70000,48,23.8,2274.0,418.0,3,82.3,188,1
1938,84869,2024-11-03,41,F,23535.0,unemployed,0.5,Siberia,online,consumer,80000,36,22.0,3055.0,443.0,2,61.1,131,1
1939,89652,2024-10-14,55,M,122185.0,employed,33.9,South,partner,renovation,700000,36,17.3,25062.0,689.0,0,69.7,5,0
1940,57985,2024-08-31,35,F,94184.0,employed,15.1,Ural,online,car,700000,60,13.6,16143.0,706.0,5,72.9,0,0
1941,51069,2024-03-21,29,M,55605.0,freelance,9.4,Ural,online,consumer,200000,24,21.1,10287.0,555.0,1,53.8,29,0
1942,53326,2023-08-09,25,F,51113.0,employed,0.8,SPb,online,car,410000,36,15.7,14354.0,577.0,2,61.0,8,0
1943,82061,2024-07-08,29,F,39377.0,freelance,9.1,Moscow,online,consumer,110000,60,19.4,2878.0,577.0,2,48.5,103,1
1944,24398,2024-01-13,40,F,77434.0,employed,20.6,Moscow,online,consumer,220000,24,18.4,11026.0,677.0,2,58.6,33,0
1945,99393,2024-09-11,59,F,74637.0,freelance,39.7,Ural,online,renovation,440000,48,15.8,12425.0,744.0,2,48.4,7,0
1946,51861,2023-09-23,35,F,139842.0,employed,16.0,Moscow,online,consumer,430000,60,19.4,11249.0,707.0,0,47.7,37,0
1947,76897,2023-04-05,62,M,94870.0,employed,42.4,South,branch,consumer,370000,12,18.3,33974.0,733.0,4,56.4,0,0
1948,82905,2023-09-19,29,F,50917.0,self_employed,10.6,Siberia,partner,consumer,200000,24,19.4,10121.0,681.0,1,55.3,13,0
1949,69577,2023-03-12,41,F,30605.0,unemployed,0.3,Moscow,partner,consumer,110000,36,22.3,4218.0,524.0,0,68.6,115,1
1950,66641,2023-08-07,49,F,97887.0,employed,28.7,Moscow,branch,consumer,230000,12,18.5,21141.0,679.0,3,40.3,32,0
1951,10078,2024-06-16,48,F,29661.0,unemployed,0.8,Siberia,online,renovation,190000,36,19.7,7032.0,517.0,0,56.2,90,1
1952,26003,2023-04-02,23,M,53150.0,freelance,4.4,Siberia,branch,renovation,350000,48,19.2,10502.0,584.0,3,71.8,0,0
1953,63768,2023-05-07,25,F,76531.0,self_employed,6.7,Siberia,online,consumer,290000,48,20.1,8840.0,603.0,2,47.1,18,0
1954,52047,2023-03-21,66,F,83044.0,freelance,45.0,Ural,online,consumer,250000,48,19.1,7488.0,632.0,0,45.2,2,0
1955,72626,2023-08-26,25,M,56978.0,self_employed,5.9,Moscow,branch,car,490000,36,16.1,17251.0,600.0,0,55.3,147,1
1956,58660,2024-01-07,33,M,130707.0,employed,13.2,Siberia,online,renovation,890000,24,18.5,44648.0,654.0,4,81.4,0,0
1957,50786,2024-04-30,38,F,70473.0,employed,19.4,Siberia,branch,education,210000,48,13.4,5676.0,756.0,0,25.9,15,0
1958,2925,2024-11-24,22,M,54096.0,freelance,0.0,Siberia,branch,consumer,170000,24,19.9,8644.0,572.0,2,46.4,27,0
1959,84976,2023-01-25,24,M,66160.0,self_employed,5.4,Moscow,branch,education,180000,24,16.6,8865.0,584.0,1,37.6,38,0
1960,27015,2023-06-05,62,M,133641.0,employed,43.6,Ural,partner,consumer,490000,36,19.0,17961.0,680.0,2,58.0,17,0
1961,34320,2024-05-31,46,F,107426.0,self_employed,12.4,South,online,consumer,240000,24,17.8,11959.0,745.0,2,38.5,13,0
1962,65881,2024-09-23,34,F,84951.0,employed,14.2,Moscow,online,renovation,510000,24,16.7,25142.0,680.0,2,58.1,5,0
1963,91827,2024-06-13,31,M,76606.0,employed,12.4,Siberia,online,car,720000,36,15.4,25100.0,587.0,0,83.0,28,0
1964,27289,2024-12-10,29,F,94987.0,employed,4.3,Moscow,branch,consumer,220000,12,19.1,20285.0,641.0,2,40.4,0,0
1965,4389,2023-02-26,33,F,99307.0,employed,14.2,SPb,online,consumer,320000,48,19.0,9568.0,652.0,0,46.9,35,0
1966,26683,2024-08-27,39,M,59603.0,employed,13.2,SPb,branch,consumer,190000,36,18.5,6917.0,626.0,0,36.6,16,0
1967,14629,2023-01-19,32,M,87060.0,employed,13.6,South,branch,consumer,490000,36,19.1,17986.0,686.0,1,48.2,8,0
1968,62550,2024-01-19,63,F,122175.0,self_employed,39.5,Moscow,online,renovation,660000,60,17.0,16403.0,739.0,2,55.9,0,0
1969,25826,2023-07-12,43,M,115036.0,employed,24.4,South,branch,car,950000,48,16.4,27118.0,625.0,1,79.7,130,1
1970,27630,2023-08-25,22,F,41216.0,employed,0.0,Siberia,partner,education,140000,12,17.1,12775.0,593.0,1,46.1,1,0
1971,99762,2024-01-22,48,M,150414.0,employed,27.4,SPb,online,car,1440000,60,14.0,33506.0,779.0,0,84.8,20,0
1972,47163,2024-03-01,30,M,83366.0,employed,11.4,SPb,branch,consumer,340000,12,19.5,31414.0,645.0,0,53.6,32,0
1973,99511,2023-10-04,27,F,92409.0,employed,3.4,SPb,online,education,330000,12,17.2,30129.0,559.0,2,64.9,121,1
1974,67435,2023-08-15,48,M,72563.0,employed,28.5,South,branch,car,550000,48,15.0,15307.0,651.0,2,60.7,13,0
1975,12653,2024-07-05,34,F,163277.0,employed,12.0,Moscow,partner,consumer,410000,24,18.3,20528.0,688.0,3,49.6,25,0
1976,28961,2023-11-19,26,M,55853.0,freelance,4.9,Ural,online,consumer,200000,48,21.6,6258.0,538.0,1,54.7,0,0
1977,82941,2023-06-02,31,M,70680.0,employed,9.2,Moscow,partner,consumer,240000,24,18.9,12086.0,681.0,0,39.2,3,0
1978,75137,2024-09-30,28,M,177272.0,employed,8.7,Moscow,branch,education,450000,24,17.1,22271.0,549.0,2,78.7,242,1
1979,34662,2023-08-25,25,M,98258.0,employed,0.0,Ural,online,consumer,310000,12,18.6,28509.0,689.0,2,38.4,32,0
1980,99818,2023-02-24,66,M,151287.0,employed,45.0,Moscow,branch,car,1280000,48,14.6,35364.0,712.0,1,77.9,16,0
1981,57446,2024-03-11,30,M,68885.0,freelance,11.8,Moscow,branch,renovation,400000,36,17.6,14381.0,663.0,2,53.6,0,0
1982,22288,2024-11-14,21,F,57701.0,employed,2.8,Moscow,partner,education,200000,48,14.9,5556.0,648.0,0,45.6,3,0
1983,96081,2023-04-19,29,F,117912.0,employed,7.0,Moscow,online,consumer,470000,48,18.5,13929.0,672.0,1,47.0,11,0
1984,37877,2023-07-03,23,M,60029.0,employed,0.0,Siberia,branch,education,190000,36,16.8,6755.0,570.0,0,47.2,0,0
1985,16313,2024-01-03,31,F,45535.0,self_employed,9.4,Ural,branch,consumer,190000,48,19.4,5721.0,644.0,2,43.5,1,0
1986,81885,2023-07-17,35,M,96990.0,employed,16.0,Siberia,branch,renovation,590000,36,19.2,21687.0,559.0,1,79.0,32,0
1987,73715,2024-01-06,52,M,93602.0,self_employed,33.2,SPb,branch,education,260000,60,15.5,6254.0,685.0,2,47.5,7,0
1988,11326,2024-01-08,47,F,120547.0,employed,26.5,Moscow,branch,car,640000,36,13.3,21657.0,744.0,0,48.8,29,0
1989,2560,2024-05-11,32,M,91370.0,employed,13.3,Siberia,branch,car,860000,48,16.0,24373.0,580.0,1,76.0,16,0
1990,80148,2024-08-21,32,M,71517.0,self_employed,12.6,Moscow,online,car,520000,60,13.6,11992.0,720.0,1,50.7,0,0
1991,84186,2023-07-20,23,M,67384.0,self_employed,2.0,SPb,online,consumer,220000,36,20.8,8266.0,547.0,0,47.8,17,0
1992,27745,2024-05-23,33,F,84749.0,self_employed,14.0,Moscow,online,consumer,420000,12,21.2,39148.0,531.0,2,73.9,0,0
1993,32890,2023-11-18,23,F,64020.0,employed,3.6,Moscow,online,consumer,220000,36,18.9,8053.0,688.0,1,34.2,13,0
1994,21022,2023-10-02,21,M,92174.0,employed,1.7,Ural,branch,education,320000,36,15.4,11156.0,668.0,2,49.2,5,0
1995,53579,2023-07-30,25,M,112695.0,employed,5.1,Moscow,branch,car,1430000,48,16.5,40894.0,570.0,3,84.8,131,1
1996,71316,2024-05-18,31,F,53406.0,self_employed,9.6,SPb,branch,car,370000,60,16.6,9116.0,527.0,1,50.6,38,0
1997,84847,2023-04-28,19,F,50522.0,self_employed,0.0,Ural,online,consumer,170000,60,20.3,4532.0,577.0,2,48.5,0,0
1998,29380,2024-12-03,32,M,92067.0,employed,10.7,South,partner,renovation,470000,24,17.5,23351.0,686.0,2,68.3,10,0
1999,3356,2024-07-07,23,M,70367.0,self_employed,4.9,SPb,partner,consumer,300000,24,19.5,15196.0,604.0,0,53.9,170,1
2000,71326,2023-02-11,30,M,68317.0,self_employed,5.2,SPb,online,consumer,230000,36,19.7,8513.0,612.0,2,48.4,0,0
2001,93447,2023-11-11,30,M,57745.0,employed,9.4,SPb,online,consumer,160000,6,18.3,28108.0,693.0,0,26.0,5,0
2002,90899,2023-11-25,34,F,74704.0,freelance,13.9,Ural,partner,renovation,500000,24,18.1,24986.0,648.0,1,56.6,23,0
2003,21049,2023-01-17,47,M,95247.0,freelance,19.0,SPb,online,renovation,540000,24,17.6,26855.0,666.0,0,47.3,7,0
2004,76717,2023-10-10,39,M,71510.0,employed,19.1,Moscow,partner,education,160000,48,15.8,4518.0,655.0,2,40.1,13,0
2005,17082,2023-09-15,42,F,48218.0,unemployed,0.2,SPb,online,car,410000,12,16.6,37316.0,637.0,1,62.4,12,0
2006,1661,2024-07-28,36,F,90027.0,employed,16.6,Siberia,branch,education,260000,36,15.5,9077.0,640.0,3,57.9,0,0
2007,38412,2024-07-27,44,F,122168.0,self_employed,25.1,Moscow,partner,car,1010000,48,16.6,28935.0,543.0,1,84.4,124,1
2008,3920,2024-09-03,30,M,62374.0,freelance,11.8,Siberia,branch,consumer,270000,24,19.6,13689.0,659.0,0,55.4,0,0
2009,92194,2023-01-19,31,F,107450.0,employed,11.2,Moscow,online,car,950000,24,15.6,46334.0,611.0,2,82.0,13,0
2010,61315,2024-06-12,21,F,60398.0,employed,0.0,Ural,branch,renovation,390000,48,16.9,11233.0,593.0,0,34.1,12,0
2011,80561,2024-02-27,23,M,18000.0,unemployed,1.0,South,partner,renovation,180000,36,20.8,6763.0,516.0,1,60.0,23,0
2012,9946,2024-04-10,26,F,100614.0,employed,5.8,South,branch,consumer,400000,24,17.5,19873.0,640.0,1,43.6,21,0
2013,95242,2024-01-08,22,F,62790.0,employed,0.0,SPb,branch,consumer,300000,60,20.5,8032.0,521.0,5,55.6,24,0
2014,46500,2023-03-22,55,F,95359.0,employed,30.2,Moscow,online,car,590000,36,13.8,20108.0,760.0,0,77.4,31,0
2015,17309,2024-07-04,53,M,47302.0,freelance,32.6,South,online,education,190000,36,16.5,6727.0,605.0,2,55.0,0,0
2016,56230,2024-07-01,50,M,52777.0,unemployed,0.1,Moscow,partner,consumer,160000,60,20.7,4302.0,587.0,1,62.2,165,1
2017,99656,2024-02-28,46,M,100191.0,employed,22.3,South,partner,renovation,780000,36,16.2,27500.0,717.0,0,65.0,0,0
2018,31027,2024-03-04,32,M,68127.0,freelance,11.4,Siberia,branch,consumer,330000,24,20.6,16892.0,596.0,0,61.4,0,0
2019,73541,2024-01-23,59,F,77712.0,employed,36.7,South,online,education,150000,60,14.3,3514.0,776.0,4,43.0,0,0
2020,60321,2024-12-09,22,M,22966.0,unemployed,0.3,Ural,online,car,350000,60,17.0,8698.0,507.0,0,65.0,6,0
2021,1956,2024-10-31,23,F,39965.0,self_employed,4.8,South,online,consumer,150000,24,20.7,7686.0,548.0,3,67.1,19,0
2022,75131,2023-07-23,64,M,133877.0,employed,45.0,SPb,partner,consumer,390000,24,18.3,19527.0,713.0,1,41.8,0,0
2023,48908,2023-07-15,23,M,111003.0,employed,4.0,SPb,online,education,340000,24,15.2,16518.0,635.0,1,44.5,17,0
2024,79339,2024-12-28,21,F,77740.0,employed,2.0,SPb,partner,car,580000,36,15.1,20134.0,635.0,5,69.8,6,0
2025,26963,2023-10-12,36,M,60237.0,employed,12.5,SPb,branch,car,470000,24,15.5,22901.0,646.0,3,53.6,5,0
2026,40443,2023-07-15,23,F,30892.0,freelance,2.3,SPb,partner,consumer,100000,36,22.8,3861.0,493.0,0,74.0,167,1
2027,40063,2023-11-03,29,F,102523.0,employed,10.7,South,branch,consumer,410000,60,19.4,10726.0,640.0,2,65.3,13,0
2028,81818,2024-10-25,40,M,25722.0,unemployed,0.0,Ural,partner,car,350000,24,17.4,17372.0,508.0,0,69.2,166,1
2029,5703,2023-01-14,38,M,62074.0,self_employed,17.6,Siberia,online,renovation,510000,48,18.8,15195.0,561.0,2,70.4,4,0
2030,66128,2023-05-26,56,M,159624.0,self_employed,37.1,Moscow,partner,renovation,930000,24,16.4,45714.0,766.0,0,75.6,0,0
2031,73099,2023-02-26,20,F,56689.0,employed,1.9,South,branch,car,590000,60,18.0,14982.0,437.0,2,80.2,162,1
2032,26849,2024-12-23,26,M,49460.0,freelance,6.6,Moscow,online,consumer,170000,12,20.3,15772.0,613.0,5,56.3,6,0
2033,32860,2023-07-29,45,F,62252.0,self_employed,25.1,Moscow,partner,car,470000,36,15.5,16408.0,649.0,2,69.3,9,0
2034,32585,2024-06-12,65,M,70179.0,freelance,39.9,Siberia,partner,car,470000,60,13.7,10863.0,663.0,0,52.0,21,0
2035,23015,2023-12-10,47,F,37238.0,unemployed,0.4,Siberia,online,consumer,140000,48,22.1,4418.0,527.0,2,47.8,5,0
2036,78539,2024-12-15,24,F,43494.0,employed,3.9,SPb,online,education,120000,36,14.5,4131.0,654.0,1,27.9,10,0
2037,44585,2024-09-02,47,M,120524.0,employed,27.1,Ural,branch,car,1200000,48,14.5,33094.0,662.0,0,82.8,12,0
2038,27958,2023-10-06,46,M,65356.0,freelance,24.9,SPb,branch,consumer,200000,36,20.9,7525.0,557.0,2,62.1,15,0
2039,27017,2023-07-28,49,M,73970.0,freelance,13.9,Moscow,branch,education,220000,36,16.2,7756.0,657.0,3,60.3,4,0
2040,77707,2024-10-02,35,M,63766.0,self_employed,16.0,Siberia,partner,education,220000,24,16.0,10772.0,600.0,1,45.2,10,0
2041,46350,2023-12-01,51,M,108971.0,employed,33.0,Siberia,branch,education,290000,36,14.5,9982.0,716.0,4,45.2,0,0
2042,13201,2023-10-15,35,M,101323.0,self_employed,16.8,SPb,branch,education,260000,60,18.0,6602.0,560.0,2,50.1,17,0
2043,30426,2023-09-09,28,F,85074.0,employed,9.4,SPb,partner,consumer,250000,12,20.2,23183.0,561.0,2,51.1,205,1
2044,18778,2023-09-22,41,F,134517.0,employed,19.9,Moscow,partner,education,400000,24,15.6,19509.0,676.0,1,46.5,15,0
2045,46241,2023-09-28,33,F,73583.0,employed,14.3,Ural,online,renovation,370000,48,17.5,10772.0,650.0,1,44.7,11,0
2046,43229,2024-11-30,36,M,102226.0,employed,17.6,South,online,car,920000,24,16.1,45090.0,532.0,1,77.5,13,0
2047,87652,2024-02-23,57,F,86590.0,employed,36.1,Siberia,online,education,230000,36,14.9,7962.0,710.0,4,43.7,14,0
2048,49364,2024-12-26,35,M,46387.0,unemployed,0.3,Ural,online,consumer,190000,12,23.7,17939.0,398.0,2,83.6,215,1
2049,99833,2023-07-30,55,M,72887.0,freelance,36.8,Moscow,branch,education,250000,36,16.8,8888.0,655.0,2,67.4,9,0
2050,85878,2023-12-31,39,M,27814.0,unemployed,0.7,South,online,car,350000,36,18.7,12777.0,524.0,1,80.0,182,1
2051,58056,2023-03-17,58,M,50347.0,freelance,37.2,SPb,online,car,410000,60,16.2,10014.0,599.0,1,55.1,0,0
2052,28490,2024-10-21,49,M,120334.0,employed,29.5,Moscow,branch,car,1040000,36,13.6,35343.0,756.0,1,80.8,0,0
2053,20975,2023-11-17,23,M,67971.0,freelance,0.0,SPb,branch,renovation,460000,48,19.2,13803.0,546.0,0,64.7,209,1
2054,27723,2024-12-25,25,F,40069.0,unemployed,0.1,SPb,partner,consumer,150000,36,21.5,5690.0,496.0,3,75.8,205,1
2055,24279,2024-03-08,67,M,20751.0,unemployed,0.7,South,partner,education,120000,24,19.8,6096.0,487.0,2,74.7,196,1
2056,79301,2023-04-19,26,F,74800.0,self_employed,7.5,Moscow,partner,consumer,160000,12,20.4,14852.0,635.0,2,69.5,3,0
2057,12561,2024-10-02,25,M,53198.0,employed,13.0,Ural,online,education,170000,36,15.3,5918.0,603.0,1,38.4,0,0
2058,67061,2024-06-05,20,M,68891.0,employed,1.6,Moscow,online,car,480000,60,15.9,11647.0,553.0,0,56.2,151,1
2059,89397,2023-02-16,24,M,78376.0,employed,2.7,Moscow,branch,education,200000,36,13.3,6768.0,757.0,1,32.1,0,0
2060,50153,2024-01-14,42,F,24873.0,unemployed,0.2,Siberia,branch,consumer,110000,24,23.1,5767.0,409.0,0,56.1,0,0
2061,34142,2023-04-06,22,M,94424.0,employed,0.0,Siberia,branch,renovation,630000,48,18.9,18804.0,564.0,4,70.2,0,0
2062,27916,2023-04-13,58,M,75216.0,freelance,36.8,SPb,branch,car,640000,60,15.5,15394.0,696.0,1,59.7,52,0
2063,65324,2023-05-26,66,M,110705.0,employed,40.5,Siberia,online,renovation,670000,48,17.9,19646.0,646.0,0,58.9,18,0
2064,45965,2023-01-27,48,M,63264.0,self_employed,29.2,South,partner,consumer,270000,48,19.9,8202.0,610.0,0,47.9,0,0
2065,5648,2024-06-13,26,F,88520.0,employed,6.8,South,partner,education,230000,24,15.9,11251.0,591.0,3,44.1,16,0
2066,36133,2024-11-09,33,M,66005.0,employed,13.6,SPb,online,education,160000,48,16.3,4559.0,578.0,0,41.3,0,0
2067,51677,2023-03-23,57,M,83896.0,employed,33.5,SPb,online,car,680000,36,13.6,23109.0,676.0,0,47.5,3,0
2068,97059,2024-03-03,22,F,41763.0,self_employed,3.3,Siberia,branch,consumer,130000,24,19.0,6553.0,665.0,2,45.6,0,0
2069,95588,2024-08-06,21,M,82117.0,employed,0.0,Ural,partner,car,710000,24,15.1,34459.0,602.0,0,71.2,0,0
2070,99317,2024-04-23,32,F,53889.0,freelance,13.9,SPb,online,consumer,160000,24,20.2,8159.0,585.0,1,38.7,1,0
2071,71135,2023-06-11,23,F,76353.0,employed,0.0,Moscow,online,car,650000,60,15.0,15463.0,646.0,2,69.6,0,0
2072,36046,2024-02-06,23,F,35962.0,freelance,3.2,Ural,branch,education,120000,60,17.1,2989.0,564.0,0,44.1,3,0
2073,48064,2024-05-22,21,M,81664.0,employed,0.8,SPb,partner,consumer,280000,48,17.9,8210.0,736.0,2,36.2,0,0
2074,70350,2023-02-07,24,F,51523.0,self_employed,0.0,Moscow,branch,renovation,290000,12,17.2,26477.0,660.0,1,60.6,5,0
2075,46893,2024-05-25,49,M,103374.0,employed,24.9,Ural,partner,car,790000,36,15.5,27579.0,576.0,2,70.7,0,0
2076,62272,2024-01-28,28,F,70835.0,freelance,3.0,Ural,branch,consumer,210000,24,22.3,10926.0,427.0,1,71.8,125,1
2077,93152,2024-12-13,22,M,89324.0,employed,1.4,SPb,branch,car,710000,60,14.4,16668.0,629.0,1,62.4,6,0
2078,68649,2024-05-08,51,M,90874.0,self_employed,23.6,Siberia,online,renovation,540000,36,17.7,19441.0,571.0,1,64.0,25,0
2079,65674,2023-07-19,31,F,28755.0,unemployed,0.0,Moscow,branch,car,350000,48,17.5,10190.0,542.0,1,63.6,1,0
2080,14760,2023-09-12,24,M,90544.0,employed,0.9,SPb,branch,car,1220000,24,15.7,59560.0,620.0,2,84.4,158,1
2081,22927,2023-06-28,31,F,78661.0,employed,9.2,South,online,renovation,490000,60,17.9,12416.0,622.0,0,51.6,1,0
2082,87475,2024-06-30,32,F,78250.0,freelance,13.9,Moscow,branch,consumer,210000,12,20.6,19514.0,553.0,2,58.3,153,1
2083,62367,2024-08-16,61,M,99946.0,self_employed,40.0,Moscow,online,consumer,280000,12,18.7,25764.0,676.0,4,53.5,0,0
2084,98955,2024-01-24,42,M,79745.0,employed,20.1,SPb,online,consumer,220000,36,18.6,8020.0,696.0,3,47.8,3,0
2085,13588,2024-02-02,43,M,82590.0,employed,23.3,Moscow,branch,consumer,350000,24,18.9,17626.0,630.0,2,55.7,15,0
2086,53233,2023-06-07,39,F,94154.0,employed,17.3,Moscow,online,renovation,520000,24,16.3,25535.0,747.0,0,47.6,30,0
2087,45738,2023-01-04,40,M,67563.0,employed,21.0,South,branch,consumer,260000,24,18.7,13068.0,653.0,2,52.4,22,0
2088,34397,2023-06-16,45,F,87892.0,employed,24.0,SPb,online,consumer,210000,48,18.7,6246.0,694.0,1,35.8,2,0
2089,83189,2024-04-12,52,F,96703.0,freelance,31.8,Moscow,branch,car,820000,24,14.8,39681.0,690.0,0,77.9,115,1
2090,77367,2024-02-13,35,F,86462.0,employed,10.1,South,branch,renovation,420000,48,16.8,12076.0,674.0,2,55.9,26,0
2091,72260,2024-02-16,22,F,64675.0,self_employed,0.6,SPb,branch,consumer,180000,24,20.2,9179.0,586.0,0,55.0,0,0
2092,77619,2023-07-23,29,F,77937.0,freelance,8.3,Siberia,branch,consumer,260000,36,21.5,9862.0,515.0,1,51.4,3,0
2093,20816,2023-07-13,35,M,108772.0,employed,15.9,SPb,partner,consumer,480000,12,20.9,44672.0,593.0,3,65.0,5,0
2094,43240,2023-08-23,26,M,52586.0,self_employed,2.0,South,branch,car,490000,60,17.0,12178.0,503.0,2,78.8,194,1
2095,7276,2024-12-18,46,M,69443.0,freelance,27.8,Moscow,online,consumer,220000,24,19.5,11143.0,603.0,1,50.7,6,0
2096,80530,2023-05-30,43,F,115842.0,employed,18.1,Ural,partner,renovation,730000,36,19.0,26759.0,584.0,3,83.9,0,0
2097,24499,2023-06-08,67,F,80003.0,employed,45.0,Siberia,partner,consumer,230000,24,18.8,11572.0,713.0,2,39.9,23,0
2098,89576,2023-10-06,24,F,31978.0,unemployed,0.1,Moscow,online,consumer,80000,12,22.1,7491.0,490.0,1,55.1,149,1
2099,83495,2024-02-08,28,F,18000.0,unemployed,0.4,Siberia,partner,education,80000,48,18.8,2384.0,467.0,2,54.7,18,0
2100,72635,2024-11-08,36,M,91153.0,employed,16.8,Siberia,online,consumer,220000,36,19.2,8087.0,580.0,3,47.4,8,0
2101,86112,2023-11-07,45,M,120722.0,employed,26.4,South,online,car,890000,60,14.7,21033.0,640.0,0,81.0,29,0
2102,36946,2023-03-09,39,M,76223.0,employed,19.8,South,online,consumer,290000,12,18.9,26712.0,604.0,0,46.1,22,0
2103,56204,2024-04-07,29,M,45331.0,employed,1.3,SPb,online,car,350000,36,14.4,12030.0,576.0,2,49.3,147,1
2104,52886,2023-03-29,58,F,60839.0,employed,35.8,Ural,online,consumer,170000,36,18.2,6163.0,648.0,0,31.3,6,0
2105,72652,2023-08-05,53,M,63214.0,self_employed,27.5,South,partner,renovation,390000,12,20.2,36165.0,514.0,0,68.9,204,1
2106,16563,2023-01-01,28,F,89612.0,freelance,8.9,Moscow,online,renovation,410000,36,18.2,14864.0,655.0,2,60.6,119,1
2107,93324,2023-05-15,44,F,115882.0,employed,25.7,Ural,partner,car,920000,60,15.3,22032.0,621.0,1,76.5,27,0
2108,93464,2024-11-27,29,M,70604.0,freelance,8.5,Moscow,online,renovation,400000,60,17.7,10092.0,620.0,2,69.8,6,0
417,79657,2023-12-24,65,F,-133116.0,self_employed,13.9,Moscow,branch,car,1500000,48,16.1,42587.0,651.0,3,84.8,0,0
2110,27155,2023-05-20,35,M,39682.0,employed,13.2,Siberia,partner,car,350000,60,15.6,8437.0,668.0,2,44.6,17,0
2111,80671,2024-09-09,49,M,87976.0,employed,28.7,Siberia,online,consumer,340000,12,18.0,31171.0,701.0,3,42.1,0,0
2112,84310,2023-05-13,31,F,58840.0,employed,11.5,South,partner,consumer,180000,12,19.1,16597.0,661.0,3,46.6,20,0
2113,68278,2024-09-11,26,M,88140.0,employed,8.0,SPb,online,consumer,420000,24,16.4,20645.0,747.0,2,41.5,2,0
2114,19309,2023-06-27,46,F,56127.0,freelance,26.1,Ural,branch,renovation,460000,12,18.8,42348.0,658.0,0,49.6,15,0
2115,1619,2023-12-24,48,F,128571.0,employed,29.6,SPb,branch,car,1190000,48,14.4,32758.0,746.0,1,83.0,11,0
2116,84194,2024-01-15,32,M,60281.0,self_employed,6.3,South,branch,consumer,160000,48,18.8,4767.0,642.0,0,48.6,3,0
2117,51108,2024-10-19,30,F,86837.0,employed,4.4,South,partner,education,180000,36,14.6,6205.0,653.0,5,48.3,23,0
2118,35707,2024-03-25,47,F,56633.0,employed,24.1,South,branch,consumer,190000,48,20.0,5782.0,600.0,5,56.1,8,0
2119,21337,2024-08-08,48,F,71761.0,self_employed,29.5,South,branch,car,660000,12,15.1,59602.0,589.0,0,64.2,22,0
2120,82537,2024-04-07,33,M,35900.0,freelance,14.5,South,branch,education,100000,36,16.3,3531.0,588.0,1,39.8,0,0
2121,67504,2023-04-18,63,M,126109.0,employed,42.5,South,branch,consumer,400000,48,18.9,11939.0,686.0,3,61.9,16,0
2122,48614,2023-05-02,33,M,72731.0,self_employed,11.1,Moscow,partner,consumer,190000,24,20.4,9707.0,591.0,0,50.5,30,0
2123,92428,2023-01-17,59,M,42767.0,unemployed,1.1,Moscow,branch,car,390000,60,17.7,9840.0,528.0,2,82.1,143,1
2124,92155,2023-07-15,26,F,52883.0,freelance,1.3,South,online,car,440000,24,17.2,21797.0,528.0,0,65.4,117,1
2125,1281,2023-11-23,33,F,101155.0,employed,14.5,Siberia,branch,consumer,260000,12,19.9,24073.0,578.0,1,47.0,9,0
2126,28420,2023-11-14,21,F,58371.0,self_employed,0.0,South,online,consumer,140000,24,17.7,6969.0,758.0,0,34.4,13,0
2127,81896,2024-04-23,45,M,103932.0,employed,26.5,Siberia,branch,consumer,330000,36,17.7,11881.0,680.0,1,42.1,35,0
2128,40030,2023-09-09,47,M,64006.0,self_employed,23.5,Moscow,branch,renovation,300000,36,17.7,10801.0,616.0,1,51.1,0,0
2129,2058,2024-05-17,33,F,69697.0,employed,12.3,South,online,renovation,550000,36,17.2,19664.0,626.0,1,60.2,47,0
2130,87213,2023-04-29,35,M,51672.0,employed,13.6,Siberia,online,consumer,260000,48,18.9,7760.0,657.0,0,41.9,15,0
2131,77260,2024-11-04,20,M,64490.0,self_employed,0.0,Ural,online,consumer,250000,24,19.9,12712.0,553.0,2,66.1,36,0
2132,29404,2024-12-10,43,M,132183.0,employed,18.9,Ural,branch,car,880000,48,14.3,24180.0,669.0,0,61.2,0,0
2133,30856,2024-05-12,22,M,93077.0,employed,1.0,Ural,online,consumer,300000,24,19.3,15166.0,651.0,4,59.6,209,1
2134,10200,2024-04-30,48,F,71787.0,freelance,24.3,SPb,partner,education,200000,24,14.9,9688.0,718.0,0,40.4,0,0
2135,65178,2023-02-14,23,M,38400.0,freelance,4.5,Siberia,branch,car,350000,24,15.8,17104.0,644.0,1,60.1,10,0
2136,34997,2023-11-10,40,F,80339.0,employed,16.0,South,online,consumer,300000,48,18.0,8812.0,705.0,1,40.2,22,0
2137,26611,2023-06-28,30,F,78650.0,employed,0.0,Moscow,branch,consumer,240000,24,19.9,12203.0,584.0,2,49.5,21,0
2138,42235,2024-02-22,25,M,54056.0,employed,3.8,Moscow,partner,education,140000,24,16.2,6868.0,593.0,0,39.0,14,0
2139,36057,2024-07-09,28,F,109664.0,employed,0.0,Moscow,branch,consumer,490000,36,20.2,18260.0,563.0,1,54.5,15,0
2140,2239,2023-03-19,37,M,28727.0,unemployed,0.2,Siberia,partner,consumer,80000,36,21.0,3014.0,592.0,2,51.2,18,0
2141,66661,2023-11-22,22,F,40606.0,self_employed,0.0,South,partner,consumer,110000,36,20.2,4099.0,594.0,3,47.9,0,0
2142,46272,2024-11-20,23,M,72801.0,employed,4.4,SPb,branch,consumer,310000,12,18.2,28450.0,639.0,4,53.7,0,0
2143,90393,2023-12-23,28,F,73891.0,employed,7.8,Moscow,online,consumer,260000,24,19.6,13182.0,603.0,0,46.7,5,0
2144,62212,2024-02-20,34,M,71499.0,self_employed,12.7,South,online,renovation,550000,36,18.6,20050.0,568.0,2,59.6,90,1
2145,16398,2024-05-29,32,F,101366.0,self_employed,10.8,Moscow,online,car,690000,36,14.1,23616.0,728.0,1,62.3,27,0
2146,57503,2023-08-02,39,F,116329.0,self_employed,17.7,Moscow,online,car,770000,36,15.3,26806.0,718.0,2,71.9,147,1
2147,7638,2023-03-15,28,M,78005.0,employed,8.8,Moscow,online,consumer,240000,12,18.4,22049.0,707.0,3,43.9,20,0
2148,7570,2024-07-16,57,F,112037.0,employed,28.1,South,partner,consumer,410000,60,19.3,10703.0,610.0,2,60.9,2,0
2149,69785,2024-08-01,21,M,54479.0,employed,3.0,SPb,branch,education,170000,60,14.7,4018.0,567.0,0,28.3,34,0
2150,10110,2024-05-23,27,M,80473.0,employed,6.1,Moscow,branch,consumer,250000,36,19.0,9164.0,623.0,1,46.3,0,0
2151,80141,2023-11-28,26,F,76749.0,employed,2.0,South,partner,education,180000,24,17.8,8969.0,553.0,3,72.5,234,1
2152,13115,2023-04-03,28,F,63650.0,freelance,3.3,SPb,online,car,370000,24,15.8,18081.0,572.0,2,59.9,1,0
2153,40062,2024-11-18,43,M,61322.0,employed,21.2,Siberia,online,car,360000,60,14.8,8527.0,621.0,2,60.1,142,1
2154,23911,2024-10-18,44,M,30376.0,unemployed,0.2,Moscow,partner,consumer,140000,12,20.5,13002.0,555.0,0,59.9,158,1
2155,33556,2024-06-02,65,F,129567.0,employed,45.0,Siberia,online,car,950000,48,13.6,25770.0,697.0,1,80.2,1,0
2156,79131,2023-09-26,37,F,58653.0,employed,17.2,Moscow,online,education,260000,24,16.6,12805.0,592.0,1,52.4,3,0
2157,2969,2024-01-11,23,M,48011.0,employed,3.3,Ural,partner,consumer,150000,12,19.2,13838.0,627.0,0,36.4,8,0
2158,44753,2023-01-04,21,M,67786.0,employed,0.0,SPb,online,consumer,170000,36,19.9,6309.0,649.0,4,64.7,0,0
2159,83811,2023-05-18,33,F,26668.0,unemployed,0.1,Siberia,branch,renovation,180000,60,20.8,4849.0,507.0,1,54.5,198,1
2160,5470,2023-08-19,50,F,129595.0,employed,29.8,Siberia,branch,car,820000,36,14.9,28385.0,703.0,0,56.1,0,0
2161,11225,2024-08-22,37,F,97690.0,employed,14.9,South,partner,car,830000,48,15.3,23226.0,608.0,1,69.4,186,1
2162,24196,2024-06-12,34,M,27734.0,unemployed,0.7,SPb,branch,car,350000,60,16.7,8642.0,552.0,1,51.3,33,0
2163,14669,2023-02-21,25,F,60510.0,employed,6.7,Siberia,online,car,660000,24,15.4,32127.0,605.0,3,65.4,19,0
2164,38380,2024-10-07,32,F,98805.0,employed,8.3,South,branch,consumer,420000,24,19.8,21335.0,641.0,2,80.2,137,1
2165,49320,2024-12-23,62,M,131695.0,employed,37.9,SPb,online,consumer,510000,24,17.3,25289.0,718.0,2,41.1,10,0
2166,48414,2023-11-21,48,F,96444.0,employed,29.1,Moscow,online,renovation,670000,36,15.9,23522.0,709.0,4,55.4,21,0
2167,16577,2024-12-17,33,F,83018.0,employed,10.4,Siberia,online,car,620000,48,14.9,17224.0,593.0,1,74.5,13,0
2168,89009,2024-12-23,33,M,93422.0,employed,12.9,SPb,branch,renovation,560000,36,17.1,19993.0,631.0,2,62.9,8,0
2169,56409,2023-10-04,28,F,56278.0,freelance,9.6,SPb,branch,education,150000,36,17.8,5408.0,572.0,2,78.6,0,0
2170,29625,2024-06-19,28,F,74917.0,freelance,8.5,Ural,branch,consumer,220000,6,19.2,38747.0,693.0,1,34.8,24,0
2171,82040,2024-04-30,33,F,91728.0,employed,14.8,South,partner,renovation,500000,36,17.4,17926.0,611.0,0,59.2,197,1
2172,25089,2024-05-30,48,F,123830.0,employed,25.4,Moscow,online,education,350000,24,15.4,17037.0,644.0,3,50.1,206,1
2173,37487,2023-06-01,32,M,100875.0,employed,13.3,SPb,branch,renovation,620000,48,18.7,18440.0,533.0,3,69.8,26,0
2174,66838,2024-04-27,58,M,115047.0,self_employed,39.5,Moscow,partner,consumer,380000,12,18.3,34893.0,725.0,2,51.2,24,0
2175,97999,2023-09-16,32,F,84305.0,employed,13.3,South,partner,education,330000,48,17.0,9522.0,579.0,1,61.8,0,0
2176,95795,2023-11-20,60,M,143151.0,freelance,41.2,Moscow,branch,renovation,680000,48,18.3,20082.0,701.0,0,59.2,199,1
2177,51138,2023-06-17,23,M,72729.0,self_employed,1.6,Moscow,online,consumer,340000,24,19.1,17155.0,676.0,1,41.5,1,0
2178,43823,2024-11-18,43,M,81238.0,employed,21.9,South,branch,car,550000,36,12.8,18479.0,757.0,1,46.9,12,0
2179,38208,2023-11-06,41,M,71627.0,self_employed,22.6,Ural,online,renovation,310000,48,18.2,9139.0,562.0,1,60.9,0,0
2180,55061,2024-04-23,30,F,114740.0,employed,8.1,Siberia,online,consumer,290000,24,20.3,14802.0,513.0,0,42.8,18,0
2181,31659,2023-02-25,32,M,102157.0,employed,12.7,SPb,online,education,310000,24,15.7,15134.0,703.0,2,52.1,1,0
2182,32890,2024-09-11,31,M,66552.0,employed,11.2,SPb,branch,education,250000,24,13.9,11991.0,681.0,1,39.5,0,0
2183,80134,2024-04-17,52,F,119133.0,employed,33.6,South,branch,consumer,550000,48,18.8,16387.0,641.0,0,61.5,29,0
2184,48055,2023-10-23,30,F,90087.0,self_employed,8.3,South,online,renovation,510000,12,17.8,46708.0,673.0,4,59.2,7,0
2185,20508,2024-04-05,26,F,59207.0,self_employed,6.6,Ural,partner,consumer,200000,24,20.0,10179.0,585.0,1,49.1,0,0
2186,43287,2023-11-20,66,F,134071.0,employed,45.0,South,online,consumer,480000,12,19.7,44396.0,592.0,1,56.3,18,0
2187,79916,2023-05-21,54,F,46484.0,unemployed,0.0,South,online,education,150000,24,18.5,7525.0,558.0,1,55.9,132,1
2188,27984,2024-10-28,31,F,111064.0,employed,12.8,Ural,branch,consumer,430000,24,19.2,21718.0,612.0,1,62.8,0,0
2189,9125,2023-09-19,65,F,90914.0,employed,43.4,South,online,consumer,260000,48,18.7,7733.0,679.0,2,41.9,0,0
2190,37059,2024-02-24,34,F,76148.0,employed,13.6,Moscow,online,renovation,370000,24,17.4,18365.0,625.0,1,45.5,21,0
2191,70569,2023-08-29,48,M,81608.0,self_employed,28.3,South,online,consumer,230000,36,19.2,8454.0,703.0,3,54.7,16,0
2192,18087,2023-12-21,32,F,34422.0,unemployed,0.2,SPb,partner,car,430000,36,18.4,15632.0,496.0,2,76.8,124,1
2193,6704,2024-08-11,24,M,80373.0,self_employed,3.1,Moscow,online,education,240000,24,15.3,11671.0,694.0,3,48.0,20,0
2194,61576,2023-06-29,39,M,26214.0,unemployed,0.3,Siberia,partner,consumer,80000,12,22.1,7491.0,496.0,3,61.8,4,0
2195,74384,2023-03-07,21,M,77055.0,employed,1.3,South,branch,consumer,260000,60,19.2,6773.0,632.0,2,47.8,0,0
2196,88128,2023-12-14,27,M,83779.0,employed,8.8,Moscow,branch,consumer,210000,48,18.5,6224.0,713.0,0,38.4,19,0
2197,73460,2023-06-20,23,F,64522.0,employed,0.5,Ural,branch,education,170000,48,17.0,4905.0,567.0,1,62.7,6,0
2198,28208,2024-04-18,43,F,80785.0,self_employed,24.7,Siberia,partner,car,660000,48,15.6,18570.0,661.0,0,69.3,20,0
2199,86150,2024-06-17,29,F,89249.0,employed,4.4,SPb,online,car,820000,48,14.5,22614.0,699.0,1,84.7,96,1
2200,67024,2024-01-02,19,F,74989.0,freelance,0.0,Moscow,branch,consumer,270000,36,20.0,10034.0,589.0,1,55.1,13,0
2201,40882,2023-04-17,39,M,107127.0,employed,10.4,SPb,branch,education,230000,48,16.5,6577.0,602.0,1,51.8,1,0
2202,26923,2024-03-14,32,F,79405.0,employed,6.8,SPb,partner,car,770000,60,15.0,18318.0,628.0,3,83.9,191,1
2203,30165,2023-08-15,38,M,81530.0,employed,9.3,Siberia,online,car,780000,60,15.9,18927.0,589.0,1,76.7,13,0
2204,68203,2024-03-19,66,F,132162.0,self_employed,41.5,Moscow,branch,car,1460000,36,15.5,50970.0,647.0,2,84.8,0,0
2205,92749,2024-03-17,57,M,71278.0,employed,38.6,Siberia,branch,renovation,500000,12,16.0,45365.0,717.0,3,43.2,4,0
2206,5114,2024-01-31,29,M,47924.0,employed,9.3,Ural,partner,consumer,170000,36,19.9,6309.0,598.0,0,40.1,1,0
2207,65965,2024-12-28,30,F,84366.0,employed,11.8,South,branch,education,250000,36,16.3,8826.0,533.0,2,54.8,19,0
2208,37321,2024-08-03,32,F,76551.0,self_employed,11.6,Ural,online,consumer,320000,48,19.3,9619.0,589.0,0,48.2,7,0
2209,74297,2023-03-25,44,F,75064.0,freelance,23.7,SPb,online,consumer,240000,12,19.8,22209.0,658.0,2,54.6,1,0
2210,97652,2024-09-06,61,F,98730.0,self_employed,35.3,Moscow,online,consumer,290000,36,18.8,10601.0,626.0,2,56.1,39,0
2211,26426,2024-07-04,29,M,98572.0,employed,0.5,Moscow,online,consumer,380000,12,17.7,34784.0,660.0,1,50.0,4,0
2212,18772,2023-01-13,28,F,23811.0,unemployed,0.9,SPb,partner,consumer,110000,36,21.3,4161.0,589.0,1,64.4,0,0
2213,4712,2024-11-23,44,F,69369.0,freelance,23.4,SPb,partner,consumer,160000,36,19.3,5889.0,631.0,1,47.1,15,0
2214,2367,2024-05-07,24,M,99448.0,employed,4.1,Ural,online,consumer,380000,36,19.0,13929.0,628.0,0,44.1,42,0
2215,92736,2023-09-25,26,M,74929.0,employed,5.6,South,online,education,200000,36,15.5,6982.0,619.0,2,42.7,34,0
2216,52924,2024-06-08,46,M,146403.0,employed,13.0,SPb,online,education,450000,48,15.3,12592.0,639.0,0,47.2,31,0
2217,4726,2023-04-30,58,F,134089.0,employed,32.6,SPb,online,consumer,400000,12,19.2,36901.0,688.0,3,67.1,1,0
2218,90152,2023-12-19,26,M,53767.0,freelance,1.2,South,online,consumer,100000,36,21.5,3793.0,549.0,0,43.8,0,0
2219,28723,2023-02-26,36,M,36948.0,freelance,17.6,Siberia,branch,consumer,130000,60,20.8,3502.0,558.0,2,47.4,0,0
2220,10108,2023-02-09,41,M,72410.0,freelance,21.7,SPb,online,education,210000,60,16.4,5152.0,596.0,2,58.8,23,0
2221,78714,2023-12-02,32,F,81262.0,employed,9.8,Moscow,partner,consumer,230000,24,19.8,11684.0,686.0,2,43.3,15,0
2222,36643,2024-10-01,58,F,123446.0,self_employed,36.5,Moscow,branch,car,960000,48,14.7,26572.0,653.0,1,79.3,197,1
2223,32324,2023-06-22,30,F,82779.0,employed,13.0,Moscow,online,consumer,280000,24,19.3,14155.0,596.0,1,47.0,0,0
2224,84360,2024-06-30,32,M,66645.0,employed,0.0,South,online,renovation,460000,48,17.9,13488.0,609.0,2,58.5,0,0
2225,9927,2023-09-16,23,M,62127.0,self_employed,3.8,Ural,online,car,530000,60,15.9,12860.0,587.0,1,65.2,39,0
2226,94680,2024-05-31,35,M,86380.0,employed,14.8,South,online,consumer,320000,60,19.8,8442.0,600.0,1,50.2,0,0
2227,97546,2024-12-30,32,F,81541.0,self_employed,2.4,Siberia,branch,consumer,260000,48,19.4,7829.0,620.0,0,37.8,20,0
2228,23443,2024-06-06,31,M,66384.0,self_employed,9.4,Moscow,partner,renovation,360000,36,16.5,12746.0,721.0,1,39.9,0,0
2229,80973,2023-04-27,22,M,69441.0,freelance,0.9,SPb,online,consumer,180000,24,20.9,9241.0,592.0,2,46.7,11,0
2230,64449,2023-07-03,37,F,102098.0,employed,18.5,South,online,consumer,380000,36,18.2,13776.0,707.0,1,26.1,10,0
2231,77743,2023-04-26,42,M,86773.0,freelance,23.2,Moscow,partner,consumer,390000,48,18.9,11640.0,704.0,3,52.9,1,0
2232,61233,2023-06-11,53,F,49080.0,unemployed,0.1,Moscow,partner,car,780000,48,19.7,23611.0,478.0,0,84.8,127,1
2233,26537,2024-08-01,20,M,46735.0,freelance,0.1,SPb,online,car,520000,48,15.5,14604.0,590.0,1,77.6,2,0
2234,78576,2024-12-12,23,F,66230.0,freelance,2.9,Ural,online,consumer,280000,36,20.1,10420.0,596.0,2,73.5,22,0
2235,23612,2024-06-26,48,M,81827.0,self_employed,23.0,Moscow,partner,consumer,320000,36,19.3,11779.0,699.0,4,67.1,10,0
2236,94977,2024-08-09,19,M,84140.0,employed,0.7,SPb,online,consumer,280000,48,18.3,8269.0,667.0,1,41.8,12,0
2237,7471,2023-08-25,41,M,110815.0,self_employed,22.1,Moscow,branch,car,800000,36,16.8,28443.0,607.0,2,75.1,26,0
2238,36631,2023-03-07,41,F,120812.0,self_employed,22.5,Moscow,online,education,280000,48,16.6,8022.0,631.0,2,55.3,13,0
2239,93059,2023-03-11,33,F,63387.0,self_employed,11.0,Moscow,partner,consumer,250000,12,22.5,23459.0,502.0,4,81.3,188,1
2240,32348,2024-03-22,36,M,60637.0,freelance,7.4,Moscow,online,car,350000,12,15.1,31607.0,686.0,1,50.3,0,0
2241,65732,2024-02-20,25,F,94318.0,employed,0.3,Moscow,partner,consumer,330000,60,21.2,8965.0,536.0,2,64.3,141,1
2242,2177,2024-06-15,32,F,61481.0,employed,10.1,Ural,branch,car,520000,36,14.5,17899.0,623.0,0,53.1,18,0
2243,5760,2024-03-16,29,F,68757.0,self_employed,10.9,South,branch,car,560000,24,15.4,27259.0,661.0,1,74.1,20,0
2244,33779,2024-04-08,48,F,79915.0,employed,28.7,Siberia,branch,car,560000,60,14.9,13293.0,658.0,2,58.6,11,0
2245,22636,2024-01-31,38,M,76748.0,employed,14.0,Siberia,partner,car,610000,60,13.9,14162.0,738.0,2,59.6,15,0
2246,82889,2024-12-11,28,F,58859.0,employed,6.8,Siberia,branch,consumer,220000,60,17.4,5515.0,703.0,1,35.9,27,0
2247,54551,2024-07-04,62,M,101348.0,employed,13.0,South,online,consumer,250000,48,17.6,7292.0,715.0,2,50.1,3,0
2248,12556,2024-10-18,20,M,38550.0,freelance,0.1,South,online,consumer,170000,24,21.2,8752.0,540.0,0,58.2,31,0
2249,28598,2024-07-10,45,M,68849.0,employed,26.7,Siberia,online,consumer,300000,36,18.6,10936.0,616.0,2,49.9,207,1
2250,12563,2024-01-30,41,F,78446.0,employed,20.8,Siberia,online,renovation,300000,24,17.4,14890.0,601.0,0,35.8,24,0
2251,47819,2023-11-22,59,F,148913.0,employed,34.1,SPb,online,consumer,460000,36,18.4,16723.0,712.0,1,53.5,0,0
2252,74770,2023-04-01,19,F,72613.0,employed,0.9,Moscow,branch,car,650000,48,16.4,18555.0,550.0,0,65.1,134,1
2253,92055,2023-03-11,38,F,126784.0,employed,17.1,Moscow,online,consumer,480000,24,19.8,24383.0,634.0,1,63.7,3,0
2254,27966,2023-06-15,23,F,66988.0,employed,4.2,Siberia,branch,consumer,230000,36,19.8,8524.0,612.0,3,43.6,7,0
2255,82709,2024-10-03,26,M,29785.0,unemployed,0.2,Moscow,branch,car,350000,48,17.4,10172.0,486.0,1,66.7,132,1
2256,60889,2023-08-02,24,M,68987.0,employed,5.8,Siberia,branch,consumer,240000,24,18.8,12075.0,662.0,1,37.9,17,0
2257,27987,2024-08-23,22,M,100190.0,self_employed,1.1,SPb,branch,education,410000,60,17.0,10190.0,530.0,0,66.0,190,1
2258,79714,2023-12-01,29,M,56879.0,freelance,10.1,Moscow,online,renovation,410000,60,17.7,10345.0,696.0,1,79.8,20,0
2259,59348,2024-01-04,28,M,20911.0,unemployed,0.6,SPb,partner,education,80000,48,19.0,2392.0,498.0,3,60.0,0,0
2260,25596,2024-08-06,34,M,94628.0,employed,15.6,Siberia,online,education,190000,36,15.5,6633.0,627.0,1,51.2,8,0
2261,34174,2024-11-07,46,F,112725.0,employed,26.3,Moscow,online,renovation,760000,24,15.7,37103.0,712.0,0,57.5,34,0
2262,65106,2023-02-18,51,F,81792.0,employed,32.4,Moscow,branch,renovation,440000,24,16.2,21586.0,684.0,3,50.9,17,0
2263,70967,2023-02-21,19,F,72303.0,employed,0.0,Siberia,partner,car,690000,24,15.1,33489.0,681.0,4,70.2,0,0
2264,60182,2023-10-16,19,F,60522.0,employed,0.0,South,partner,consumer,160000,12,21.5,14937.0,512.0,4,61.5,235,1
2265,94300,2024-09-17,28,M,47610.0,freelance,9.4,Ural,partner,renovation,290000,12,18.2,26615.0,615.0,1,48.1,18,0
2266,88163,2023-08-27,35,F,63752.0,employed,13.1,Ural,branch,consumer,220000,24,16.4,10814.0,828.0,2,23.9,29,0
2267,40310,2023-05-13,41,M,64900.0,employed,17.9,Siberia,online,car,430000,48,12.7,11472.0,752.0,1,56.3,19,0
2268,57088,2023-06-15,37,M,116881.0,employed,17.1,Siberia,online,renovation,590000,24,16.9,29143.0,661.0,1,53.8,13,0
2269,9906,2024-01-09,24,F,26401.0,unemployed,0.5,Moscow,online,car,360000,48,19.0,10764.0,395.0,1,73.6,189,1
2270,37914,2024-01-08,39,M,113411.0,self_employed,18.0,Moscow,branch,car,870000,48,13.9,23730.0,701.0,0,59.2,126,1
2271,46379,2024-04-22,48,M,103364.0,employed,26.8,South,branch,consumer,400000,36,19.6,14784.0,591.0,4,61.5,0,0
2272,79612,2024-04-23,32,M,59539.0,employed,10.8,South,partner,renovation,400000,24,17.4,19854.0,648.0,2,56.0,10,0
2273,38650,2024-10-11,38,F,93527.0,employed,19.0,Ural,online,education,300000,36,14.5,10326.0,709.0,0,46.7,0,0
2274,47881,2024-08-13,24,F,61981.0,freelance,0.0,Ural,branch,car,650000,48,17.3,18857.0,502.0,1,70.2,163,1
2275,47413,2024-11-12,35,M,164474.0,self_employed,16.3,Moscow,partner,consumer,460000,48,18.9,13730.0,672.0,1,60.5,8,0
2276,7012,2024-09-26,26,F,52899.0,self_employed,6.6,Ural,branch,car,350000,36,14.4,12030.0,652.0,0,52.5,29,0
2277,51115,2024-11-18,23,M,61781.0,employed,4.0,Moscow,online,consumer,150000,24,18.1,7496.0,728.0,5,54.9,16,0
2278,8151,2023-10-27,22,M,83384.0,freelance,0.0,Moscow,online,consumer,350000,24,21.1,18002.0,565.0,1,62.1,0,0
2279,58716,2023-03-23,58,M,74402.0,self_employed,34.7,SPb,branch,consumer,340000,12,18.5,31252.0,675.0,0,37.6,11,0
2280,94747,2023-03-28,21,F,18000.0,unemployed,0.6,Ural,online,car,350000,48,16.4,9991.0,616.0,3,64.5,166,1
2281,93653,2023-08-13,67,M,150721.0,self_employed,45.0,SPb,branch,renovation,750000,12,16.2,68119.0,793.0,0,61.7,5,0
2282,37378,2023-01-16,35,F,94402.0,employed,13.5,SPb,branch,renovation,550000,12,17.6,50319.0,614.0,1,59.5,47,0
2283,43652,2023-12-24,34,M,44887.0,employed,15.2,Siberia,branch,education,90000,36,14.5,3098.0,689.0,1,29.7,33,0
2284,73430,2023-06-12,22,M,61611.0,employed,0.0,Siberia,branch,consumer,260000,48,20.7,8009.0,533.0,0,46.4,0,0
2285,14467,2024-09-01,62,F,96595.0,self_employed,41.7,South,partner,education,270000,60,15.1,6437.0,686.0,0,43.2,16,0
2286,32010,2024-10-29,35,M,109419.0,self_employed,14.5,SPb,online,renovation,760000,12,18.1,69713.0,576.0,1,77.1,136,1
2287,55691,2024-05-28,55,M,130676.0,employed,35.7,Siberia,online,renovation,710000,60,16.1,17304.0,756.0,1,66.2,0,0
2288,65157,2023-12-16,25,M,65429.0,employed,4.7,South,branch,car,600000,48,13.5,16246.0,654.0,2,48.0,15,0
2289,13289,2024-11-11,25,F,82667.0,employed,2.8,South,partner,car,780000,48,16.4,22266.0,562.0,2,82.6,11,0
2290,45976,2024-04-08,58,F,50802.0,unemployed,0.8,SPb,online,consumer,280000,24,21.5,14457.0,547.0,1,63.2,118,1
2291,44596,2024-01-10,33,M,76329.0,employed,11.9,SPb,branch,education,190000,36,16.4,6717.0,598.0,0,50.1,15,0
2292,24171,2023-04-02,28,M,68522.0,employed,8.1,South,online,consumer,310000,36,20.8,11647.0,542.0,3,58.2,150,1
2293,87365,2023-06-30,27,M,103447.0,employed,5.2,Moscow,branch,consumer,280000,6,19.2,49315.0,623.0,2,51.0,3,0
2294,45139,2023-10-28,63,M,126649.0,employed,38.1,Siberia,branch,consumer,400000,24,17.7,19912.0,739.0,1,40.8,18,0
2295,49713,2024-10-21,34,F,63786.0,self_employed,15.8,South,online,renovation,440000,60,17.3,11006.0,653.0,3,66.9,1,0
2296,30734,2023-07-08,31,F,51160.0,freelance,12.7,Siberia,branch,education,130000,24,17.4,6453.0,557.0,3,55.0,21,0
2297,73588,2023-11-10,55,F,112057.0,employed,33.5,Ural,branch,consumer,440000,36,19.6,16262.0,658.0,0,48.7,28,0
2298,64646,2024-05-07,36,M,121180.0,self_employed,16.6,Moscow,online,consumer,360000,24,19.4,18217.0,623.0,3,55.1,155,1
2299,4654,2023-05-08,59,F,95982.0,employed,40.0,Moscow,branch,consumer,280000,24,19.0,14114.0,732.0,1,40.7,49,0
2300,90022,2024-06-02,62,F,67768.0,unemployed,0.4,Ural,branch,education,150000,60,18.4,3842.0,525.0,4,77.9,23,0
2301,19743,2024-03-01,22,F,82927.0,employed,1.4,Siberia,online,consumer,220000,12,18.9,20264.0,676.0,2,46.8,4,0
2302,49368,2024-07-12,23,F,65339.0,employed,3.7,Moscow,branch,consumer,150000,36,19.0,5498.0,542.0,0,39.5,28,0
2303,91025,2024-07-18,31,F,79813.0,employed,10.9,Moscow,partner,consumer,210000,12,18.1,19263.0,669.0,1,40.7,18,0
2304,75172,2023-07-06,24,F,78731.0,employed,0.0,SPb,online,education,310000,48,15.5,8706.0,651.0,1,37.3,134,1
2305,7441,2024-07-03,41,M,71074.0,employed,18.7,Ural,branch,consumer,260000,36,16.8,9244.0,735.0,2,43.3,33,0
2306,25611,2024-03-28,44,F,71151.0,self_employed,21.2,Ural,branch,education,200000,60,16.0,4864.0,636.0,1,42.1,0,0
2307,13149,2024-04-15,26,M,76096.0,self_employed,7.6,Moscow,partner,car,770000,60,15.7,18602.0,574.0,1,81.8,135,1
2308,60189,2024-07-18,33,F,115914.0,employed,13.8,Moscow,online,consumer,330000,24,18.7,16587.0,654.0,2,58.2,26,0
2309,22675,2023-08-12,55,F,113577.0,self_employed,36.7,Siberia,online,consumer,470000,36,21.2,17756.0,578.0,2,73.3,16,0
2310,72031,2023-06-03,30,F,102370.0,employed,1.6,Moscow,branch,consumer,330000,24,19.8,16763.0,645.0,2,47.6,27,0
2311,43668,2024-07-13,40,M,63348.0,self_employed,18.6,Moscow,online,consumer,230000,60,18.5,5903.0,619.0,2,49.1,18,0
2312,14673,2023-12-17,22,M,71972.0,self_employed,3.9,Moscow,branch,renovation,360000,60,17.0,8947.0,722.0,2,43.7,0,0
2313,77666,2023-05-27,23,M,67141.0,self_employed,3.1,South,online,car,640000,48,17.8,18733.0,484.0,0,75.8,218,1
2314,89204,2024-07-29,56,F,139832.0,employed,37.1,SPb,online,education,420000,12,14.8,37869.0,668.0,0,47.0,9,0
2315,81758,2023-12-15,37,F,60457.0,employed,16.7,Ural,partner,car,410000,36,14.5,14113.0,698.0,2,59.1,18,0
2316,66429,2023-07-01,39,F,124875.0,employed,20.4,Moscow,branch,renovation,900000,60,18.9,23297.0,617.0,3,78.7,27,0
2317,24669,2024-09-28,40,M,76610.0,employed,21.8,SPb,branch,renovation,360000,48,16.0,10203.0,706.0,1,39.7,4,0
2318,35068,2023-06-28,19,F,40789.0,freelance,0.0,Ural,partner,consumer,140000,12,19.5,12935.0,699.0,5,56.2,18,0
2319,89789,2023-02-08,23,F,68422.0,employed,3.9,Moscow,online,renovation,470000,48,16.9,13538.0,691.0,1,41.3,0,0
2320,10435,2023-01-03,37,M,55570.0,employed,15.2,South,branch,consumer,190000,12,18.9,17501.0,600.0,2,44.5,26,0
2321,95088,2023-03-05,39,F,138902.0,employed,19.1,Siberia,branch,consumer,510000,36,17.5,18310.0,755.0,2,44.6,3,0
2322,53249,2023-01-29,33,F,55320.0,employed,14.0,Siberia,online,car,630000,60,14.6,14856.0,661.0,2,63.3,6,0
2323,38384,2024-01-07,39,F,100162.0,self_employed,18.5,Ural,online,renovation,720000,36,18.8,26320.0,596.0,1,83.7,10,0
2324,82929,2024-06-06,47,F,95323.0,employed,28.8,SPb,online,car,570000,48,13.3,15377.0,721.0,0,49.7,143,1
2325,77153,2023-04-07,48,M,83527.0,self_employed,26.7,Ural,partner,car,610000,60,14.5,14352.0,724.0,1,54.6,3,0
2326,76388,2024-03-17,31,F,71117.0,employed,12.5,Moscow,branch,consumer,190000,12,18.6,17473.0,688.0,0,40.2,0,0
2327,32401,2023-07-22,41,F,127066.0,freelance,22.0,Moscow,branch,consumer,380000,24,19.2,19192.0,663.0,0,29.4,15,0
2328,72831,2024-02-15,43,F,28490.0,unemployed,1.0,Ural,branch,car,350000,36,18.0,12653.0,447.0,2,79.9,126,1
2329,35084,2023-01-21,67,F,157961.0,self_employed,45.0,SPb,partner,consumer,420000,36,20.7,15759.0,628.0,5,77.2,1,0
2330,56826,2024-07-04,20,F,56470.0,freelance,0.0,Moscow,partner,car,560000,12,16.0,50809.0,569.0,2,79.1,129,1
2331,37451,2023-04-12,26,M,77252.0,employed,6.8,Ural,branch,consumer,200000,36,19.0,7331.0,647.0,0,33.4,6,0
2332,8227,2023-02-15,29,F,28711.0,unemployed,0.4,Ural,branch,consumer,80000,48,21.2,2486.0,534.0,1,49.4,215,1
2333,32910,2023-03-07,34,M,53142.0,freelance,15.4,South,partner,consumer,210000,48,22.0,6616.0,468.0,2,52.6,135,1
2334,37041,2024-08-25,67,M,34441.0,unemployed,0.1,Siberia,branch,consumer,170000,24,21.4,8769.0,523.0,2,59.3,5,0
2335,89920,2023-06-13,59,M,91079.0,self_employed,40.4,Moscow,branch,renovation,560000,60,18.7,14434.0,619.0,2,81.4,25,0
2336,66681,2023-04-21,32,F,30815.0,freelance,13.9,Siberia,partner,car,350000,60,17.0,8698.0,578.0,0,62.1,5,0
2337,82571,2023-12-04,26,F,54137.0,employed,2.2,South,partner,consumer,180000,36,18.5,6553.0,639.0,1,36.1,0,0
2338,66481,2023-05-03,25,M,67323.0,employed,6.8,Siberia,online,renovation,440000,24,18.5,22073.0,611.0,1,55.5,37,0
2339,69576,2024-12-05,25,M,75086.0,employed,13.0,Siberia,branch,consumer,300000,24,18.4,15035.0,635.0,0,47.0,25,0
2340,65174,2024-03-22,43,F,87547.0,freelance,24.3,Moscow,partner,car,830000,24,17.1,41077.0,585.0,0,83.1,190,1
2341,27160,2024-09-02,35,F,64054.0,employed,17.0,South,online,car,560000,36,14.1,19167.0,605.0,4,73.9,4,0
2342,18633,2023-10-18,35,F,107101.0,self_employed,12.2,Moscow,branch,education,270000,60,15.2,6452.0,705.0,1,56.0,11,0
2343,95880,2024-11-01,44,M,85241.0,employed,22.4,Siberia,online,consumer,250000,36,18.1,9051.0,616.0,2,34.5,13,0
2344,18014,2024-02-16,50,M,91715.0,employed,30.8,SPb,partner,consumer,340000,24,18.5,17056.0,698.0,1,47.3,38,0
2345,81532,2024-09-06,49,M,77394.0,freelance,30.8,SPb,branch,consumer,210000,36,19.3,7730.0,657.0,5,54.6,11,0
2346,50104,2023-10-08,28,M,79682.0,freelance,8.7,Moscow,online,car,760000,48,13.9,20730.0,786.0,3,68.4,25,0
2347,42621,2023-02-12,25,M,75381.0,self_employed,6.4,SPb,online,consumer,310000,24,19.0,15627.0,618.0,1,44.1,25,0
2348,78231,2024-04-30,32,M,63855.0,employed,5.9,Siberia,partner,consumer,250000,12,20.0,23159.0,544.0,3,54.8,10,0
2349,69388,2024-08-18,37,M,53088.0,employed,16.7,South,online,car,440000,36,13.7,14974.0,681.0,2,45.6,155,1
2350,17014,2024-12-03,48,M,124377.0,employed,20.0,SPb,partner,consumer,540000,12,19.7,49945.0,625.0,1,66.9,209,1
2351,93578,2023-02-20,50,F,92980.0,employed,30.7,Ural,online,education,310000,48,15.4,8691.0,668.0,1,33.9,6,0
2352,34755,2023-07-29,39,M,93372.0,employed,18.6,Siberia,online,car,870000,36,15.4,30330.0,654.0,1,76.5,3,0
2353,41390,2023-05-06,37,M,81058.0,employed,18.4,Moscow,branch,car,810000,36,11.9,26865.0,831.0,0,49.2,0,0
2354,24711,2024-05-06,24,F,65534.0,employed,1.0,South,partner,consumer,180000,12,18.3,16528.0,643.0,1,43.8,31,0
2355,92658,2024-05-23,30,F,128250.0,self_employed,11.9,Moscow,online,consumer,460000,24,18.4,23054.0,669.0,1,58.0,14,0
2356,58993,2024-08-03,46,F,89170.0,employed,24.4,South,online,car,850000,60,15.3,20356.0,573.0,1,84.7,34,0
2357,75696,2023-09-15,20,F,59155.0,employed,0.5,South,partner,car,590000,60,14.5,13882.0,746.0,2,66.4,23,0
2358,28213,2023-07-07,67,F,157025.0,employed,45.0,Moscow,branch,consumer,550000,60,18.7,14177.0,697.0,0,49.3,10,0
2359,58784,2023-08-18,21,F,20564.0,unemployed,0.2,South,online,renovation,180000,36,18.9,6589.0,596.0,5,59.5,34,0
2360,8421,2023-07-08,65,F,82394.0,employed,43.3,Ural,online,renovation,840000,36,17.7,30242.0,673.0,0,68.6,24,0
2361,87936,2024-02-19,29,F,55431.0,employed,10.3,Siberia,branch,consumer,230000,36,17.7,8280.0,706.0,2,28.3,9,0
2362,18727,2023-01-10,45,M,104732.0,employed,24.7,Moscow,branch,consumer,260000,36,17.8,9374.0,714.0,1,29.6,11,0
2363,5358,2023-04-24,42,M,41800.0,freelance,22.3,Siberia,partner,car,440000,48,15.8,12425.0,617.0,0,58.7,25,0
2364,66108,2023-03-17,60,F,84589.0,freelance,41.0,Ural,partner,consumer,250000,24,19.5,12663.0,607.0,0,46.5,24,0
2365,95018,2024-11-06,66,M,98956.0,self_employed,45.0,Ural,partner,consumer,550000,36,17.4,19719.0,792.0,2,51.0,13,0
2366,33117,2024-05-16,23,F,57549.0,employed,0.0,Ural,online,consumer,250000,24,19.8,12700.0,548.0,1,50.9,4,0
2367,89700,2023-03-26,25,M,56938.0,self_employed,0.0,Siberia,branch,consumer,180000,36,21.8,6856.0,473.0,3,75.8,138,1
2368,32910,2023-02-18,36,M,101459.0,freelance,17.0,Moscow,branch,consumer,470000,24,20.0,23921.0,645.0,2,53.7,0,0
2369,99032,2024-05-09,32,F,76645.0,self_employed,7.5,South,online,consumer,310000,60,20.4,8282.0,525.0,0,58.9,168,1
2370,56754,2024-11-19,38,M,63191.0,freelance,13.7,SPb,partner,education,210000,24,16.4,10322.0,611.0,4,57.0,12,0
2371,63438,2024-01-22,34,F,73212.0,employed,15.1,South,branch,consumer,300000,6,19.2,52837.0,637.0,0,39.1,3,0
2372,30371,2024-01-24,56,F,146372.0,employed,35.3,Moscow,partner,consumer,480000,48,20.0,14607.0,599.0,0,48.9,2,0
2373,52501,2023-08-06,45,F,60026.0,freelance,20.9,South,branch,car,430000,48,15.8,12142.0,617.0,1,56.4,0,0
2374,61946,2024-12-01,40,F,94244.0,self_employed,19.8,South,branch,car,900000,48,14.7,24911.0,652.0,1,76.3,17,0
2375,39467,2023-12-12,28,F,114680.0,employed,8.6,Moscow,partner,consumer,350000,12,19.4,32322.0,653.0,1,55.1,44,0
2376,18625,2023-08-18,43,F,67500.0,employed,21.8,Siberia,online,education,160000,36,16.1,5633.0,587.0,0,44.9,122,1
2377,34893,2023-09-12,48,F,110882.0,freelance,29.4,SPb,branch,consumer,280000,36,19.4,10320.0,666.0,1,51.9,33,0
2378,77329,2023-08-24,32,F,67248.0,employed,13.5,SPb,partner,education,250000,12,15.1,22576.0,700.0,4,50.0,23,0
2379,32007,2023-01-26,30,F,98401.0,employed,6.6,Moscow,partner,consumer,310000,36,19.5,11442.0,613.0,2,48.9,13,0
2380,92302,2024-08-06,38,F,167272.0,employed,19.9,Moscow,partner,consumer,550000,36,19.0,20161.0,648.0,0,52.2,0,0
2381,40532,2023-09-18,36,F,26484.0,unemployed,0.8,South,online,education,90000,48,18.7,2677.0,517.0,1,56.4,199,1
2382,55253,2023-09-28,35,M,23896.0,unemployed,0.4,SPb,branch,car,350000,60,18.5,8983.0,519.0,2,75.2,138,1
2383,13323,2023-05-03,34,M,100251.0,employed,14.0,Moscow,partner,renovation,540000,24,17.2,26751.0,767.0,3,63.0,0,0
2384,74379,2024-10-17,34,M,82873.0,self_employed,13.6,Ural,online,renovation,340000,36,15.2,11820.0,736.0,0,46.6,1,0
2385,15210,2023-09-14,38,M,65005.0,employed,15.6,South,partner,consumer,200000,24,18.6,10043.0,734.0,2,44.0,0,0
2386,17456,2024-10-17,34,F,78304.0,employed,9.5,SPb,branch,renovation,570000,24,16.2,27963.0,723.0,1,55.4,6,0
2387,32367,2024-02-25,27,M,52155.0,freelance,4.1,Moscow,partner,consumer,110000,12,21.3,10258.0,526.0,1,49.3,17,0
2388,55624,2023-09-16,30,F,66632.0,employed,9.5,Ural,online,car,620000,48,14.6,17130.0,706.0,2,74.0,4,0
2389,11106,2023-02-16,24,M,37487.0,employed,4.7,South,online,consumer,110000,12,18.1,10090.0,674.0,2,35.3,24,0
2390,69008,2024-06-08,28,M,56755.0,self_employed,7.8,South,branch,consumer,350000,48,20.6,10763.0,505.0,2,67.3,0,0
2391,73240,2023-07-27,44,M,91554.0,employed,25.9,Ural,partner,renovation,710000,24,18.8,35721.0,608.0,1,77.8,144,1
2392,65315,2023-11-07,27,F,85131.0,employed,8.2,Moscow,branch,car,720000,36,16.3,25420.0,586.0,1,74.9,8,0
2393,70249,2023-05-29,35,M,73110.0,self_employed,15.6,Siberia,online,consumer,240000,36,20.6,8993.0,568.0,2,52.4,8,0
2394,71587,2024-03-13,61,M,112623.0,self_employed,41.8,Siberia,online,consumer,420000,24,19.3,21233.0,660.0,3,62.2,115,1
2395,11756,2023-06-04,33,F,73687.0,employed,14.7,Siberia,branch,consumer,330000,24,19.5,16715.0,634.0,0,60.0,39,0
2396,69011,2024-11-08,49,M,124255.0,employed,30.8,SPb,online,renovation,700000,36,17.2,25027.0,640.0,1,62.6,4,0
2397,37378,2023-03-31,19,M,56357.0,self_employed,0.0,SPb,partner,education,110000,36,15.8,3856.0,639.0,2,51.8,15,0
2398,5255,2024-11-28,48,F,32441.0,unemployed,0.5,Moscow,branch,renovation,200000,36,18.2,7251.0,607.0,1,48.1,3,0
2399,15484,2023-12-24,20,M,72220.0,employed,1.0,Siberia,online,consumer,360000,48,19.5,10859.0,648.0,0,52.2,0,0
2400,57549,2023-06-23,29,M,19346.0,unemployed,0.4,Siberia,online,consumer,80000,6,23.8,14274.0,394.0,0,70.3,182,1
2401,35503,2023-08-05,49,M,91967.0,self_employed,30.3,Moscow,online,car,970000,36,13.9,33105.0,744.0,2,67.4,2,0
2402,74794,2024-03-31,47,M,112988.0,freelance,28.8,Moscow,partner,car,1480000,36,17.6,53209.0,548.0,0,84.8,178,1
2403,46113,2024-08-31,30,F,52787.0,employed,10.3,South,online,car,460000,60,14.0,10703.0,656.0,1,47.4,0,0
2404,75069,2024-09-20,39,M,109086.0,employed,19.2,Moscow,partner,education,380000,48,15.7,10711.0,626.0,0,68.0,0,0
2405,99117,2023-07-18,52,F,117000.0,employed,26.6,Ural,branch,consumer,260000,12,19.6,24035.0,598.0,0,41.6,0,0
2406,6249,2024-04-30,24,F,92189.0,employed,5.6,SPb,branch,consumer,200000,60,20.5,5355.0,497.0,3,54.5,13,0
2407,20201,2024-06-16,42,M,23439.0,unemployed,0.3,Siberia,online,education,80000,24,17.5,3975.0,563.0,1,49.5,148,1
2408,59576,2023-07-19,53,F,167803.0,employed,33.8,Moscow,partner,renovation,950000,36,16.8,33776.0,740.0,0,62.8,0,0
2409,10686,2024-01-06,40,M,62359.0,self_employed,21.6,Ural,online,renovation,390000,48,15.6,10973.0,745.0,0,33.2,33,0
2410,54363,2024-03-23,33,M,102561.0,employed,13.5,Ural,branch,consumer,280000,6,19.3,49329.0,630.0,4,52.2,0,0
2411,98543,2023-09-05,20,M,49943.0,self_employed,0.3,South,online,car,490000,24,16.2,24039.0,568.0,1,80.7,205,1
2412,1661,2023-09-21,42,M,65065.0,employed,22.6,Ural,branch,renovation,430000,60,18.6,11060.0,577.0,2,64.6,22,0
2413,45843,2023-02-27,33,F,139052.0,employed,10.6,Siberia,partner,car,890000,48,15.4,24950.0,585.0,1,79.9,15,0
2414,96673,2023-10-29,35,M,70568.0,employed,11.5,SPb,branch,renovation,480000,24,17.6,23871.0,677.0,0,32.4,1,0
2415,61963,2023-01-31,21,F,50147.0,freelance,2.5,South,online,car,480000,12,16.0,43551.0,610.0,1,68.6,13,0
2416,43828,2024-05-12,31,F,48658.0,employed,12.4,Ural,partner,education,180000,36,15.5,6284.0,648.0,0,40.4,0,0
2417,49604,2023-09-06,40,M,72358.0,employed,20.4,Siberia,branch,car,700000,12,15.8,63445.0,594.0,3,79.9,199,1
2418,11526,2024-08-27,57,F,168620.0,employed,37.8,Moscow,partner,consumer,540000,36,18.6,19685.0,672.0,0,53.3,11,0
2419,69910,2023-09-28,34,F,45937.0,unemployed,0.1,SPb,branch,consumer,210000,12,22.3,19685.0,548.0,2,74.3,156,1
2420,26592,2024-08-28,49,M,109714.0,self_employed,13.8,Moscow,online,education,280000,24,16.4,13763.0,568.0,5,60.5,151,1
2421,29982,2024-10-27,26,M,58003.0,self_employed,7.4,Moscow,branch,car,380000,12,14.2,34155.0,593.0,3,56.2,153,1
2422,1207,2024-01-29,56,M,124550.0,self_employed,33.7,Ural,branch,consumer,490000,24,19.8,24891.0,625.0,3,60.2,138,1
2423,89733,2024-05-16,21,M,49496.0,employed,0.2,SPb,online,consumer,220000,24,17.7,10951.0,698.0,1,34.5,0,0
2424,99936,2024-08-14,29,M,68810.0,self_employed,7.9,SPb,online,consumer,240000,36,18.5,8737.0,617.0,1,43.0,0,0
2425,69619,2023-03-25,32,M,91933.0,employed,13.1,SPb,online,consumer,290000,24,19.1,14633.0,602.0,0,44.3,6,0
2426,30328,2023-12-31,31,F,82031.0,employed,12.7,Moscow,branch,education,270000,36,16.3,9532.0,635.0,2,71.3,169,1
2427,47479,2024-07-02,49,F,101114.0,self_employed,28.6,SPb,online,consumer,340000,48,17.5,9899.0,726.0,2,42.6,33,0
2428,21103,2023-12-08,25,F,48021.0,self_employed,4.1,South,branch,consumer,140000,24,19.5,7091.0,641.0,1,29.7,0,0
2429,40891,2024-02-11,39,M,97321.0,employed,11.1,South,online,car,1240000,48,15.1,34573.0,679.0,1,83.0,7,0
2430,11754,2024-02-29,29,M,82027.0,employed,7.6,SPb,online,car,440000,48,15.2,12290.0,623.0,1,52.0,37,0
2431,82437,2023-04-03,20,M,51143.0,freelance,0.2,Siberia,partner,education,170000,36,17.9,6137.0,553.0,2,58.6,0,0
2432,99540,2024-09-05,26,M,48372.0,self_employed,0.0,Siberia,online,renovation,310000,36,17.8,11176.0,591.0,0,59.7,148,1
2433,73982,2024-02-16,43,F,142640.0,employed,23.6,Moscow,branch,consumer,550000,6,18.3,96621.0,735.0,4,58.8,3,0
2434,56922,2024-03-07,37,M,76112.0,employed,18.5,Ural,partner,education,230000,24,15.5,11207.0,684.0,0,37.6,13,0
2435,49231,2024-11-08,33,M,44483.0,freelance,12.1,Siberia,branch,renovation,200000,60,17.3,5003.0,625.0,1,54.2,134,1
2436,30301,2023-06-08,49,M,66688.0,freelance,30.1,Ural,online,consumer,190000,24,19.8,9652.0,672.0,0,45.7,26,0
2437,92652,2023-01-14,30,F,19384.0,unemployed,0.3,Ural,branch,consumer,80000,36,22.5,3076.0,460.0,1,64.0,169,1
2438,63711,2024-01-08,35,F,63110.0,employed,15.3,Ural,partner,education,100000,12,14.4,8998.0,728.0,2,18.9,25,0
2439,42323,2023-08-13,47,M,80315.0,employed,28.5,Ural,branch,consumer,340000,36,19.0,12463.0,667.0,2,46.2,0,0
2440,19752,2024-05-19,30,M,130882.0,employed,11.5,Siberia,online,consumer,410000,60,18.1,10434.0,706.0,1,43.5,0,0
2441,98912,2023-03-14,54,M,70891.0,self_employed,32.9,Ural,partner,consumer,180000,60,17.6,4532.0,742.0,1,32.1,31,0
2442,83205,2023-09-06,35,F,86169.0,employed,15.6,Moscow,partner,car,660000,60,15.3,15805.0,644.0,1,61.6,15,0
2443,99452,2024-05-25,29,F,111969.0,employed,9.6,SPb,branch,consumer,400000,36,17.5,14361.0,739.0,0,44.6,15,0
2444,14395,2024-08-25,28,F,72553.0,employed,7.2,Ural,branch,consumer,300000,48,16.7,8610.0,772.0,2,31.2,0,0
2445,86957,2023-08-04,32,F,82219.0,self_employed,13.2,SPb,branch,consumer,340000,36,19.6,12566.0,641.0,3,56.2,0,0
2446,57273,2024-08-24,27,M,126477.0,employed,8.5,Moscow,partner,consumer,370000,24,19.3,18705.0,607.0,1,46.6,5,0
2447,92878,2024-06-24,32,M,68846.0,self_employed,10.8,Moscow,partner,car,430000,48,14.5,11859.0,647.0,2,53.3,18,0
2448,5895,2023-08-08,23,F,73057.0,freelance,5.0,Moscow,branch,consumer,290000,24,19.0,14618.0,686.0,1,41.8,14,0
2449,77559,2024-12-27,37,M,101177.0,self_employed,11.9,Moscow,online,consumer,380000,36,17.4,13624.0,716.0,0,35.5,27,0
2450,11699,2023-08-09,40,F,53878.0,employed,21.4,SPb,online,consumer,210000,24,19.3,10616.0,641.0,1,45.3,8,0
2451,66061,2024-01-24,38,M,25697.0,unemployed,1.1,Ural,online,car,350000,24,17.8,17440.0,522.0,1,71.1,0,0
2452,10715,2024-07-07,34,M,57887.0,employed,15.3,South,online,car,540000,36,13.6,18351.0,651.0,2,60.0,151,1
2453,20169,2024-10-08,53,F,102088.0,employed,34.3,South,online,education,220000,24,13.3,10490.0,731.0,1,33.0,0,0
2454,17163,2023-02-11,56,M,36512.0,unemployed,1.0,Siberia,branch,consumer,150000,12,21.2,13981.0,557.0,2,51.0,7,0
2455,6782,2024-11-06,49,M,97152.0,employed,28.4,Siberia,branch,education,240000,12,14.2,21571.0,668.0,1,41.1,17,0
2456,89177,2023-10-10,30,M,106921.0,employed,10.9,Ural,online,consumer,370000,6,20.0,65313.0,592.0,2,44.4,1,0
2457,85328,2023-02-27,37,F,117430.0,employed,13.0,Moscow,partner,renovation,440000,36,16.7,15622.0,777.0,5,60.9,0,0
2458,36585,2024-06-20,42,M,88579.0,employed,23.3,SPb,partner,education,280000,60,14.7,6617.0,708.0,3,39.7,0,0
2459,31682,2023-03-14,47,M,60549.0,self_employed,26.6,Moscow,online,education,160000,60,15.5,3849.0,671.0,2,43.0,45,0
2460,48864,2023-05-09,50,F,91492.0,employed,28.1,Ural,partner,consumer,280000,24,18.6,14060.0,630.0,0,39.7,10,0
2461,85416,2024-08-21,59,M,114132.0,self_employed,40.1,Moscow,branch,consumer,380000,6,18.2,66737.0,677.0,2,61.3,26,0
2462,56114,2024-03-01,21,F,38876.0,freelance,1.8,Moscow,branch,consumer,160000,24,20.8,8206.0,560.0,2,55.8,0,0
2463,39067,2024-10-26,27,M,54068.0,employed,5.2,Siberia,branch,car,530000,60,15.1,12637.0,592.0,2,64.0,10,0
2464,43685,2024-11-24,51,F,99502.0,employed,29.0,Moscow,branch,car,1090000,36,13.5,36989.0,702.0,0,74.9,119,1
2465,19073,2023-05-05,38,M,90401.0,employed,19.3,SPb,partner,car,780000,36,15.6,27269.0,692.0,1,67.5,15,0
2466,37035,2023-03-08,37,F,49636.0,freelance,17.6,Siberia,online,consumer,210000,36,19.7,7772.0,685.0,1,62.9,24,0
2467,65977,2023-01-06,42,F,66657.0,self_employed,17.9,Moscow,online,car,610000,60,16.4,14964.0,534.0,1,71.3,0,0
2468,91373,2024-09-28,35,F,90691.0,freelance,13.0,Moscow,online,consumer,240000,24,19.7,12180.0,612.0,1,44.8,1,0
2469,84362,2023-11-10,38,M,133787.0,employed,19.5,Moscow,partner,renovation,730000,60,18.8,18856.0,627.0,3,75.8,185,1
2470,91517,2023-11-22,28,M,106653.0,employed,8.5,Ural,online,education,270000,36,14.9,9346.0,685.0,2,37.5,14,0
2471,66450,2024-07-18,29,F,91570.0,employed,0.1,Moscow,online,renovation,670000,24,17.9,33417.0,585.0,2,82.7,99,1
2472,11382,2024-07-31,32,M,73050.0,employed,11.8,South,online,car,530000,36,15.1,18399.0,580.0,2,67.9,155,1
2473,5437,2024-05-20,24,M,71099.0,employed,2.2,SPb,online,consumer,200000,24,18.8,10062.0,624.0,2,42.2,0,0
2474,71971,2023-03-23,35,F,47279.0,unemployed,0.5,Moscow,online,consumer,160000,24,23.0,8380.0,476.0,2,68.7,140,1
2475,65612,2024-08-21,48,M,106104.0,employed,24.6,Moscow,branch,consumer,310000,6,17.8,54382.0,663.0,3,41.2,10,0
2476,91355,2023-01-02,41,F,39765.0,unemployed,0.6,Ural,branch,education,130000,36,18.2,4713.0,523.0,2,56.5,2,0
2477,62929,2023-07-23,27,M,55551.0,employed,8.4,South,online,consumer,220000,12,20.2,20401.0,562.0,3,55.2,25,0
2478,98518,2024-10-23,31,F,29350.0,unemployed,0.5,SPb,branch,renovation,200000,60,19.1,5199.0,544.0,1,55.6,8,0
2479,99864,2024-02-08,30,F,82490.0,employed,13.0,Moscow,branch,consumer,260000,24,19.4,13157.0,609.0,1,43.8,3,0
2480,13329,2023-04-13,21,M,22043.0,unemployed,0.1,SPb,branch,car,350000,48,19.2,10502.0,407.0,1,72.0,203,1
2481,26169,2024-06-19,63,F,82433.0,employed,40.9,South,partner,renovation,660000,36,16.6,23400.0,718.0,1,50.5,33,0
2482,88468,2024-01-03,67,M,43557.0,unemployed,0.3,SPb,branch,car,630000,48,18.3,18605.0,512.0,2,79.4,119,1
2483,35594,2023-07-31,34,F,80107.0,employed,13.0,Ural,online,renovation,400000,36,16.6,14182.0,688.0,1,45.2,16,0
2484,77957,2024-07-30,32,F,82099.0,employed,12.1,SPb,online,renovation,500000,48,18.3,14766.0,593.0,0,64.4,17,0
2485,61631,2023-07-28,26,M,61515.0,employed,7.9,Ural,online,car,520000,48,15.7,14657.0,644.0,3,68.2,15,0
2486,46033,2023-04-27,25,F,77627.0,employed,5.6,South,branch,renovation,400000,36,17.1,14281.0,615.0,0,42.1,3,0
2487,64133,2024-09-19,33,M,66180.0,self_employed,14.6,Ural,partner,consumer,240000,60,19.4,6279.0,638.0,4,59.7,0,0
2488,74165,2024-04-22,29,F,18000.0,unemployed,0.0,South,online,consumer,70000,60,22.6,1957.0,450.0,3,57.8,117,1
2489,74861,2023-04-15,37,M,57084.0,self_employed,9.2,Ural,partner,car,580000,48,17.1,16766.0,569.0,2,84.8,141,1
2490,53290,2024-05-09,30,F,39762.0,self_employed,11.1,South,branch,consumer,140000,36,19.7,5182.0,580.0,2,46.8,21,0
2491,95031,2023-02-15,23,F,69267.0,employed,3.0,Siberia,online,car,620000,48,15.6,17444.0,598.0,2,67.3,20,0
2492,32750,2023-11-27,32,M,52185.0,self_employed,7.4,Ural,partner,consumer,230000,24,19.5,11650.0,662.0,2,51.2,22,0
2493,96155,2023-08-04,42,F,84500.0,employed,22.4,Siberia,branch,consumer,350000,48,18.7,10410.0,705.0,2,39.4,12,0
2494,41461,2024-05-06,29,M,62422.0,freelance,8.7,Moscow,partner,car,530000,48,16.8,15238.0,538.0,0,65.8,35,0
2495,74800,2024-03-24,26,M,68277.0,employed,7.4,Moscow,branch,consumer,170000,48,18.5,5038.0,671.0,3,32.7,4,0
2496,79222,2024-06-19,26,M,119287.0,self_employed,7.0,Moscow,branch,renovation,730000,24,18.5,36621.0,598.0,3,81.2,115,1
2497,25226,2024-05-25,30,M,87835.0,employed,9.9,Moscow,partner,consumer,230000,24,16.8,11350.0,762.0,1,29.7,1,0
2498,7721,2024-04-02,62,M,98137.0,employed,42.6,South,branch,consumer,340000,24,18.3,17024.0,661.0,0,38.1,17,0
2499,57154,2024-06-30,28,M,142282.0,employed,9.9,Moscow,online,education,360000,60,15.5,8659.0,636.0,1,55.6,1,0
2500,21609,2024-06-19,22,M,69113.0,employed,2.5,Moscow,online,consumer,280000,6,18.9,49273.0,622.0,1,49.6,18,0
2501,53130,2024-06-23,44,M,86090.0,employed,20.9,SPb,branch,consumer,260000,24,18.9,13094.0,582.0,0,43.0,18,0
2502,73909,2024-04-28,24,M,81100.0,employed,5.6,Ural,partner,renovation,360000,48,18.0,10575.0,603.0,2,49.2,13,0
2503,56249,2023-01-16,47,F,77684.0,freelance,28.9,Siberia,branch,education,310000,48,16.9,8929.0,547.0,0,53.2,24,0
2504,49895,2024-07-24,19,F,61665.0,employed,0.6,Ural,branch,consumer,270000,12,19.1,24895.0,568.0,2,66.4,42,0
2505,95473,2023-08-31,28,M,47673.0,freelance,6.5,Siberia,online,education,240000,36,19.0,8797.0,470.0,2,66.2,5,0
2506,6656,2023-07-26,26,F,127083.0,employed,3.3,SPb,online,car,1080000,48,16.0,30608.0,611.0,3,83.7,8,0
2507,75520,2023-09-28,49,F,131305.0,employed,30.9,South,branch,consumer,470000,48,17.3,13635.0,792.0,1,45.7,10,0
2508,64740,2024-12-05,58,F,162314.0,self_employed,33.4,Moscow,online,car,1170000,36,14.9,40501.0,662.0,3,83.4,0,0
2509,65309,2024-12-30,43,M,147484.0,employed,22.0,SPb,online,renovation,950000,48,18.3,28055.0,590.0,2,84.1,119,1
2510,30984,2023-04-25,44,M,101010.0,employed,23.8,Siberia,branch,consumer,290000,36,18.5,10557.0,658.0,0,35.5,0,0
2511,74822,2024-08-02,35,F,97473.0,self_employed,16.1,Moscow,online,car,820000,48,14.9,22780.0,625.0,1,78.3,1,0
2512,6901,2023-10-26,44,F,112940.0,employed,24.6,Siberia,online,consumer,280000,12,18.1,25684.0,715.0,4,45.2,16,0
2513,32552,2024-04-27,35,M,59170.0,self_employed,8.2,SPb,partner,renovation,340000,36,18.5,12377.0,624.0,4,65.0,17,0
2514,92245,2024-02-01,42,M,101632.0,employed,16.7,Moscow,partner,consumer,260000,60,19.3,6788.0,651.0,2,42.8,15,0
2515,32055,2024-01-29,29,F,65718.0,employed,8.1,SPb,partner,consumer,190000,12,20.1,17610.0,584.0,2,50.1,26,0
2516,38685,2023-03-16,28,F,34402.0,freelance,7.4,Siberia,branch,education,80000,60,18.4,2049.0,493.0,0,69.0,163,1
2517,74965,2024-04-26,32,F,81119.0,self_employed,13.3,Moscow,online,renovation,560000,36,18.9,20499.0,587.0,1,80.6,11,0
2518,15716,2023-04-13,36,M,103722.0,employed,8.8,Ural,online,car,850000,60,14.9,20177.0,754.0,1,83.6,47,0
2519,12138,2023-10-24,37,M,67999.0,freelance,14.8,Siberia,branch,consumer,260000,36,21.8,9903.0,553.0,1,54.8,25,0
2520,36298,2023-06-27,43,M,28523.0,unemployed,0.8,Siberia,partner,car,350000,24,18.4,17541.0,504.0,2,65.3,182,1
2521,52112,2023-08-03,21,M,86106.0,employed,0.0,SPb,branch,education,250000,36,16.4,8839.0,604.0,0,58.0,23,0
2522,24429,2023-11-11,47,M,121913.0,employed,28.3,SPb,online,car,760000,48,14.8,21074.0,699.0,0,70.5,8,0
2523,51200,2023-02-08,36,F,24497.0,unemployed,0.4,South,branch,consumer,90000,48,21.4,2806.0,533.0,1,54.7,8,0
2524,72308,2023-09-16,35,M,68064.0,employed,12.3,Moscow,online,education,230000,12,14.8,20738.0,745.0,2,53.3,36,0
2525,49244,2024-12-16,35,F,101065.0,employed,14.5,South,online,renovation,890000,60,17.0,22119.0,638.0,1,82.1,219,1
2526,18347,2023-01-07,31,M,87905.0,employed,10.6,SPb,partner,car,710000,24,14.7,34324.0,641.0,2,65.0,34,0
2527,17920,2023-02-18,42,M,113267.0,self_employed,21.4,Moscow,online,renovation,950000,36,18.6,34631.0,590.0,0,80.6,154,1
2528,32822,2024-06-21,43,M,26757.0,unemployed,0.4,Moscow,partner,consumer,110000,24,22.1,5712.0,534.0,5,82.9,199,1
2529,47659,2023-06-10,52,M,159078.0,self_employed,32.7,Moscow,online,car,1500000,48,15.0,41746.0,687.0,1,84.8,2,0
2530,41108,2023-06-25,36,F,18000.0,unemployed,0.7,Siberia,partner,consumer,90000,6,23.5,16045.0,428.0,1,62.9,211,1
2531,90099,2024-08-13,35,M,79203.0,employed,16.1,Ural,branch,renovation,330000,36,15.2,11472.0,718.0,1,40.3,20,0
2532,8967,2023-01-02,26,M,89851.0,employed,5.9,Moscow,online,education,230000,24,15.3,11185.0,635.0,3,49.6,200,1
2533,12871,2024-03-30,33,M,146305.0,self_employed,12.6,South,branch,education,370000,36,16.5,13100.0,590.0,0,52.6,4,0
2534,95299,2024-10-05,48,M,33105.0,unemployed,0.7,Siberia,partner,car,350000,48,16.2,9955.0,563.0,1,62.8,21,0
2535,78452,2023-10-03,39,F,69771.0,employed,20.2,Moscow,branch,car,590000,60,15.8,14285.0,599.0,1,55.4,9,0
2536,75270,2024-05-12,46,M,82048.0,employed,26.3,SPb,branch,education,200000,48,13.9,5455.0,701.0,0,33.0,2,0
2537,34613,2024-09-20,61,F,133240.0,employed,31.0,Moscow,partner,renovation,860000,12,15.3,77744.0,762.0,1,60.7,8,0
2538,29179,2024-11-06,48,F,71729.0,employed,29.4,Ural,online,consumer,210000,24,19.3,10616.0,554.0,0,41.8,24,0
2539,53188,2023-01-28,43,M,60789.0,employed,20.5,Siberia,partner,consumer,270000,24,19.6,13689.0,633.0,5,47.1,25,0
2540,56099,2023-11-29,21,M,95602.0,employed,2.4,SPb,online,education,220000,60,15.6,5303.0,641.0,0,25.3,31,0
2541,36262,2023-01-01,43,F,37732.0,unemployed,0.9,Siberia,online,consumer,110000,24,22.2,5717.0,513.0,5,67.8,155,1
2542,79213,2023-07-07,39,F,103093.0,employed,19.0,South,online,consumer,450000,24,19.0,22684.0,657.0,1,56.3,10,0
2543,19268,2023-02-25,37,M,78840.0,self_employed,8.3,Ural,branch,renovation,430000,36,18.6,15675.0,598.0,0,56.4,168,1
2544,78866,2024-06-30,39,M,67592.0,employed,20.4,Ural,branch,renovation,390000,48,15.2,10894.0,758.0,1,45.6,0,0
2545,87269,2023-04-22,47,M,115327.0,employed,25.5,SPb,online,consumer,330000,12,17.2,30129.0,740.0,1,48.0,30,0
2546,61545,2023-11-06,19,M,68902.0,self_employed,0.0,Moscow,online,consumer,210000,48,19.1,6290.0,665.0,2,41.9,25,0
2547,93822,2023-02-05,37,M,68414.0,freelance,15.2,South,partner,education,200000,36,16.1,7041.0,652.0,2,44.8,16,0
2548,73146,2024-03-14,66,M,77241.0,employed,45.0,Siberia,branch,consumer,240000,12,17.0,21889.0,738.0,0,24.0,25,0
2549,72966,2024-12-29,38,M,74984.0,freelance,19.0,Ural,online,education,270000,36,16.9,9613.0,531.0,0,61.9,0,0
2550,40922,2024-08-14,22,M,67028.0,freelance,2.8,Moscow,branch,consumer,360000,36,21.6,13674.0,508.0,3,77.1,162,1
2551,80364,2024-08-17,23,M,80752.0,employed,3.8,Siberia,online,consumer,280000,24,21.1,14402.0,520.0,1,81.5,0,0
2552,43913,2024-07-30,24,F,76130.0,employed,2.6,Ural,partner,renovation,380000,24,17.2,18825.0,609.0,1,59.3,10,0
2553,98033,2023-11-21,20,F,40580.0,self_employed,1.8,Ural,branch,consumer,160000,12,20.6,14868.0,555.0,2,63.6,156,1
2554,56677,2024-10-01,45,F,93201.0,employed,23.1,Ural,online,consumer,230000,6,17.7,40336.0,694.0,1,44.6,0,0
2555,50841,2023-11-03,41,M,130804.0,employed,20.8,South,online,renovation,940000,36,18.7,34314.0,621.0,3,82.8,4,0
2556,47332,2024-06-17,24,F,98270.0,employed,5.4,Moscow,partner,car,650000,60,15.8,15738.0,563.0,0,68.2,188,1
2557,93062,2024-12-28,35,M,153196.0,employed,16.2,Moscow,online,consumer,550000,60,18.7,14177.0,674.0,1,60.6,0,0
2558,96694,2024-09-10,34,F,18000.0,unemployed,0.1,South,branch,renovation,180000,36,18.5,6553.0,581.0,0,56.5,2,0
2559,26032,2023-04-19,33,M,94646.0,employed,13.2,Moscow,partner,renovation,500000,48,16.8,14376.0,635.0,0,48.4,20,0
2560,38846,2024-01-07,41,M,67500.0,employed,20.3,South,partner,renovation,330000,24,18.0,16475.0,633.0,1,57.6,7,0
2561,60474,2023-12-23,45,F,157103.0,employed,24.4,Moscow,online,consumer,430000,36,19.6,15893.0,655.0,0,60.5,0,0
2562,45936,2023-06-30,42,F,92963.0,self_employed,14.2,Siberia,partner,car,800000,48,16.4,22836.0,601.0,2,78.5,51,0
2563,30794,2023-12-22,60,F,54783.0,self_employed,40.9,South,branch,car,510000,36,14.4,17530.0,737.0,3,53.1,0,0
2564,62588,2024-11-06,35,M,24883.0,unemployed,0.4,Ural,branch,consumer,100000,6,21.8,17742.0,468.0,1,55.0,164,1
2565,71984,2023-03-09,37,M,37528.0,freelance,15.1,Ural,partner,car,350000,60,16.9,8680.0,549.0,2,67.5,9,0
2566,51331,2023-10-19,44,M,151231.0,self_employed,25.8,Moscow,branch,consumer,550000,12,19.4,50791.0,667.0,0,50.0,0,0
2567,95397,2024-11-22,37,F,122238.0,employed,11.0,Moscow,branch,consumer,350000,12,18.1,32105.0,659.0,0,51.4,19,0
2568,29141,2023-06-30,44,F,53152.0,employed,18.0,South,online,consumer,120000,12,19.2,11070.0,637.0,2,38.4,0,0
2569,10074,2024-04-10,22,F,80853.0,self_employed,2.5,Siberia,branch,car,530000,36,15.4,18477.0,595.0,3,63.6,24,0
2570,7406,2024-03-09,48,M,99157.0,freelance,28.4,Moscow,branch,consumer,430000,12,20.9,40018.0,621.0,0,71.1,40,0
2571,98359,2024-04-08,28,F,24465.0,unemployed,0.1,Siberia,branch,renovation,220000,12,22.2,20612.0,373.0,2,79.3,191,1
2572,24291,2024-11-11,61,M,90091.0,self_employed,41.0,SPb,online,consumer,260000,12,18.2,23862.0,714.0,2,53.1,0,0
2573,42568,2024-06-17,22,M,57908.0,employed,0.0,Ural,online,renovation,270000,48,17.0,7791.0,622.0,2,41.3,26,0
2574,98539,2023-03-07,44,M,116318.0,employed,25.9,Moscow,branch,consumer,360000,24,18.2,18007.0,713.0,1,38.6,4,0
2575,47851,2023-01-21,29,M,60425.0,employed,13.0,SPb,online,consumer,230000,48,18.5,6816.0,701.0,5,47.2,31,0
2576,55823,2024-09-03,38,M,86870.0,employed,19.7,SPb,branch,car,530000,60,13.4,12168.0,699.0,1,54.8,11,0
2577,24312,2024-01-19,31,M,59790.0,employed,11.2,Ural,branch,consumer,190000,12,19.7,17573.0,606.0,1,37.1,238,1
2578,44108,2024-09-06,41,M,72785.0,employed,17.2,Ural,branch,renovation,330000,24,17.9,16459.0,607.0,2,52.2,118,1
2579,67918,2024-07-12,28,M,74045.0,employed,7.5,Ural,branch,education,170000,24,14.1,8170.0,688.0,0,28.6,18,0
2580,35171,2023-02-08,26,M,54565.0,self_employed,5.8,Moscow,branch,consumer,130000,36,18.9,4759.0,650.0,1,40.6,15,0
2581,42779,2023-10-12,22,M,91409.0,employed,2.6,Moscow,partner,consumer,350000,36,21.2,13222.0,511.0,1,65.2,162,1
2582,69828,2024-08-24,46,M,106064.0,self_employed,27.8,Moscow,partner,car,1150000,60,14.9,27298.0,686.0,0,83.6,105,1
2583,99723,2024-08-19,55,F,113083.0,employed,32.6,South,online,education,290000,48,15.1,8086.0,656.0,0,44.8,17,0
2584,13411,2023-12-02,20,F,77729.0,employed,0.0,South,branch,car,630000,60,15.6,15187.0,592.0,5,76.8,21,0
2585,58009,2023-07-07,26,M,21050.0,unemployed,0.5,Siberia,online,renovation,180000,24,22.6,9391.0,411.0,0,60.3,223,1
2586,16422,2024-11-01,32,F,88118.0,employed,12.3,Moscow,online,renovation,430000,24,15.2,20890.0,753.0,0,44.2,13,0
2587,43468,2023-08-31,32,F,30668.0,unemployed,0.7,Siberia,branch,education,120000,48,17.9,3519.0,513.0,0,54.2,23,0
2588,33371,2023-03-14,36,M,89423.0,employed,7.0,Moscow,branch,consumer,350000,60,19.3,9137.0,653.0,1,43.7,3,0
2589,58022,2024-04-23,23,M,106674.0,employed,4.5,Ural,online,car,1270000,60,14.8,30080.0,712.0,2,83.4,205,1
2590,72229,2024-07-14,40,F,68401.0,employed,21.1,Siberia,branch,education,240000,36,14.7,8284.0,650.0,0,38.3,37,0
2591,52196,2023-04-11,32,F,99494.0,employed,12.0,Moscow,online,renovation,700000,24,18.4,35082.0,631.0,2,81.6,9,0
2592,81354,2024-05-28,36,F,49314.0,employed,15.8,Ural,branch,consumer,180000,12,19.2,16605.0,605.0,1,40.7,0,0
2593,97774,2023-06-25,45,F,102244.0,self_employed,24.6,Moscow,online,renovation,540000,36,16.9,19226.0,713.0,1,66.1,12,0
2594,97410,2023-08-26,31,M,88991.0,employed,12.3,SPb,online,consumer,300000,36,18.5,10921.0,702.0,1,36.7,16,0
2595,27715,2023-02-28,39,M,76186.0,self_employed,13.2,SPb,online,consumer,260000,12,19.9,24073.0,597.0,3,52.5,117,1
2596,28605,2023-04-09,60,M,126210.0,employed,38.4,Ural,branch,consumer,370000,24,18.1,18490.0,725.0,1,42.0,29,0
2597,32174,2024-05-09,40,M,110566.0,employed,21.1,SPb,partner,education,280000,48,16.0,7935.0,620.0,0,43.0,1,0
2598,10956,2024-05-28,40,M,26970.0,unemployed,0.4,SPb,online,consumer,90000,36,22.1,3442.0,490.0,2,76.4,167,1
2599,77373,2023-10-24,19,M,50973.0,freelance,0.0,South,online,education,160000,48,18.8,4767.0,491.0,2,59.5,189,1
2600,70252,2023-07-30,21,M,48267.0,employed,1.6,South,online,consumer,170000,6,18.4,29873.0,670.0,1,36.3,40,0
2601,62949,2023-05-03,21,M,94066.0,employed,0.6,Siberia,branch,renovation,760000,36,19.7,28128.0,513.0,2,83.1,155,1
2602,63646,2023-08-17,46,M,92313.0,employed,27.6,Ural,online,consumer,360000,36,19.4,13269.0,689.0,2,61.5,7,0
2603,71017,2024-08-16,46,M,27330.0,unemployed,0.1,South,branch,car,350000,60,19.1,9098.0,384.0,0,84.4,191,1
2604,64037,2024-10-17,31,M,57488.0,employed,11.4,Ural,partner,consumer,150000,48,19.1,4493.0,610.0,5,47.3,19,0
2605,90818,2024-01-23,51,M,96028.0,freelance,29.8,Moscow,online,renovation,730000,48,19.1,21866.0,574.0,2,83.3,18,0
2606,7548,2023-05-20,33,F,118860.0,employed,14.0,Moscow,partner,consumer,420000,36,20.3,15673.0,578.0,2,58.8,29,0
2607,74294,2024-06-24,40,F,18166.0,unemployed,0.2,Siberia,partner,renovation,180000,48,20.3,5506.0,505.0,3,71.1,155,1
2608,24177,2024-01-26,37,M,105137.0,employed,18.3,Siberia,online,education,300000,12,17.4,27418.0,551.0,4,57.2,29,0
2609,25022,2023-09-27,66,M,143071.0,employed,43.5,South,branch,consumer,540000,36,18.2,19577.0,739.0,2,50.4,18,0
2610,6542,2023-01-12,30,F,44957.0,self_employed,10.6,Siberia,online,car,550000,24,16.0,26930.0,602.0,2,59.4,112,1
2611,92012,2024-01-24,21,M,18115.0,unemployed,0.1,Ural,branch,consumer,60000,12,21.9,5613.0,524.0,0,53.6,0,0
2612,97320,2023-12-03,64,F,27425.0,unemployed,0.1,Moscow,online,consumer,90000,6,23.2,16031.0,461.0,1,65.6,23,0
2613,61428,2024-05-20,40,M,89778.0,self_employed,21.4,Ural,online,car,510000,60,14.1,11893.0,709.0,1,58.8,4,0
2614,23740,2023-04-16,57,F,63760.0,freelance,37.0,SPb,online,consumer,180000,36,20.9,6772.0,552.0,0,49.8,12,0
2615,60353,2023-02-01,49,F,104305.0,self_employed,30.5,Moscow,online,car,910000,36,14.5,31323.0,731.0,1,81.2,2,0
2616,91353,2023-03-15,30,F,50538.0,freelance,8.3,Siberia,online,consumer,170000,12,20.1,15756.0,618.0,1,51.7,26,0
2617,57532,2023-06-20,39,M,89942.0,freelance,15.6,Moscow,branch,consumer,260000,36,20.6,9742.0,606.0,1,57.8,217,1
2618,17052,2023-03-10,29,F,72256.0,employed,9.5,Ural,branch,car,550000,60,15.5,13229.0,609.0,4,63.9,0,0
2619,48076,2023-12-28,48,F,97080.0,self_employed,28.5,Ural,branch,car,750000,48,15.9,21217.0,579.0,2,83.0,277,1
2620,54420,2024-10-10,44,F,96252.0,employed,25.3,SPb,online,consumer,210000,36,17.5,7539.0,701.0,1,32.3,0,0
2621,1671,2024-03-08,25,M,65911.0,self_employed,5.9,SPb,partner,car,860000,36,16.5,30448.0,599.0,1,84.1,125,1
2622,1163,2023-04-10,30,F,72750.0,freelance,13.9,Moscow,online,car,930000,36,17.0,33157.0,580.0,3,83.2,195,1
2623,42424,2024-10-19,53,M,97512.0,employed,34.5,Moscow,partner,car,690000,48,13.3,18614.0,725.0,2,65.6,5,0
2624,54744,2023-01-09,34,M,99555.0,employed,14.9,Moscow,branch,renovation,760000,12,18.7,69930.0,591.0,3,78.6,2,0
2625,71331,2024-07-27,44,F,85411.0,employed,18.9,Moscow,online,education,380000,36,16.1,13378.0,602.0,2,68.0,13,0
2626,11634,2024-11-27,21,M,67987.0,employed,1.8,South,partner,car,560000,36,15.1,19440.0,579.0,3,70.0,8,0
2627,5798,2023-01-29,63,F,76243.0,employed,44.0,Ural,branch,car,570000,48,13.0,15292.0,767.0,1,41.9,6,0
2628,23420,2023-04-24,25,F,24104.0,unemployed,0.5,Moscow,partner,consumer,100000,12,23.3,9422.0,491.0,3,72.1,141,1
2629,30300,2024-04-06,42,M,48369.0,self_employed,14.3,South,online,consumer,140000,36,18.9,5125.0,661.0,0,37.8,0,0
2630,90881,2023-05-23,21,F,54105.0,freelance,0.0,Ural,partner,car,590000,36,18.4,21448.0,504.0,2,72.6,41,0
2631,11749,2024-01-25,33,F,86158.0,employed,14.3,Moscow,online,education,190000,60,15.2,4540.0,666.0,1,39.3,0,0
2632,26121,2024-09-23,23,M,21800.0,unemployed,0.4,Siberia,online,consumer,70000,36,20.9,2634.0,550.0,1,46.4,177,1
2633,38487,2024-11-12,46,F,71094.0,self_employed,23.6,SPb,branch,consumer,280000,60,19.0,7263.0,583.0,2,47.2,8,0
2634,94947,2023-06-06,28,M,108060.0,employed,1.0,Ural,branch,consumer,430000,12,20.3,39895.0,538.0,2,72.5,10,0
2635,34361,2023-12-01,42,M,88040.0,self_employed,17.3,Ural,partner,consumer,350000,24,21.0,17985.0,553.0,2,61.6,13,0
2636,22223,2023-09-17,52,M,46762.0,unemployed,0.0,Moscow,online,car,350000,24,17.1,17322.0,582.0,0,64.6,0,0
2637,73930,2023-03-23,50,M,83664.0,employed,30.2,South,online,consumer,340000,60,19.3,8876.0,606.0,1,43.4,4,0
2638,15056,2024-03-16,30,M,60413.0,self_employed,8.4,Moscow,partner,education,130000,48,17.0,3751.0,558.0,4,62.1,19,0
2639,29380,2023-06-21,61,F,27332.0,unemployed,0.2,Ural,online,renovation,180000,24,19.8,9144.0,554.0,2,64.7,23,0
2640,27035,2023-08-19,41,F,71811.0,employed,13.0,South,partner,consumer,330000,24,19.0,16635.0,631.0,1,51.4,0,0
2641,31620,2024-12-20,20,M,66615.0,self_employed,0.6,SPb,partner,consumer,270000,12,20.5,25076.0,549.0,2,52.0,179,1
2642,20877,2023-03-16,33,M,108630.0,employed,13.0,Ural,online,education,340000,48,15.5,9549.0,650.0,0,30.2,0,0
2643,56316,2023-09-27,33,M,119325.0,employed,13.4,South,partner,renovation,580000,60,18.0,14728.0,627.0,1,51.6,17,0
2644,65041,2024-09-17,22,M,80271.0,self_employed,2.2,South,branch,education,240000,12,15.2,21685.0,636.0,3,52.2,33,0
2645,54352,2023-03-03,61,M,69234.0,employed,13.0,Siberia,branch,consumer,180000,12,19.7,16648.0,596.0,1,40.0,4,0
2646,31911,2023-11-16,27,M,54594.0,freelance,0.0,SPb,branch,consumer,190000,24,20.3,9698.0,571.0,4,54.0,152,1
2647,33784,2023-04-12,43,M,116867.0,employed,20.1,SPb,partner,car,710000,48,16.5,20304.0,602.0,1,84.1,0,0
2648,4191,2024-03-04,31,M,72243.0,employed,9.0,SPb,online,education,200000,12,15.0,18052.0,690.0,3,38.6,0,0
2649,34160,2024-12-22,46,F,67989.0,employed,26.4,Ural,partner,consumer,220000,36,18.7,8031.0,606.0,0,56.7,28,0
2650,91536,2023-09-12,32,F,98084.0,employed,7.6,Moscow,branch,renovation,620000,36,17.7,22321.0,675.0,0,70.6,8,0
2651,65641,2024-06-15,43,M,78312.0,employed,24.7,South,branch,consumer,290000,24,17.6,14422.0,688.0,0,40.6,0,0
2652,50723,2024-07-23,21,M,51413.0,freelance,2.5,Moscow,online,consumer,180000,36,20.5,6735.0,555.0,1,53.6,25,0
2653,4631,2023-04-22,33,M,26075.0,unemployed,1.0,Moscow,branch,car,350000,48,18.1,10300.0,460.0,0,67.0,155,1
2654,7172,2023-11-09,33,F,70746.0,freelance,12.5,SPb,partner,car,390000,48,15.4,10933.0,665.0,0,40.5,26,0
2655,43080,2024-04-05,46,F,125736.0,employed,27.5,Moscow,online,consumer,410000,24,18.8,20628.0,652.0,3,55.5,4,0
2656,90097,2024-12-08,41,F,61906.0,freelance,14.1,SPb,partner,car,420000,36,15.1,14580.0,652.0,3,56.8,15,0
2657,91353,2024-04-06,49,F,33556.0,unemployed,0.8,SPb,online,car,350000,24,17.2,17338.0,543.0,0,67.2,192,1
2658,21281,2023-04-02,26,M,69769.0,employed,1.6,Moscow,online,renovation,380000,36,16.9,13529.0,681.0,1,53.2,14,0
2659,29671,2023-02-21,49,F,93475.0,employed,30.2,SPb,online,consumer,310000,24,18.9,15612.0,679.0,2,60.6,0,0
2660,52431,2024-06-03,53,M,84079.0,employed,34.0,Ural,branch,renovation,630000,24,16.4,30967.0,704.0,2,54.4,25,0
2661,91900,2023-04-08,61,M,82999.0,employed,41.4,SPb,partner,consumer,290000,12,19.0,26725.0,680.0,0,44.7,154,1
2662,93961,2023-08-24,30,F,24871.0,unemployed,0.1,Siberia,online,car,350000,48,18.7,10410.0,451.0,3,82.9,161,1
2663,29602,2024-01-09,30,M,57417.0,self_employed,0.0,SPb,online,car,500000,60,14.3,11712.0,703.0,1,62.0,12,0
2664,89789,2024-08-03,39,F,99603.0,self_employed,11.6,Moscow,online,education,320000,12,16.0,29034.0,609.0,1,56.0,9,0
2665,52399,2024-07-10,23,M,86384.0,employed,0.0,Ural,online,consumer,370000,36,19.8,13713.0,529.0,0,47.1,0,0
2666,24472,2024-10-10,47,F,146836.0,employed,28.7,Moscow,partner,consumer,450000,24,18.3,22531.0,657.0,1,57.4,10,0
2667,50230,2023-08-22,34,M,116679.0,employed,11.8,Moscow,partner,consumer,320000,36,16.6,11345.0,831.0,2,33.5,29,0
2668,74616,2023-02-01,35,M,26922.0,unemployed,0.1,Siberia,branch,consumer,120000,36,21.8,4570.0,450.0,1,46.0,186,1
2669,8099,2023-10-16,28,F,88666.0,employed,8.8,SPb,branch,consumer,380000,24,19.8,19303.0,608.0,3,60.0,12,0
2670,26431,2024-09-29,21,F,67495.0,freelance,2.3,Moscow,branch,consumer,220000,24,20.6,11262.0,533.0,0,50.3,148,1
2671,57492,2024-08-01,62,F,99901.0,employed,39.9,SPb,online,car,1040000,36,13.6,35343.0,703.0,0,83.0,0,0
2672,97722,2024-06-25,20,F,75093.0,self_employed,1.7,SPb,online,consumer,260000,12,19.4,24010.0,649.0,1,52.7,16,0
2673,48684,2023-04-24,38,F,99640.0,self_employed,11.5,Moscow,online,consumer,400000,12,20.1,37073.0,631.0,2,64.3,17,0
2674,31111,2023-07-23,43,F,87832.0,freelance,24.5,SPb,partner,consumer,330000,12,19.5,30490.0,667.0,1,46.5,0,0
2675,64936,2023-01-29,43,M,119409.0,employed,23.2,Moscow,partner,education,320000,12,15.2,28913.0,682.0,3,47.4,0,0
2676,23614,2024-10-04,48,M,109109.0,employed,17.8,SPb,online,consumer,250000,12,18.1,22932.0,681.0,0,37.0,30,0
2677,93260,2024-04-18,25,M,64730.0,employed,0.0,SPb,online,consumer,210000,24,17.9,10474.0,688.0,0,36.3,44,0
2678,42991,2024-11-27,38,F,30578.0,unemployed,0.2,Ural,online,car,350000,36,16.8,12444.0,558.0,3,76.3,9,0
2679,71476,2023-09-10,32,M,68469.0,employed,8.5,South,online,consumer,180000,48,18.5,5335.0,693.0,1,44.1,0,0
2680,61920,2024-01-21,65,F,111496.0,employed,36.8,Moscow,branch,consumer,330000,12,18.5,30333.0,694.0,2,42.6,40,0
2681,95294,2023-03-03,36,M,79336.0,employed,10.1,SPb,branch,consumer,370000,48,18.5,10966.0,668.0,1,46.2,8,0
2682,64530,2024-05-29,27,F,96817.0,employed,6.1,Ural,partner,consumer,350000,6,18.5,61521.0,685.0,1,39.7,31,0
2683,37224,2024-03-05,47,M,92460.0,freelance,25.0,Ural,online,education,230000,48,16.7,6601.0,590.0,0,43.9,0,0
2684,8788,2024-08-02,58,M,46950.0,unemployed,0.0,Ural,online,consumer,130000,60,21.0,3517.0,532.0,3,68.7,147,1
2685,29082,2024-06-20,28,F,83792.0,employed,7.9,Moscow,partner,car,1000000,48,16.2,28443.0,586.0,3,83.9,6,0
2686,90570,2024-11-21,19,M,21195.0,unemployed,0.8,Ural,branch,car,350000,48,17.8,10245.0,451.0,1,71.7,194,1
2687,77816,2023-05-21,49,M,60255.0,self_employed,27.0,Moscow,online,education,120000,48,14.4,3303.0,737.0,0,32.9,0,0
2688,84588,2023-10-27,46,M,125034.0,employed,13.0,Moscow,branch,education,370000,60,14.4,8686.0,761.0,0,37.2,14,0
2689,17531,2024-11-05,31,M,19071.0,unemployed,1.4,Siberia,online,consumer,60000,12,21.3,5595.0,495.0,0,54.0,129,1
2690,89340,2023-11-07,36,M,114827.0,self_employed,15.4,SPb,branch,education,360000,36,16.6,12763.0,630.0,1,42.0,2,0
2691,95439,2024-04-15,58,F,146563.0,employed,38.8,SPb,online,consumer,400000,12,18.4,36748.0,666.0,0,38.2,0,0
2692,45857,2024-01-28,42,M,108757.0,self_employed,21.8,South,online,education,280000,60,15.6,6750.0,688.0,1,42.3,34,0
2693,11142,2024-10-03,41,F,118247.0,employed,20.2,Siberia,online,consumer,390000,36,17.4,13982.0,678.0,0,59.3,0,0
2694,49355,2024-03-20,22,M,71778.0,employed,0.0,Ural,partner,consumer,270000,36,19.3,9938.0,630.0,1,43.5,0,0
2695,10866,2023-06-21,54,F,105082.0,self_employed,35.9,Moscow,branch,consumer,400000,36,17.5,14361.0,778.0,1,35.9,15,0
2696,71067,2024-07-29,38,F,74681.0,freelance,19.5,Moscow,branch,consumer,250000,36,21.2,9444.0,561.0,0,59.4,19,0
2697,65027,2023-01-31,33,M,65066.0,self_employed,7.4,SPb,partner,renovation,350000,24,17.7,17423.0,676.0,1,48.5,20,0
2698,58906,2023-02-16,51,M,102346.0,employed,22.7,Ural,online,consumer,320000,48,17.8,9367.0,749.0,0,35.0,17,0
2699,29138,2023-05-10,46,M,30649.0,unemployed,0.5,SPb,online,consumer,130000,24,22.6,6783.0,465.0,2,57.0,21,0
2700,93601,2023-12-18,29,F,115729.0,employed,9.8,Moscow,online,consumer,450000,12,19.5,41578.0,630.0,5,61.3,32,0
2701,30956,2024-09-13,31,F,69644.0,employed,13.0,Ural,branch,consumer,220000,48,16.7,6314.0,707.0,2,34.5,22,0
2702,77295,2024-08-03,34,F,45499.0,employed,11.8,Siberia,online,consumer,150000,24,18.5,7525.0,636.0,1,42.3,6,0
2703,6439,2023-02-27,25,M,53694.0,employed,3.6,South,branch,consumer,220000,36,18.6,8020.0,616.0,2,36.6,0,0
2704,48241,2023-04-16,51,M,89916.0,employed,30.5,SPb,partner,education,240000,24,14.5,11580.0,731.0,0,35.8,0,0
2705,43533,2023-11-26,35,M,77795.0,self_employed,13.5,Moscow,online,consumer,250000,48,19.1,7488.0,687.0,1,39.7,0,0
2706,29270,2024-11-13,20,M,39680.0,freelance,0.0,South,online,renovation,210000,36,17.7,7560.0,635.0,1,47.2,15,0
2707,79815,2024-01-18,25,M,27239.0,unemployed,0.9,Siberia,online,car,350000,48,19.1,10484.0,401.0,0,72.0,168,1
2708,40279,2023-06-11,66,M,96938.0,freelance,43.8,Moscow,branch,consumer,300000,24,20.2,15298.0,634.0,4,56.1,20,0
2709,24888,2023-10-13,32,F,78272.0,employed,9.4,Ural,branch,car,840000,36,15.6,29366.0,611.0,1,80.5,10,0
2710,18630,2023-03-12,20,M,81324.0,self_employed,0.0,Moscow,online,education,220000,36,16.0,7735.0,672.0,5,45.7,0,0
2711,62063,2024-03-29,55,F,115419.0,freelance,27.8,Moscow,branch,car,860000,48,16.0,24373.0,640.0,1,80.0,18,0
2712,36144,2024-07-20,62,M,141782.0,employed,39.9,Moscow,online,car,1500000,48,13.3,40465.0,747.0,5,84.8,38,0
2713,53161,2024-02-01,66,F,91121.0,freelance,45.0,Moscow,partner,car,790000,60,16.8,19549.0,555.0,2,80.4,95,1
2714,97718,2024-05-29,28,F,93895.0,employed,9.9,SPb,partner,renovation,590000,48,17.6,17208.0,636.0,1,56.2,34,0
2715,92074,2023-01-26,40,F,155059.0,employed,18.0,Moscow,partner,car,1260000,36,14.7,43493.0,699.0,3,84.7,0,0
2716,78360,2023-11-09,39,F,104122.0,employed,20.8,Moscow,partner,consumer,290000,24,18.9,14604.0,696.0,1,34.5,9,0
2717,51979,2023-05-06,27,F,51358.0,self_employed,7.9,SPb,branch,consumer,180000,36,21.4,6819.0,528.0,3,67.0,139,1
2718,98661,2024-02-12,35,F,77923.0,self_employed,16.6,Siberia,online,consumer,490000,24,19.5,24819.0,619.0,1,52.0,141,1
2719,7979,2024-07-18,28,M,77599.0,employed,0.0,Moscow,branch,car,780000,60,14.1,18190.0,709.0,1,60.6,17,0
2720,27189,2023-07-17,43,F,67960.0,self_employed,23.9,South,branch,car,460000,60,15.8,11137.0,654.0,2,58.9,0,0
2721,43600,2023-07-07,34,F,18238.0,unemployed,0.6,Ural,online,consumer,50000,24,21.5,2582.0,552.0,2,62.2,17,0
2722,60560,2024-11-28,29,F,26331.0,unemployed,0.2,Ural,branch,renovation,180000,36,18.3,6535.0,596.0,0,57.2,14,0
2723,79040,2024-12-16,22,M,73406.0,employed,1.2,SPb,branch,consumer,310000,12,20.6,28806.0,489.0,1,63.4,219,1
2724,62558,2024-04-28,32,M,88192.0,employed,13.9,SPb,online,consumer,350000,48,19.0,10465.0,582.0,0,40.7,0,0
2725,87205,2024-03-25,32,F,70390.0,self_employed,8.6,SPb,branch,consumer,170000,12,19.5,15707.0,659.0,4,48.5,18,0
2726,7910,2024-06-06,33,F,54961.0,employed,14.5,Moscow,branch,car,560000,48,14.4,15415.0,663.0,5,72.4,11,0
2727,58713,2023-12-20,27,M,85377.0,employed,4.1,Moscow,branch,consumer,240000,24,20.0,12215.0,607.0,3,63.0,0,0
2728,47857,2024-10-19,22,M,67410.0,employed,1.2,SPb,branch,renovation,380000,48,16.0,10769.0,666.0,1,41.9,0,0
2729,35964,2024-08-19,19,M,48163.0,freelance,0.4,Ural,partner,renovation,310000,48,20.7,9549.0,478.0,2,84.3,269,1
2730,86667,2023-04-10,39,M,82507.0,freelance,16.8,Moscow,branch,consumer,240000,36,19.2,8822.0,717.0,4,59.5,0,0
2731,26227,2024-09-07,20,M,40230.0,employed,0.2,Siberia,branch,consumer,150000,48,19.5,4525.0,558.0,3,51.6,20,0
2732,6978,2024-07-11,32,M,66619.0,employed,11.0,SPb,branch,consumer,340000,48,20.2,10383.0,570.0,1,79.1,9,0
2733,88527,2024-07-09,33,F,53921.0,self_employed,8.9,Ural,branch,car,480000,60,15.8,11622.0,612.0,0,60.5,127,1
2734,18153,2023-10-05,23,M,65802.0,employed,4.1,SPb,branch,consumer,170000,24,17.3,8430.0,747.0,3,37.1,0,0
2735,60765,2024-11-23,54,M,117073.0,employed,34.6,SPb,online,consumer,490000,48,17.0,14139.0,737.0,3,54.1,0,0
2736,40071,2024-11-29,24,F,130336.0,employed,0.0,Moscow,partner,consumer,390000,60,18.7,10053.0,650.0,1,43.4,0,0
2737,70519,2024-09-17,55,F,139960.0,employed,34.9,Ural,online,consumer,380000,24,17.5,18879.0,752.0,1,33.9,17,0
2738,10503,2024-05-05,49,F,128591.0,employed,28.5,Moscow,partner,car,1470000,60,13.1,33522.0,809.0,5,84.8,107,1
2739,61703,2023-09-12,29,M,89030.0,self_employed,10.0,SPb,partner,education,240000,36,16.9,8545.0,616.0,2,40.0,0,0
2740,65379,2024-01-16,25,F,80696.0,self_employed,5.4,SPb,branch,renovation,360000,48,17.8,10537.0,610.0,0,45.4,22,0
2741,96457,2024-06-25,48,M,82201.0,employed,27.9,Siberia,online,renovation,360000,24,16.0,17627.0,678.0,0,33.5,137,1
2742,58866,2023-09-21,44,F,91576.0,employed,25.1,SPb,partner,car,730000,60,16.5,17947.0,595.0,0,84.1,0,0
2743,17905,2024-09-01,61,F,107989.0,employed,42.2,Ural,branch,consumer,420000,6,17.5,73616.0,706.0,2,50.1,9,0
2744,46838,2023-11-25,46,M,91704.0,self_employed,25.2,Moscow,partner,renovation,490000,60,17.6,12336.0,682.0,0,59.9,190,1
2745,59279,2023-04-25,33,M,80882.0,employed,14.4,Moscow,partner,consumer,300000,36,16.9,10681.0,758.0,3,26.7,36,0
2746,90489,2023-10-03,23,M,67935.0,employed,2.6,Ural,online,car,510000,36,14.8,17629.0,671.0,1,69.8,10,0
2747,27806,2024-05-02,53,F,148521.0,self_employed,31.3,SPb,branch,consumer,550000,24,19.5,27859.0,641.0,1,64.7,12,0
2748,46000,2023-10-08,35,M,50824.0,freelance,16.3,Ural,online,renovation,320000,48,18.9,9551.0,565.0,2,60.0,90,1
2749,23168,2023-10-02,41,F,122845.0,employed,18.9,SPb,online,car,1020000,12,16.4,92739.0,593.0,0,84.1,97,1
2750,71119,2024-12-19,26,M,96789.0,employed,6.7,Moscow,branch,education,330000,48,17.4,9591.0,521.0,1,64.4,150,1
2751,39714,2023-11-24,35,M,24668.0,unemployed,0.1,Siberia,branch,car,350000,48,17.5,10190.0,512.0,1,64.3,254,1
2752,55093,2023-07-30,35,F,23781.0,unemployed,0.0,South,branch,consumer,60000,24,22.0,3113.0,512.0,0,44.5,141,1
2753,56419,2024-12-27,27,F,84882.0,employed,4.2,SPb,online,education,260000,36,14.5,8949.0,650.0,1,46.5,0,0
2754,50145,2024-07-05,51,F,68519.0,freelance,31.7,Ural,online,car,580000,60,16.0,14104.0,634.0,2,66.3,4,0
2755,78425,2023-01-26,35,M,95302.0,self_employed,8.7,Ural,online,consumer,350000,48,20.6,10763.0,572.0,2,56.3,0,0
2756,93949,2023-01-27,38,M,23143.0,unemployed,0.3,Ural,branch,consumer,90000,12,21.3,8393.0,569.0,0,57.9,175,1
2757,78811,2024-12-02,21,M,81546.0,employed,1.1,South,partner,consumer,270000,12,19.7,24973.0,579.0,4,68.5,183,1
2758,3461,2023-03-24,24,M,59250.0,freelance,3.1,Siberia,online,consumer,150000,36,21.0,5651.0,556.0,0,58.1,225,1
2759,15291,2024-11-12,47,M,78126.0,freelance,29.0,Siberia,online,car,810000,48,15.1,22584.0,659.0,2,77.0,13,0
2760,47804,2024-02-17,36,F,115754.0,employed,17.9,Moscow,online,education,360000,36,14.8,12444.0,734.0,1,53.7,7,0
2761,77971,2023-06-16,32,M,54931.0,freelance,11.9,Moscow,online,consumer,150000,60,19.7,3949.0,657.0,2,51.2,19,0
2762,94471,2024-11-30,23,M,55410.0,employed,2.2,Ural,partner,education,200000,24,15.5,9745.0,652.0,3,51.4,90,1
2763,65946,2023-06-18,42,M,80687.0,employed,22.9,Ural,online,renovation,380000,36,19.1,13949.0,585.0,0,60.4,14,0
2764,99989,2023-08-17,29,F,67985.0,employed,10.7,Siberia,online,renovation,390000,60,17.7,9840.0,644.0,2,44.8,8,0
2765,85080,2024-08-31,35,F,29023.0,unemployed,0.1,Moscow,partner,renovation,180000,36,19.6,6653.0,560.0,0,62.3,160,1
2766,62332,2024-01-02,30,M,77794.0,employed,10.4,Ural,branch,car,570000,36,15.7,19955.0,570.0,1,67.3,36,0
2767,78794,2024-06-11,30,M,90911.0,self_employed,8.9,SPb,branch,consumer,280000,24,18.4,14033.0,667.0,1,35.6,2,0
2768,31841,2024-10-08,35,M,73339.0,self_employed,13.8,South,online,car,790000,48,16.7,22673.0,505.0,1,83.2,167,1
2769,49758,2024-06-21,25,F,75145.0,employed,4.6,Moscow,branch,consumer,160000,36,19.1,5873.0,570.0,0,32.5,10,0
2770,77272,2024-06-07,20,F,76423.0,employed,1.4,SPb,branch,consumer,190000,12,17.6,17383.0,678.0,2,25.7,15,0
2771,38643,2023-03-13,34,F,92631.0,self_employed,13.1,Moscow,online,renovation,650000,24,18.1,32482.0,615.0,1,79.6,5,0
2772,51408,2024-10-06,23,M,31585.0,unemployed,0.4,SPb,online,car,380000,48,18.4,11242.0,460.0,1,78.0,161,1
2773,44950,2023-04-16,53,M,72417.0,employed,29.9,South,online,renovation,510000,36,16.7,18107.0,715.0,0,53.5,19,0
2774,57849,2024-11-19,22,F,59439.0,employed,3.4,Ural,online,car,460000,60,15.1,10968.0,580.0,2,72.0,37,0
2775,29044,2023-10-09,32,F,87278.0,employed,13.0,Siberia,branch,car,760000,36,15.4,26495.0,617.0,2,75.0,15,0
2776,16997,2023-05-13,56,F,158290.0,employed,36.3,Moscow,branch,renovation,950000,60,17.1,23661.0,742.0,0,75.9,0,0
2777,80751,2024-06-17,32,F,45417.0,employed,10.0,SPb,partner,consumer,150000,48,18.1,4414.0,646.0,1,41.3,5,0
2778,99605,2023-09-26,47,M,63807.0,employed,25.2,Siberia,branch,renovation,340000,48,17.1,9828.0,674.0,2,45.9,0,0
2779,24911,2024-02-16,28,F,55280.0,employed,8.8,Siberia,online,consumer,180000,24,19.8,9144.0,639.0,0,32.2,0,0
2780,56533,2024-11-03,23,F,59293.0,employed,2.9,South,branch,renovation,390000,60,15.2,9319.0,750.0,0,51.9,18,0
2781,83566,2024-09-10,23,F,41125.0,freelance,4.2,Ural,partner,consumer,160000,24,20.5,8182.0,550.0,0,51.4,16,0
2782,95870,2023-01-18,35,M,36747.0,unemployed,0.5,Moscow,online,renovation,270000,48,22.5,8580.0,359.0,1,79.7,163,1
2783,15571,2023-04-27,60,M,72286.0,employed,41.3,South,branch,consumer,250000,48,17.8,7318.0,706.0,1,29.9,8,0
2784,95463,2023-05-24,51,M,73766.0,self_employed,27.9,South,branch,education,220000,60,15.9,5338.0,673.0,0,46.4,28,0
2785,58941,2024-12-17,21,M,50711.0,employed,0.0,South,partner,renovation,260000,12,17.9,23824.0,586.0,5,58.7,5,0
2786,59005,2024-07-04,34,M,22735.0,unemployed,0.2,Siberia,online,car,350000,48,17.1,10117.0,522.0,2,81.5,178,1
2787,87250,2024-10-27,59,F,128535.0,self_employed,35.2,Moscow,online,consumer,430000,60,18.5,11036.0,643.0,0,53.8,22,0
2788,59712,2024-11-18,19,M,66410.0,freelance,0.2,Moscow,online,renovation,310000,24,18.3,15521.0,631.0,2,49.1,0,0
2789,44541,2024-02-26,35,M,90612.0,employed,15.4,Siberia,online,renovation,520000,24,18.6,26112.0,605.0,1,76.7,254,1
2790,24387,2024-01-04,45,M,107345.0,self_employed,26.7,Moscow,partner,car,830000,12,16.8,75621.0,619.0,1,74.3,134,1
2791,94980,2024-10-07,34,M,62226.0,employed,15.5,South,branch,consumer,160000,36,18.6,5833.0,605.0,0,39.7,15,0
2792,49908,2024-07-11,27,F,118412.0,employed,8.8,SPb,partner,consumer,550000,36,18.7,20077.0,661.0,1,55.0,10,0
2793,86457,2023-02-19,56,M,126314.0,employed,34.9,Moscow,online,car,990000,60,15.2,23656.0,650.0,0,79.2,0,0
2794,14057,2024-11-08,37,M,140741.0,self_employed,16.7,Moscow,partner,renovation,950000,36,18.6,34631.0,551.0,2,84.8,20,0
2795,65028,2023-04-16,31,F,80803.0,self_employed,5.5,Moscow,branch,renovation,470000,24,16.4,23103.0,663.0,1,50.3,17,0
2796,56731,2023-08-04,35,F,85378.0,employed,15.1,Siberia,branch,car,860000,48,15.9,24329.0,625.0,1,70.8,0,0
2797,25858,2024-10-19,42,M,79081.0,self_employed,20.9,Siberia,branch,consumer,320000,6,18.8,56296.0,647.0,2,50.1,189,1
2798,49689,2024-02-29,39,F,119503.0,employed,19.5,Moscow,online,consumer,470000,24,20.0,23921.0,613.0,2,52.5,0,0
2799,45638,2023-03-13,32,F,99486.0,employed,8.7,Ural,branch,consumer,330000,48,20.2,10077.0,559.0,2,54.6,9,0
2800,92598,2024-03-21,53,F,114086.0,self_employed,27.2,Moscow,partner,consumer,280000,12,18.1,25684.0,716.0,2,51.9,6,0
2801,47486,2023-07-05,38,M,96567.0,employed,18.3,Moscow,online,consumer,300000,60,19.7,7898.0,645.0,2,52.0,7,0
2802,21567,2023-03-11,22,F,64601.0,employed,3.7,Ural,partner,car,400000,48,15.1,11153.0,645.0,4,61.2,0,0
2803,30739,2023-05-30,41,M,139413.0,employed,22.5,Siberia,online,car,1500000,48,16.2,42664.0,599.0,2,84.8,28,0
2804,58804,2023-09-03,45,M,77228.0,self_employed,23.2,South,online,education,190000,48,16.1,5394.0,615.0,3,45.3,18,0
2805,4754,2024-06-21,19,M,77620.0,employed,0.0,SPb,branch,renovation,520000,24,17.4,25810.0,627.0,4,65.5,14,0
2806,28044,2024-10-13,21,M,21180.0,unemployed,1.0,Moscow,partner,consumer,90000,60,20.4,2405.0,589.0,0,49.7,0,0
2807,68260,2023-04-09,23,F,57151.0,employed,0.8,South,online,renovation,270000,60,17.0,6710.0,687.0,2,48.4,19,0
2808,67912,2023-10-05,46,F,79815.0,self_employed,24.4,SPb,online,consumer,270000,12,19.3,24921.0,671.0,2,61.0,15,0
2809,9706,2024-07-16,49,M,78455.0,employed,26.0,SPb,partner,education,150000,12,14.9,13532.0,692.0,3,33.9,9,0
2810,9894,2024-10-24,21,M,47436.0,employed,0.0,South,partner,car,350000,60,14.6,8253.0,646.0,1,52.6,0,0
2811,19037,2024-03-30,30,M,65503.0,self_employed,9.0,Ural,branch,consumer,220000,36,21.4,8334.0,503.0,1,57.8,3,0
2812,84986,2023-04-14,28,F,92619.0,employed,10.0,SPb,partner,car,690000,48,13.0,18511.0,796.0,0,50.6,0,0
2813,82942,2024-08-23,31,F,77216.0,employed,10.8,Ural,online,education,230000,24,15.0,11152.0,665.0,2,40.3,1,0
2814,52612,2024-10-14,22,F,79943.0,employed,1.3,Ural,online,renovation,680000,60,17.3,17010.0,584.0,1,78.2,9,0
2815,30725,2024-12-25,44,F,111828.0,employed,16.3,South,branch,consumer,380000,12,19.0,35019.0,622.0,4,65.2,18,0
2816,6926,2023-08-21,66,F,120651.0,employed,44.8,Moscow,partner,consumer,350000,36,18.3,12706.0,771.0,2,48.3,2,0
2817,10496,2024-01-29,52,F,98083.0,self_employed,31.4,Ural,online,renovation,570000,36,17.1,20350.0,704.0,1,50.1,15,0
2818,57447,2024-05-15,36,M,100943.0,freelance,15.7,South,partner,education,230000,24,17.6,11438.0,567.0,3,69.3,224,1
2819,30806,2024-11-25,27,F,121262.0,employed,8.7,Moscow,partner,education,350000,48,15.6,9848.0,613.0,3,48.9,14,0
2820,89199,2023-09-08,48,F,94761.0,employed,13.0,Moscow,partner,education,210000,60,15.5,5051.0,639.0,0,40.9,0,0
2821,42321,2024-06-04,57,F,109234.0,employed,38.6,SPb,partner,car,700000,48,15.1,19517.0,672.0,1,66.4,0,0
2822,66095,2023-03-20,32,F,75619.0,employed,13.8,Ural,partner,renovation,420000,48,18.4,12425.0,535.0,0,55.1,181,1
2823,23656,2023-02-21,34,F,44309.0,freelance,14.8,Siberia,branch,consumer,130000,48,20.9,4019.0,557.0,1,52.2,22,0
2824,56147,2023-08-14,21,F,85089.0,self_employed,0.0,Moscow,branch,renovation,710000,36,17.3,25420.0,722.0,2,65.8,1,0
2825,92396,2023-02-20,47,F,128242.0,employed,23.0,Moscow,online,consumer,430000,48,19.3,12925.0,682.0,1,52.0,26,0
2826,50666,2023-07-05,19,M,66701.0,employed,0.0,Siberia,branch,car,690000,60,15.5,16597.0,589.0,0,59.5,149,1
2827,83368,2023-02-03,32,M,73125.0,freelance,13.0,Moscow,partner,car,770000,48,17.3,22338.0,536.0,2,84.6,0,0
2828,39787,2023-05-11,27,F,125355.0,employed,8.9,Moscow,partner,education,330000,24,16.8,16284.0,610.0,4,78.6,127,1
2829,63946,2024-09-23,37,M,127903.0,employed,17.5,Siberia,branch,consumer,440000,24,18.6,22094.0,617.0,1,57.7,0,0
2830,22727,2024-03-18,37,F,63149.0,self_employed,17.9,Moscow,branch,education,180000,36,16.3,6355.0,664.0,3,48.3,0,0
2831,96081,2024-03-07,31,F,65767.0,self_employed,11.6,Siberia,online,car,780000,36,17.9,28160.0,466.0,3,84.8,198,1
2832,69056,2024-12-04,31,F,99087.0,employed,10.5,SPb,online,car,770000,60,13.3,17638.0,750.0,2,62.7,0,0
2833,4081,2024-05-11,46,F,63477.0,freelance,27.9,SPb,online,renovation,390000,24,18.4,19546.0,581.0,0,49.5,16,0
2834,35196,2024-02-07,33,M,110227.0,employed,13.6,Moscow,online,car,1400000,60,14.6,33013.0,685.0,2,84.4,18,0
2835,37735,2023-11-19,23,F,65359.0,self_employed,2.5,Ural,branch,education,220000,24,17.4,10920.0,600.0,2,49.1,16,0
2836,81102,2023-07-29,47,F,90290.0,employed,27.3,South,online,car,720000,60,14.9,17091.0,660.0,2,63.8,17,0
2837,80578,2024-09-06,39,M,48593.0,self_employed,17.7,Ural,online,car,550000,48,15.8,15531.0,538.0,1,72.2,12,0
2838,26498,2023-11-25,29,M,87487.0,freelance,10.4,SPb,branch,education,280000,48,16.0,7935.0,660.0,2,38.7,11,0
2839,77865,2024-01-07,22,F,107583.0,employed,3.5,Ural,branch,education,180000,24,15.3,8753.0,622.0,3,46.2,0,0
2840,32656,2024-04-04,57,F,88134.0,self_employed,37.9,Ural,online,consumer,340000,60,18.9,8801.0,708.0,2,50.7,11,0
2841,68695,2023-05-13,47,F,52341.0,freelance,28.7,South,online,consumer,210000,48,20.1,6402.0,624.0,0,46.5,5,0
2842,38900,2024-10-12,59,M,149467.0,employed,40.2,SPb,partner,car,1090000,60,15.0,25931.0,678.0,2,84.0,115,1
2843,85899,2023-05-01,40,M,107786.0,self_employed,21.7,Moscow,online,education,450000,48,15.0,12524.0,728.0,0,45.5,3,0
2844,48701,2024-08-28,56,M,42422.0,unemployed,1.8,Moscow,partner,car,380000,36,16.8,13510.0,539.0,2,70.7,154,1
2845,20033,2024-03-27,25,M,73647.0,self_employed,3.3,Moscow,branch,renovation,570000,48,17.7,16655.0,617.0,2,66.2,119,1
2846,11805,2023-05-09,31,F,62160.0,employed,12.0,Ural,online,consumer,200000,12,19.2,18450.0,629.0,1,41.7,4,0
2847,36851,2023-04-01,31,M,46966.0,employed,13.0,Moscow,partner,car,500000,48,16.2,14221.0,599.0,2,69.2,19,0
2848,27832,2024-08-26,45,F,109860.0,employed,24.6,Moscow,online,consumer,260000,6,17.5,45572.0,735.0,3,47.2,16,0
2849,64437,2024-07-28,38,F,111772.0,employed,16.5,SPb,online,consumer,300000,12,17.8,27475.0,678.0,1,45.6,0,0
2850,14944,2023-01-29,47,F,80432.0,employed,27.5,SPb,branch,consumer,260000,36,17.2,9296.0,779.0,1,33.3,9,0
2851,20873,2024-12-22,31,M,72377.0,employed,11.9,SPb,online,consumer,230000,24,18.1,11494.0,650.0,0,43.9,18,0
2852,41372,2024-06-07,27,F,86024.0,employed,7.0,SPb,online,education,270000,24,16.8,13323.0,583.0,1,56.8,21,0
2853,90464,2023-11-29,30,M,51749.0,employed,13.0,Siberia,branch,consumer,170000,60,17.7,4289.0,728.0,1,24.9,8,0
2854,16379,2023-10-24,34,M,68940.0,employed,12.9,South,branch,car,410000,36,15.9,14394.0,580.0,0,46.5,0,0
2855,37751,2023-05-10,23,M,93028.0,self_employed,1.0,Moscow,partner,consumer,300000,36,20.5,11226.0,617.0,2,64.5,19,0
2856,90822,2023-10-20,48,F,85265.0,self_employed,26.3,South,partner,renovation,640000,60,18.9,16567.0,602.0,3,82.1,28,0
2857,6110,2023-06-22,24,M,97609.0,employed,4.8,Moscow,branch,car,910000,36,14.9,31501.0,677.0,2,73.7,153,1
2858,55341,2024-12-20,26,M,73292.0,employed,2.5,Siberia,partner,consumer,230000,24,19.5,11650.0,562.0,1,49.6,0,0
2859,13087,2023-01-24,45,M,123543.0,employed,13.0,Ural,online,consumer,390000,24,20.2,19887.0,671.0,0,71.9,0,0
2860,24762,2023-04-09,20,M,80950.0,employed,0.9,Moscow,online,consumer,270000,24,19.2,13637.0,636.0,1,37.1,21,0
2861,83617,2024-02-10,30,M,54005.0,employed,11.1,Siberia,branch,car,410000,36,15.0,14213.0,685.0,0,52.6,217,1
2862,10596,2023-12-22,36,F,63770.0,self_employed,14.3,South,online,consumer,220000,12,19.5,20327.0,632.0,2,37.3,0,0
2863,19313,2023-05-19,35,F,71576.0,employed,13.3,South,partner,consumer,280000,24,18.5,14046.0,741.0,0,48.9,0,0
2864,67549,2024-05-17,66,F,36384.0,unemployed,1.0,Ural,branch,consumer,120000,36,22.0,4583.0,444.0,0,52.7,0,0
2865,24705,2023-06-23,65,F,73104.0,employed,39.3,Siberia,online,consumer,220000,12,17.8,20149.0,710.0,1,31.8,8,0
2866,68364,2023-01-29,47,F,110821.0,employed,28.5,Moscow,partner,car,1090000,36,14.7,37625.0,701.0,0,79.8,130,1
2867,74445,2024-05-10,63,M,76770.0,freelance,43.1,Moscow,partner,consumer,190000,24,19.6,9633.0,680.0,0,36.1,0,0
2868,79645,2024-10-16,55,F,127327.0,self_employed,36.9,Moscow,branch,education,300000,36,16.2,10577.0,655.0,4,79.5,26,0
2869,3023,2023-12-17,35,F,160724.0,self_employed,16.8,Ural,partner,consumer,480000,12,19.2,44281.0,679.0,1,52.5,110,1
2870,60796,2024-07-07,31,M,31485.0,unemployed,0.9,SPb,branch,consumer,170000,48,21.9,5347.0,505.0,3,64.9,13,0
2871,81073,2023-10-26,44,F,95584.0,employed,24.0,Ural,online,consumer,210000,48,18.5,6224.0,685.0,0,39.1,0,0
2872,93197,2024-12-20,28,F,61211.0,freelance,7.3,SPb,partner,consumer,180000,60,19.9,4759.0,636.0,3,59.6,0,0
2873,65429,2023-07-11,42,F,79594.0,employed,24.0,Siberia,online,renovation,400000,48,17.1,11563.0,676.0,0,44.5,12,0
2874,62627,2024-11-02,25,F,43496.0,freelance,4.0,Siberia,branch,consumer,130000,36,18.2,4713.0,683.0,0,26.4,17,0
2875,34848,2023-03-05,24,M,72556.0,employed,4.0,Siberia,online,consumer,220000,48,17.4,6394.0,751.0,1,27.7,0,0
2876,38804,2024-10-25,26,F,53159.0,employed,7.2,Siberia,branch,car,470000,36,14.7,16224.0,623.0,1,49.3,1,0
2877,16379,2023-08-03,26,M,56770.0,self_employed,13.9,Siberia,branch,consumer,130000,60,19.9,3437.0,586.0,0,50.8,24,0
2878,60664,2023-06-15,52,F,98447.0,employed,33.5,Siberia,online,car,700000,48,14.2,19199.0,693.0,2,63.9,25,0
2879,28766,2024-06-26,65,F,81886.0,employed,44.2,Moscow,partner,consumer,290000,48,19.2,8702.0,645.0,1,41.5,23,0
2880,69099,2023-08-20,46,F,66237.0,employed,24.8,Ural,online,car,480000,60,16.7,11852.0,565.0,1,58.7,0,0
2881,37060,2024-06-24,38,M,97130.0,self_employed,16.9,Moscow,branch,renovation,610000,48,17.8,17855.0,586.0,2,66.1,0,0
2882,95733,2023-07-14,44,M,89426.0,freelance,25.5,Siberia,partner,education,280000,48,18.2,8254.0,545.0,1,60.6,112,1
2883,70122,2024-05-20,61,M,101009.0,self_employed,35.7,Moscow,branch,renovation,510000,36,17.8,18387.0,633.0,0,57.8,8,0
2884,17087,2023-11-30,32,M,57573.0,freelance,12.4,South,online,consumer,230000,12,20.1,21317.0,587.0,1,44.6,0,0
2885,49868,2023-10-31,36,F,90861.0,employed,13.6,Ural,online,consumer,300000,24,19.5,15196.0,649.0,1,55.9,21,0
2886,24225,2024-03-12,52,F,97269.0,employed,13.0,Moscow,online,car,960000,48,13.7,26089.0,728.0,0,64.1,21,0
2887,96286,2023-11-19,42,F,137126.0,employed,22.1,SPb,online,consumer,440000,36,18.2,15951.0,777.0,1,35.9,6,0
2888,7643,2024-05-16,45,F,103749.0,self_employed,24.8,Siberia,online,renovation,540000,12,18.1,49533.0,648.0,0,64.8,0,0
2889,94059,2024-01-28,20,M,59150.0,employed,0.0,Moscow,online,car,580000,48,16.3,16527.0,568.0,1,70.0,155,1
2890,37727,2024-08-21,39,M,96612.0,employed,18.1,Ural,online,car,1080000,48,13.4,29189.0,726.0,3,82.6,110,1
2891,12005,2023-05-29,47,M,99658.0,employed,27.5,Moscow,branch,consumer,310000,60,19.7,8161.0,612.0,0,42.9,26,0
2892,66697,2024-02-09,20,F,34390.0,self_employed,1.0,Siberia,partner,car,350000,48,15.9,9901.0,610.0,0,64.0,0,0
2893,17029,2023-10-10,62,F,153907.0,employed,33.2,Moscow,branch,consumer,550000,48,17.9,16128.0,721.0,1,50.2,19,0
2894,15226,2023-12-28,66,F,120202.0,freelance,45.0,SPb,online,consumer,530000,48,19.8,16072.0,741.0,3,77.9,41,0
2895,64646,2024-01-14,57,M,98073.0,self_employed,38.6,Ural,branch,renovation,650000,36,17.3,23271.0,717.0,2,58.1,0,0
2896,61603,2023-07-17,32,M,98811.0,self_employed,12.9,Moscow,branch,consumer,300000,24,21.5,15489.0,587.0,2,78.1,123,1
2897,29731,2024-07-09,28,F,21334.0,unemployed,0.0,South,branch,car,350000,24,15.9,17120.0,616.0,2,69.6,5,0
2898,69926,2023-12-22,47,M,143870.0,employed,28.6,SPb,branch,consumer,430000,36,18.5,15654.0,731.0,2,58.5,8,0
2899,6997,2024-06-23,30,F,99479.0,self_employed,8.3,Moscow,partner,consumer,390000,24,19.2,19697.0,623.0,1,53.4,34,0
2900,56506,2024-03-04,34,M,38929.0,freelance,13.1,Siberia,partner,renovation,340000,48,16.6,9740.0,775.0,2,55.9,18,0
2901,79229,2023-01-17,30,M,56265.0,self_employed,13.9,South,online,renovation,470000,36,18.0,16992.0,593.0,4,64.1,21,0
2902,50815,2024-09-30,26,F,38410.0,freelance,0.0,South,online,renovation,220000,24,18.5,11037.0,551.0,1,53.5,0,0
2903,43092,2024-01-14,34,M,96079.0,employed,12.8,SPb,branch,renovation,500000,24,16.3,24553.0,723.0,1,48.6,4,0
2904,63539,2024-11-10,30,F,60385.0,self_employed,8.4,SPb,partner,consumer,150000,24,17.6,7460.0,698.0,0,38.6,35,0
2905,67077,2024-05-20,34,F,148049.0,employed,13.6,South,branch,renovation,950000,60,18.3,24279.0,628.0,0,77.3,10,0
2906,22817,2023-03-17,21,M,43685.0,unemployed,0.1,Moscow,branch,consumer,130000,24,22.2,6757.0,481.0,2,64.8,6,0
2907,38861,2023-08-19,64,F,100569.0,freelance,45.0,Siberia,online,consumer,360000,12,19.7,33297.0,659.0,2,50.8,3,0
2908,14428,2024-12-16,61,F,94412.0,freelance,38.6,Moscow,branch,car,930000,60,15.2,22222.0,623.0,2,84.4,31,0
2909,44934,2023-09-05,40,M,63213.0,self_employed,14.8,SPb,branch,consumer,200000,24,19.3,10111.0,644.0,0,37.1,0,0
2910,11258,2023-10-29,47,F,84353.0,employed,28.6,South,branch,car,930000,36,13.4,31515.0,758.0,2,60.7,0,0
2911,58775,2024-12-26,25,F,42103.0,employed,2.2,Ural,partner,consumer,120000,36,18.8,4387.0,591.0,1,31.5,0,0
2912,82580,2023-08-03,42,M,70208.0,freelance,21.7,Ural,online,consumer,260000,60,20.7,6990.0,604.0,2,59.3,14,0
2913,95947,2023-06-07,21,F,71316.0,employed,2.0,Moscow,online,education,180000,36,15.1,6249.0,717.0,3,40.4,13,0
2914,6469,2023-03-10,30,M,87642.0,employed,4.4,Moscow,branch,car,790000,48,14.2,21667.0,680.0,2,63.8,21,0
2915,29854,2024-01-28,31,F,69915.0,self_employed,12.9,Moscow,online,consumer,210000,60,18.2,5355.0,659.0,0,36.0,28,0
2916,7256,2023-03-26,21,F,90758.0,employed,2.0,South,online,renovation,750000,24,18.5,37625.0,560.0,1,74.9,21,0
2917,77256,2023-09-24,45,M,93225.0,self_employed,20.5,Ural,partner,renovation,570000,36,18.6,20779.0,616.0,1,62.4,101,1
2918,34937,2023-03-10,36,M,70610.0,employed,16.0,Moscow,partner,consumer,290000,48,19.8,8794.0,598.0,2,56.3,19,0
2919,2651,2024-09-02,39,M,69657.0,self_employed,18.3,SPb,branch,renovation,360000,24,16.3,17678.0,663.0,0,44.8,26,0
2920,51288,2023-12-13,21,M,52660.0,freelance,0.0,Siberia,branch,car,770000,12,19.3,71071.0,463.0,5,84.6,154,1
417,79657,2023-12-24,65,F,-133116.0,self_employed,13.9,Moscow,branch,car,1500000,48,16.1,42587.0,651.0,3,84.8,0,0
2922,26051,2024-11-03,25,F,48857.0,employed,6.3,Moscow,partner,education,160000,12,15.0,14441.0,627.0,1,43.6,20,0
2923,28386,2024-02-27,27,M,76127.0,employed,0.0,Ural,online,consumer,310000,60,18.6,7973.0,673.0,1,46.2,15,0
2924,76054,2024-08-28,25,F,20061.0,unemployed,0.5,Moscow,online,car,350000,48,17.6,10208.0,466.0,2,69.3,259,1
2925,17184,2023-06-23,36,F,127558.0,employed,15.7,SPb,branch,consumer,400000,24,18.9,20144.0,638.0,2,55.9,25,0
2926,34787,2024-11-07,30,F,70280.0,employed,10.9,South,partner,renovation,350000,48,15.9,9901.0,679.0,0,39.1,0,0
2927,22621,2023-04-25,22,F,58593.0,self_employed,0.0,Ural,online,education,160000,36,18.5,5825.0,483.0,2,60.7,10,0
2928,76564,2023-08-08,21,F,56568.0,employed,0.0,Siberia,online,consumer,190000,12,19.8,17582.0,606.0,3,56.0,0,0
2929,78984,2023-01-31,66,M,71954.0,unemployed,0.9,Ural,online,consumer,230000,48,22.6,7322.0,510.0,3,70.0,134,1
2930,60792,2024-06-06,39,M,91688.0,freelance,18.2,Moscow,online,education,400000,36,16.0,14063.0,626.0,0,46.3,106,1
2931,46253,2023-12-09,57,F,95115.0,employed,34.0,Siberia,branch,education,290000,36,16.3,10239.0,593.0,1,48.2,17,0
2932,35051,2024-01-12,48,M,71784.0,self_employed,24.8,Moscow,branch,education,190000,60,12.6,4284.0,850.0,2,28.4,21,0
2933,50811,2023-05-10,25,F,87354.0,employed,5.3,South,branch,education,240000,36,15.0,8320.0,707.0,1,39.2,11,0
2934,31447,2024-09-08,33,F,91285.0,self_employed,14.2,Moscow,partner,car,670000,60,15.3,16045.0,624.0,2,74.3,43,0
2935,84930,2024-06-22,27,F,59215.0,self_employed,7.5,South,branch,education,230000,36,15.7,8052.0,650.0,2,49.7,2,0
2936,31254,2023-01-02,27,M,92616.0,employed,4.8,Siberia,branch,education,310000,48,18.4,9171.0,456.0,0,63.5,7,0
2937,85045,2023-04-11,34,M,83355.0,employed,0.8,Moscow,online,consumer,370000,12,19.9,34257.0,658.0,2,62.4,16,0
2938,58418,2024-06-16,23,M,20385.0,unemployed,0.2,Moscow,online,renovation,180000,36,19.3,6625.0,549.0,3,65.2,177,1
2939,15472,2023-02-27,67,M,121134.0,employed,45.0,Moscow,branch,renovation,880000,48,16.9,25347.0,743.0,3,67.9,18,0
2940,4471,2024-01-24,19,M,45541.0,self_employed,0.9,Moscow,partner,consumer,90000,24,19.0,4537.0,598.0,0,46.7,38,0
2941,96804,2024-11-22,56,F,110936.0,employed,29.4,Ural,branch,renovation,950000,36,18.1,34392.0,555.0,5,84.2,190,1
2942,9329,2023-12-07,48,M,151116.0,employed,28.0,Ural,online,car,1500000,60,16.1,36557.0,598.0,1,84.6,176,1
2943,35865,2023-01-20,37,M,120245.0,freelance,15.2,Ural,online,renovation,620000,60,19.7,16323.0,573.0,1,71.0,0,0
2944,47850,2023-09-12,33,M,103961.0,employed,11.8,Moscow,branch,renovation,770000,48,17.1,22258.0,732.0,2,80.6,31,0
2945,55220,2023-11-13,20,M,80006.0,self_employed,0.0,Moscow,branch,education,150000,36,14.4,5156.0,730.0,2,35.2,13,0
2946,94808,2023-02-07,39,M,96444.0,employed,20.1,Ural,partner,consumer,270000,24,19.0,13610.0,614.0,2,58.6,2,0
2947,7397,2024-10-21,48,M,123725.0,employed,28.3,Siberia,online,renovation,870000,36,17.8,31365.0,611.0,0,83.4,4,0
2948,98909,2024-06-20,29,F,26836.0,unemployed,0.0,SPb,partner,consumer,120000,24,23.4,6309.0,427.0,0,60.1,168,1
2949,36525,2024-01-21,30,M,63748.0,self_employed,9.4,Moscow,branch,renovation,400000,48,18.1,11771.0,593.0,2,58.9,14,0
2950,54072,2024-09-24,27,F,32206.0,unemployed,2.0,SPb,online,car,350000,48,17.0,10099.0,539.0,1,69.6,165,1
2951,91106,2023-01-26,32,F,18990.0,unemployed,0.3,SPb,partner,car,350000,48,17.0,10099.0,561.0,0,57.1,154,1
2952,84820,2024-03-29,35,M,23776.0,unemployed,1.4,Ural,online,consumer,80000,24,21.4,4127.0,545.0,4,74.0,205,1
2953,85530,2024-11-11,45,F,61500.0,freelance,11.8,SPb,online,car,510000,36,16.5,18056.0,553.0,4,79.0,265,1
2954,24284,2023-11-19,26,M,42708.0,employed,7.2,South,partner,consumer,210000,60,20.6,5634.0,532.0,2,55.4,223,1
2955,62330,2024-05-27,26,M,20893.0,unemployed,1.0,SPb,branch,consumer,80000,36,21.7,3043.0,485.0,0,46.9,187,1
2956,84369,2023-01-13,39,M,90730.0,employed,20.8,Moscow,online,education,340000,48,15.2,9497.0,676.0,5,60.2,34,0
2957,26122,2024-07-13,28,M,110145.0,employed,9.4,Moscow,partner,renovation,710000,60,17.9,17991.0,566.0,0,65.2,157,1
2958,71553,2024-01-06,47,M,73856.0,employed,22.8,SPb,branch,car,720000,60,16.3,17624.0,542.0,0,75.7,143,1
2959,82906,2023-10-18,26,M,61146.0,employed,1.1,Siberia,online,renovation,330000,36,18.3,11980.0,581.0,3,50.5,11,0
2960,95788,2023-11-28,20,F,44038.0,self_employed,1.4,South,online,consumer,120000,48,20.4,3677.0,575.0,0,42.5,1,0
2961,63812,2024-08-28,33,F,78872.0,employed,14.2,Moscow,online,car,460000,48,14.4,12663.0,629.0,2,61.4,0,0
2962,8999,2023-09-18,45,M,158540.0,employed,24.7,Moscow,online,renovation,950000,36,16.3,33540.0,760.0,0,59.9,1,0
2963,23436,2023-07-24,49,M,108754.0,employed,30.8,South,online,consumer,470000,60,20.3,12531.0,620.0,1,51.0,0,0
2964,43963,2024-11-27,36,M,98022.0,employed,9.3,Moscow,partner,consumer,420000,36,18.3,15247.0,621.0,1,62.4,121,1
2965,3096,2024-11-17,29,M,78245.0,freelance,9.7,Siberia,branch,consumer,280000,12,19.8,25911.0,569.0,1,54.0,0,0
2966,26279,2024-01-22,31,F,59765.0,employed,11.0,Ural,partner,education,180000,36,15.2,6257.0,683.0,1,33.0,11,0
2967,27201,2024-04-12,46,M,84421.0,employed,27.7,SPb,online,car,530000,36,13.7,18037.0,684.0,0,54.8,35,0
2968,20715,2024-02-19,54,M,132196.0,employed,35.9,Moscow,online,car,1240000,36,15.0,42985.0,726.0,0,80.8,26,0
2969,30309,2023-03-10,47,F,73303.0,employed,27.1,Ural,branch,consumer,170000,12,19.0,15667.0,685.0,5,48.4,21,0
2970,16078,2024-04-16,32,F,81828.0,self_employed,13.6,Siberia,branch,consumer,300000,24,19.5,15196.0,581.0,0,45.7,15,0
2971,57614,2023-04-14,64,M,81033.0,employed,43.0,SPb,partner,renovation,360000,48,17.7,10519.0,653.0,0,46.5,3,0
2972,6105,2023-06-10,45,F,95552.0,employed,13.0,SPb,branch,education,310000,48,14.6,8565.0,718.0,0,36.7,7,0
2973,95848,2023-07-19,20,M,56897.0,employed,1.9,Siberia,online,consumer,170000,36,18.9,6223.0,682.0,1,36.4,8,0
2974,3839,2023-08-04,19,M,59720.0,employed,0.0,Ural,branch,consumer,240000,48,18.7,7138.0,665.0,0,28.0,5,0
2975,69920,2023-07-31,21,M,39243.0,unemployed,0.6,Siberia,online,consumer,110000,12,22.5,10322.0,473.0,1,54.2,15,0
2976,44619,2024-05-22,44,M,86027.0,employed,24.3,Moscow,online,consumer,280000,48,19.5,8446.0,615.0,1,56.2,186,1
2977,43821,2023-01-16,33,F,48647.0,freelance,5.4,South,partner,car,560000,48,17.5,16304.0,551.0,3,82.8,143,1
2978,14493,2024-05-12,25,M,56334.0,self_employed,6.6,Moscow,partner,renovation,300000,36,16.7,10651.0,684.0,1,69.7,0,0
2979,18069,2023-11-28,26,M,87020.0,employed,6.8,Moscow,online,renovation,580000,24,16.4,28510.0,740.0,3,58.7,0,0
2980,8531,2024-12-17,20,M,28923.0,unemployed,0.5,Moscow,branch,car,350000,36,16.9,12461.0,496.0,2,78.3,183,1
2981,38051,2024-07-04,42,M,81317.0,freelance,7.3,Siberia,online,car,500000,36,15.9,17554.0,632.0,4,69.9,90,1
2982,8736,2024-08-23,33,F,118902.0,self_employed,14.0,Moscow,online,car,1090000,60,15.3,26103.0,648.0,1,82.7,0,0
2983,8710,2023-09-13,19,M,68205.0,employed,0.0,South,branch,education,170000,36,17.1,6069.0,545.0,4,59.1,182,1
2984,68155,2024-12-28,48,M,92704.0,self_employed,24.4,Ural,partner,car,640000,36,12.6,21441.0,799.0,2,54.9,0,0
2985,14975,2023-06-21,30,F,67192.0,employed,4.0,Ural,partner,renovation,380000,24,17.5,18879.0,675.0,1,51.1,0,0
2986,63424,2024-10-10,43,M,56263.0,employed,16.7,Siberia,branch,renovation,400000,24,17.8,19931.0,623.0,1,82.2,7,0
2987,46603,2024-05-12,21,M,70850.0,freelance,0.5,Moscow,partner,education,220000,36,16.7,7811.0,631.0,2,60.6,22,0
2988,24252,2024-04-15,51,M,63779.0,freelance,29.7,Siberia,partner,renovation,250000,60,19.8,6596.0,576.0,3,68.5,145,1
2989,81797,2024-01-19,33,M,81647.0,employed,13.7,South,partner,consumer,340000,12,18.3,31220.0,679.0,1,43.4,0,0
2990,2431,2024-11-20,43,M,69074.0,freelance,22.2,SPb,branch,renovation,520000,60,16.5,12784.0,706.0,4,62.8,0,0
2991,75603,2024-08-11,27,M,70212.0,self_employed,7.9,Siberia,branch,car,530000,60,14.5,12470.0,636.0,1,58.2,21,0
2992,38481,2024-11-30,30,F,56755.0,employed,7.9,Siberia,online,renovation,270000,60,16.9,6696.0,617.0,2,41.5,0,0
2993,93573,2024-05-21,40,F,82358.0,employed,20.9,Ural,branch,education,250000,36,15.2,8691.0,656.0,3,43.5,17,0
2994,10557,2024-06-10,38,F,100045.0,employed,13.7,SPb,online,car,1140000,36,15.1,39574.0,658.0,0,82.8,0,0
2995,75971,2023-11-21,29,F,50586.0,freelance,10.5,SPb,branch,renovation,270000,24,19.3,13650.0,579.0,0,44.7,22,0
2996,1162,2023-08-02,61,M,93703.0,freelance,40.5,SPb,partner,consumer,320000,24,20.4,16349.0,595.0,2,65.4,131,1
2997,35742,2023-07-27,30,F,78641.0,employed,9.8,SPb,branch,consumer,260000,36,17.4,9322.0,771.0,2,52.3,19,0
2998,20675,2023-06-18,43,M,51423.0,self_employed,24.1,South,online,car,580000,36,14.3,19908.0,645.0,3,69.1,17,0
2999,74997,2023-11-26,66,M,88943.0,freelance,45.0,SPb,partner,consumer,330000,24,19.8,16763.0,692.0,1,54.1,7,0
3000,18015,2023-10-07,47,M,67636.0,freelance,28.5,Ural,partner,renovation,390000,24,18.5,19565.0,666.0,2,61.3,0,0
3001,51057,2023-11-01,57,M,148064.0,employed,28.7,SPb,partner,consumer,390000,48,18.7,11599.0,676.0,0,42.0,3,0
3002,33591,2023-05-26,29,F,128496.0,employed,2.5,SPb,online,renovation,550000,60,17.6,13847.0,675.0,1,52.1,1,0
3003,94583,2024-05-30,31,M,45204.0,freelance,12.6,Moscow,online,renovation,310000,36,18.4,11270.0,566.0,0,56.5,18,0
3004,10833,2023-03-31,49,M,85152.0,employed,29.6,Siberia,online,car,830000,36,17.1,29633.0,547.0,2,82.9,13,0
3005,8896,2024-03-28,36,M,63506.0,employed,16.1,Ural,branch,renovation,330000,24,17.4,16379.0,622.0,5,61.9,0,0
3006,33972,2023-03-01,21,M,58052.0,freelance,1.0,SPb,branch,car,430000,48,15.3,12033.0,622.0,0,52.0,0,0
3007,50733,2023-11-07,25,M,72931.0,employed,5.9,Ural,partner,consumer,290000,36,19.2,10660.0,606.0,0,48.3,10,0
3008,42800,2024-06-11,27,M,40118.0,freelance,1.7,South,online,renovation,230000,60,19.5,6030.0,526.0,1,53.6,52,0
3009,97044,2023-08-15,59,M,96471.0,employed,33.8,Moscow,branch,car,580000,36,15.2,20163.0,618.0,1,54.3,0,0
3010,6347,2024-04-18,31,F,93509.0,employed,12.9,South,online,consumer,310000,24,18.1,15491.0,688.0,1,43.9,0,0
3011,60063,2024-06-24,32,M,76351.0,employed,10.9,SPb,online,renovation,410000,24,16.5,20173.0,729.0,1,43.3,0,0
3012,96850,2024-10-24,23,M,62168.0,employed,4.8,South,branch,car,560000,60,14.6,13205.0,580.0,0,55.8,0,0
3013,3643,2023-03-20,44,F,83000.0,employed,23.3,South,online,consumer,260000,6,18.1,45650.0,696.0,4,41.1,10,0
3014,41785,2024-03-08,25,F,100725.0,self_employed,1.0,Moscow,online,renovation,560000,48,17.1,16188.0,684.0,1,54.9,16,0
3015,19681,2023-06-02,22,M,40495.0,employed,0.9,Siberia,online,consumer,140000,36,20.4,5231.0,555.0,1,44.9,8,0
3016,51026,2024-02-05,66,M,33981.0,unemployed,0.4,Siberia,online,car,350000,60,17.0,8698.0,560.0,1,59.9,161,1
3017,16892,2023-10-06,22,F,68968.0,employed,0.0,Moscow,online,consumer,190000,60,19.4,4971.0,639.0,0,50.2,35,0
3018,48299,2023-02-26,45,M,97444.0,employed,22.9,South,branch,renovation,800000,36,16.4,28284.0,726.0,0,66.9,22,0
3019,18073,2023-07-05,27,M,55186.0,employed,8.1,Ural,branch,car,380000,60,14.0,8842.0,690.0,0,34.9,29,0
3020,31682,2024-02-02,22,M,92724.0,self_employed,2.5,Moscow,online,car,830000,24,15.8,40560.0,644.0,1,83.6,10,0
3021,98798,2024-08-27,25,F,119876.0,employed,2.7,Moscow,branch,consumer,380000,36,17.6,13662.0,673.0,2,47.1,31,0
3022,97894,2023-06-07,49,F,81275.0,employed,30.9,Ural,partner,car,370000,60,14.2,8648.0,750.0,0,43.2,14,0
3023,15289,2024-11-23,19,F,41934.0,freelance,0.8,Moscow,online,car,430000,24,15.9,21034.0,495.0,1,67.2,146,1
3024,8927,2023-12-25,42,M,88063.0,employed,18.1,Moscow,online,consumer,300000,24,18.9,15108.0,681.0,2,52.6,15,0
3025,49330,2024-03-15,35,M,72233.0,employed,16.9,South,online,consumer,180000,24,18.7,9047.0,651.0,1,49.1,7,0
3026,67707,2024-08-11,25,M,81073.0,employed,3.6,Siberia,branch,renovation,340000,24,17.7,16925.0,593.0,1,57.2,53,0
3027,78454,2024-04-10,21,F,46365.0,self_employed,1.8,Ural,branch,car,370000,60,15.1,8822.0,554.0,2,60.0,149,1
3028,66428,2024-10-24,41,F,69644.0,employed,17.8,Moscow,branch,consumer,220000,36,19.2,8087.0,620.0,2,60.8,17,0
3029,51601,2024-03-21,22,M,42697.0,freelance,0.0,Moscow,online,education,130000,36,15.9,4564.0,646.0,1,46.4,0,0
3030,78465,2024-05-02,52,F,141052.0,self_employed,24.8,SPb,partner,renovation,560000,36,17.2,20021.0,661.0,3,72.5,11,0
3031,3539,2024-06-13,23,M,63910.0,self_employed,4.7,Siberia,partner,consumer,280000,24,18.9,14101.0,657.0,0,43.7,0,0
3032,23669,2023-03-14,41,M,120273.0,employed,21.4,Moscow,online,renovation,780000,60,19.0,20234.0,523.0,1,81.8,4,0
3033,71968,2024-12-01,49,F,32439.0,unemployed,0.5,Moscow,partner,consumer,110000,24,21.5,5679.0,517.0,2,66.1,19,0
3034,21644,2023-01-17,21,M,67327.0,employed,0.0,South,partner,consumer,170000,12,20.2,15764.0,573.0,1,51.8,20,0
3035,19745,2024-06-14,25,M,36050.0,self_employed,6.1,Siberia,partner,consumer,100000,24,20.0,5090.0,599.0,1,41.0,36,0
3036,29228,2023-11-22,34,M,89009.0,employed,15.8,Ural,online,car,940000,48,15.5,26400.0,660.0,1,76.9,187,1
3037,35521,2024-09-23,29,F,64859.0,self_employed,10.3,SPb,branch,car,470000,48,14.1,12867.0,641.0,1,56.9,8,0
3038,98239,2024-09-04,48,F,113079.0,employed,27.9,Moscow,branch,renovation,560000,48,15.7,15785.0,715.0,1,51.2,6,0
3039,27928,2024-06-29,26,F,57111.0,employed,4.6,Moscow,partner,consumer,180000,24,16.2,8831.0,790.0,2,24.7,25,0
3040,19322,2024-08-18,34,F,64407.0,freelance,12.5,South,branch,consumer,220000,24,19.9,11186.0,599.0,1,53.7,2,0
3041,58714,2024-12-08,27,M,98368.0,employed,8.8,SPb,branch,car,630000,60,14.2,14724.0,660.0,0,58.6,10,0
3042,88896,2023-07-21,21,M,103348.0,employed,0.0,Ural,online,car,980000,36,15.7,34309.0,615.0,0,78.5,50,0
3043,63292,2023-12-10,39,F,110626.0,self_employed,17.8,SPb,online,consumer,370000,12,19.5,34186.0,638.0,1,60.2,44,0
3044,30055,2024-06-06,35,F,95216.0,self_employed,15.4,Siberia,partner,education,310000,24,16.6,15268.0,636.0,4,52.2,51,0
3045,43891,2024-02-04,48,F,142638.0,employed,27.5,Moscow,online,renovation,780000,36,18.3,28316.0,599.0,1,75.1,23,0
3046,82912,2023-08-06,67,F,86995.0,employed,44.6,SPb,branch,consumer,310000,12,16.4,28185.0,850.0,0,37.4,0,0
3047,7588,2024-03-20,53,F,48097.0,unemployed,0.0,SPb,partner,car,390000,48,17.8,11416.0,520.0,3,77.4,113,1
3048,91536,2023-08-10,24,M,75417.0,self_employed,0.0,Moscow,online,consumer,210000,24,19.5,10637.0,653.0,2,51.2,215,1
3049,7304,2024-01-18,51,M,105156.0,employed,32.6,Ural,branch,car,840000,60,13.7,19415.0,766.0,3,58.9,8,0
3050,8345,2024-08-14,34,F,72566.0,freelance,9.0,Ural,partner,car,920000,48,15.6,25885.0,654.0,1,80.8,91,1
3051,30300,2023-01-07,31,F,72226.0,employed,8.9,SPb,online,consumer,150000,12,17.1,13688.0,764.0,0,39.3,11,0
3052,25259,2023-09-29,36,F,90235.0,employed,13.0,Ural,branch,car,730000,60,15.1,17405.0,644.0,0,62.2,20,0
3053,92006,2023-01-16,29,M,68949.0,employed,10.7,Moscow,branch,car,740000,60,15.7,17878.0,631.0,4,84.0,90,1
3054,89553,2024-02-28,27,M,103418.0,employed,13.0,SPb,branch,car,760000,48,14.9,21113.0,702.0,3,68.3,11,0
3055,16352,2024-06-07,29,F,68026.0,freelance,9.9,SPb,partner,consumer,200000,12,20.6,18584.0,576.0,2,54.6,8,0
3056,34365,2023-01-21,23,F,51893.0,employed,0.9,Siberia,online,consumer,200000,48,19.8,6065.0,569.0,0,32.7,16,0
3057,20446,2024-11-20,40,F,68266.0,employed,15.5,Moscow,branch,consumer,250000,48,19.2,7501.0,547.0,0,63.2,25,0
3058,3336,2023-08-16,33,M,84492.0,freelance,14.2,Moscow,branch,car,770000,24,16.3,37812.0,616.0,0,71.0,0,0
3059,63032,2023-10-15,32,F,62000.0,employed,6.6,South,online,education,240000,48,14.7,6643.0,699.0,2,47.5,0,0
3060,76415,2023-05-14,41,F,60999.0,self_employed,20.2,SPb,branch,consumer,140000,36,20.1,5210.0,596.0,5,57.4,0,0
3061,98852,2023-10-10,33,F,70107.0,employed,13.0,Moscow,online,consumer,220000,24,18.8,11069.0,627.0,2,47.9,18,0
3062,99876,2024-02-08,53,M,94694.0,self_employed,27.6,Siberia,online,consumer,300000,60,19.6,7882.0,630.0,3,49.1,12,0
3063,8521,2024-10-26,24,M,87214.0,employed,3.8,Moscow,partner,car,1010000,48,14.5,27854.0,620.0,2,83.8,11,0
3064,72707,2023-03-07,19,F,95737.0,employed,0.0,SPb,partner,education,330000,24,17.4,16379.0,570.0,1,62.6,18,0
3065,24481,2024-10-10,20,M,74740.0,self_employed,0.0,South,branch,education,340000,24,15.7,16599.0,622.0,2,59.1,9,0
3066,19474,2024-08-26,19,M,58447.0,self_employed,0.0,South,branch,consumer,230000,36,20.2,8571.0,524.0,2,55.4,176,1
3067,47760,2024-03-12,49,M,140767.0,self_employed,30.8,Moscow,online,renovation,760000,24,18.0,37942.0,661.0,1,82.4,6,0
3068,56718,2023-09-16,28,F,69817.0,self_employed,9.4,Moscow,online,consumer,170000,36,18.6,6197.0,723.0,2,38.3,0,0
3069,45629,2023-04-13,20,M,55298.0,employed,2.0,Ural,online,renovation,260000,48,18.4,7692.0,587.0,0,54.5,24,0
3070,46232,2024-07-20,51,M,148614.0,employed,13.0,Moscow,partner,renovation,880000,36,18.8,32168.0,586.0,3,84.5,90,1
3071,87544,2023-04-11,53,F,73206.0,self_employed,31.1,Moscow,branch,consumer,180000,24,18.5,9030.0,706.0,1,31.2,14,0
3072,68169,2023-07-17,33,F,136760.0,self_employed,15.0,SPb,branch,consumer,330000,12,19.7,30522.0,654.0,1,50.7,22,0
3073,51669,2023-08-14,33,M,65838.0,self_employed,13.9,Moscow,online,consumer,160000,6,19.2,28180.0,647.0,2,39.5,38,0
3074,79021,2024-04-07,61,M,107211.0,self_employed,41.2,South,online,car,810000,36,14.0,27684.0,725.0,2,78.0,33,0
3075,70184,2023-08-25,21,F,109644.0,employed,0.0,SPb,partner,consumer,460000,36,19.5,16978.0,670.0,2,57.9,0,0
3076,48945,2023-01-26,51,M,85052.0,employed,31.8,SPb,branch,car,710000,36,15.3,24717.0,659.0,1,64.8,8,0
3077,14140,2023-05-01,34,F,69994.0,employed,11.4,Siberia,partner,car,720000,60,16.2,17586.0,579.0,4,76.8,18,0
3078,84457,2024-05-20,53,M,36552.0,unemployed,1.2,SPb,branch,consumer,170000,12,20.4,15780.0,602.0,2,53.8,13,0
3079,15357,2023-07-01,37,F,62013.0,freelance,18.7,Siberia,branch,car,460000,60,17.7,11606.0,520.0,1,63.8,26,0
3080,69673,2024-12-11,28,F,126021.0,self_employed,9.7,Moscow,branch,education,380000,24,15.8,18570.0,612.0,1,50.6,18,0
3081,66633,2024-09-25,57,F,93472.0,employed,37.3,Ural,branch,consumer,400000,24,16.6,19700.0,728.0,0,31.3,32,0
3082,77943,2024-06-26,57,M,156291.0,employed,38.8,Siberia,partner,renovation,730000,60,17.0,18142.0,712.0,0,77.2,0,0
3083,97111,2023-11-11,29,F,72697.0,freelance,8.5,SPb,branch,car,640000,48,16.9,18434.0,586.0,2,77.4,22,0
3084,79258,2024-09-09,30,M,69980.0,freelance,10.0,Moscow,online,car,510000,48,16.3,14532.0,557.0,1,63.5,0,0
3085,13924,2023-09-30,33,F,83138.0,employed,11.4,Siberia,branch,consumer,290000,24,19.4,14675.0,578.0,1,51.3,10,0
3086,70286,2023-08-20,53,M,106287.0,freelance,34.4,SPb,branch,consumer,290000,48,18.4,8579.0,787.0,0,43.9,10,0
3087,94269,2024-02-24,19,F,81138.0,employed,0.0,SPb,partner,car,570000,48,15.7,16067.0,624.0,3,82.0,22,0
3088,75071,2024-03-17,19,M,63436.0,employed,0.4,South,partner,education,220000,36,16.8,7822.0,567.0,1,59.8,8,0
3089,58326,2024-05-10,35,F,61807.0,self_employed,13.2,South,online,education,210000,36,16.1,7393.0,642.0,1,49.2,20,0
3090,91023,2023-01-24,50,M,77959.0,self_employed,30.9,Moscow,online,car,460000,48,13.9,12547.0,724.0,5,56.2,12,0
3091,31651,2023-04-19,34,M,61186.0,freelance,13.1,Ural,partner,consumer,210000,48,20.8,6480.0,548.0,1,53.1,8,0
3092,71202,2024-12-03,38,M,101826.0,employed,13.6,SPb,partner,consumer,250000,24,16.7,12325.0,753.0,1,44.0,20,0
3093,49777,2024-05-16,35,M,69154.0,employed,15.0,Moscow,online,renovation,470000,36,16.8,16710.0,685.0,0,43.8,5,0
3094,17994,2023-01-25,62,M,113218.0,employed,43.4,Moscow,online,consumer,310000,48,19.2,9302.0,652.0,1,45.3,28,0
3095,68263,2023-07-06,32,M,78648.0,employed,7.5,Ural,online,car,550000,48,14.4,15140.0,677.0,1,56.0,4,0
3096,60634,2023-10-15,36,F,70772.0,employed,16.7,SPb,online,consumer,190000,48,20.0,5782.0,610.0,3,51.9,14,0
3097,11800,2024-09-19,43,M,52694.0,employed,21.1,Siberia,online,renovation,300000,60,17.1,7472.0,582.0,1,50.6,23,0
3098,38823,2023-12-04,44,F,99819.0,employed,13.0,SPb,online,consumer,330000,36,20.0,12264.0,615.0,3,56.7,9,0
3099,64878,2023-02-06,49,M,59238.0,employed,29.9,Siberia,partner,car,490000,24,14.7,23689.0,654.0,2,67.8,7,0
3100,19708,2023-05-17,37,F,51943.0,self_employed,15.9,Siberia,branch,car,530000,48,16.5,15156.0,562.0,0,57.8,31,0
3101,13819,2024-05-22,28,M,97187.0,self_employed,9.5,Ural,branch,consumer,360000,24,19.9,18305.0,594.0,5,60.2,7,0
3102,75905,2023-08-15,30,F,56057.0,self_employed,5.9,SPb,branch,consumer,220000,24,18.8,11069.0,674.0,0,41.2,24,0
3103,64870,2023-11-16,31,F,51018.0,employed,11.5,South,online,renovation,350000,36,16.9,12461.0,702.0,0,36.2,5,0
3104,10283,2023-07-01,30,M,77093.0,employed,11.9,SPb,online,car,510000,60,14.6,12026.0,649.0,1,71.0,172,1
3105,31573,2023-03-27,35,F,89572.0,employed,15.9,Ural,branch,car,1050000,60,15.9,25478.0,580.0,1,84.6,122,1
3106,79707,2024-04-11,33,M,133970.0,employed,10.4,Ural,online,education,450000,48,17.2,13031.0,503.0,0,61.0,157,1
3107,31933,2023-02-22,36,F,73146.0,employed,12.1,SPb,online,consumer,290000,36,19.7,10733.0,578.0,1,42.4,2,0
3108,6774,2023-08-23,19,M,49126.0,employed,0.0,Moscow,branch,renovation,260000,60,17.5,6532.0,650.0,4,56.9,15,0
3109,73055,2024-03-08,33,M,45063.0,self_employed,14.0,SPb,branch,car,350000,60,16.2,8549.0,540.0,2,61.3,0,0
3110,11983,2024-05-10,37,M,39767.0,unemployed,0.8,Moscow,partner,car,350000,36,17.1,12496.0,572.0,0,57.7,4,0
3111,97468,2023-04-10,38,F,78083.0,employed,13.0,South,online,consumer,320000,6,19.6,56423.0,588.0,3,56.3,6,0
3112,97334,2024-08-21,21,M,49683.0,freelance,1.9,Ural,online,education,130000,24,17.3,6446.0,562.0,0,53.4,2,0
3113,19133,2024-02-07,46,F,101226.0,employed,26.5,Moscow,partner,consumer,310000,60,17.9,7855.0,735.0,1,37.2,21,0
3114,15939,2024-01-31,46,M,84996.0,self_employed,25.7,Ural,branch,car,750000,48,16.1,21294.0,593.0,1,82.2,34,0
3115,1781,2024-06-10,39,M,44003.0,self_employed,14.5,South,online,renovation,330000,12,19.0,30412.0,511.0,2,63.4,15,0
3116,57700,2024-02-19,43,F,26684.0,unemployed,0.4,South,online,car,350000,24,18.4,17541.0,448.0,2,83.1,187,1
3117,28624,2024-09-04,35,F,109664.0,employed,16.3,Moscow,branch,consumer,350000,60,17.5,8793.0,711.0,2,47.2,31,0
3118,7823,2024-11-07,34,F,55032.0,employed,15.7,Siberia,partner,education,160000,24,15.1,7765.0,674.0,2,49.6,41,0
3119,19489,2024-04-07,29,F,51644.0,employed,10.7,South,branch,consumer,160000,36,18.5,5825.0,590.0,2,46.5,0,0
3120,40961,2024-06-24,30,F,87449.0,employed,3.0,SPb,branch,consumer,300000,24,18.0,14977.0,672.0,0,34.9,21,0
3121,30118,2024-09-17,58,F,34263.0,unemployed,0.7,South,branch,consumer,190000,12,23.4,17911.0,335.0,5,83.3,175,1
3122,82816,2024-09-10,46,M,63710.0,freelance,23.6,South,partner,car,580000,60,17.3,14508.0,483.0,1,80.9,43,0
3123,23263,2023-12-30,35,M,124083.0,self_employed,14.9,Ural,online,education,410000,36,16.6,14536.0,642.0,2,56.1,0,0
3124,14565,2023-05-10,29,M,43367.0,employed,7.7,Siberia,online,education,120000,48,14.0,3279.0,796.0,2,29.6,3,0
3125,21354,2023-03-25,50,M,98248.0,freelance,31.6,Moscow,branch,car,660000,36,16.5,23367.0,617.0,3,70.8,17,0
3126,43951,2023-09-28,35,M,65194.0,employed,14.1,South,branch,renovation,520000,36,18.5,18930.0,647.0,2,68.5,53,0
3127,92179,2023-09-01,60,F,81491.0,employed,37.0,Ural,partner,renovation,400000,48,16.6,11459.0,754.0,0,32.3,8,0
3128,24648,2024-01-23,22,M,57336.0,freelance,3.8,Ural,online,car,620000,12,15.6,56136.0,647.0,3,74.5,98,1
3129,51729,2023-08-02,19,F,91241.0,employed,0.0,Siberia,branch,renovation,680000,24,19.6,34476.0,565.0,0,67.6,27,0
3130,42971,2023-06-15,44,F,72999.0,employed,25.6,South,online,consumer,200000,36,18.9,7321.0,650.0,1,35.6,0,0
3131,19658,2023-02-28,35,M,83356.0,employed,16.1,Siberia,online,consumer,240000,36,19.1,8810.0,617.0,0,38.6,19,0
3132,22253,2024-08-24,41,M,91701.0,self_employed,18.6,Moscow,branch,consumer,370000,12,19.1,34116.0,647.0,0,42.8,23,0
3133,65166,2024-05-18,24,M,63369.0,self_employed,4.8,Ural,online,consumer,190000,24,19.1,9587.0,623.0,0,44.3,25,0
3134,49563,2024-12-06,32,F,60366.0,employed,10.5,Siberia,branch,education,140000,12,14.3,12590.0,676.0,3,35.2,21,0
3135,27390,2023-05-03,55,F,73973.0,self_employed,32.5,Ural,partner,renovation,440000,24,17.7,21903.0,636.0,1,52.2,0,0
3136,89664,2024-10-09,22,M,57994.0,freelance,0.0,South,online,consumer,180000,36,20.0,6689.0,537.0,1,52.6,27,0
3137,52578,2024-02-17,34,F,23023.0,unemployed,0.2,South,partner,consumer,80000,36,21.7,3043.0,567.0,2,59.8,222,1
3138,80025,2023-05-19,34,M,73381.0,self_employed,13.3,Ural,online,education,210000,36,17.2,7508.0,588.0,3,51.3,18,0
3139,33658,2023-08-17,19,F,87199.0,freelance,0.0,SPb,online,renovation,470000,36,20.1,17491.0,512.0,3,82.5,154,1
3140,7852,2023-10-01,35,F,48639.0,freelance,16.5,Moscow,partner,consumer,150000,36,19.5,5536.0,685.0,2,51.1,20,0
3141,95986,2024-03-14,62,M,79587.0,employed,41.9,Ural,online,consumer,310000,12,17.9,28406.0,748.0,2,40.4,9,0
3142,3551,2024-07-15,21,M,89124.0,employed,2.7,Moscow,online,consumer,280000,12,19.6,25884.0,609.0,2,53.2,14,0
3143,72947,2023-04-28,26,M,55270.0,employed,0.8,Ural,online,car,630000,48,16.6,18049.0,543.0,3,83.2,277,1
3144,62001,2024-12-14,66,M,117320.0,employed,45.0,Siberia,online,renovation,650000,36,17.4,23304.0,666.0,1,58.0,0,0
3145,50159,2024-04-27,43,F,75385.0,employed,18.8,SPb,partner,consumer,300000,24,18.4,15035.0,674.0,0,50.6,21,0
3146,52707,2024-01-30,26,M,99166.0,employed,4.3,Moscow,online,consumer,360000,12,18.7,33125.0,661.0,0,43.6,0,0
3147,34243,2024-12-03,27,F,106561.0,employed,3.2,South,partner,consumer,340000,60,20.0,9008.0,574.0,2,51.2,0,0
3148,22800,2024-04-04,27,M,69909.0,employed,2.5,Ural,partner,car,530000,36,14.9,18347.0,644.0,0,55.2,0,0
3149,76939,2024-11-23,32,F,98900.0,employed,13.8,SPb,online,education,200000,36,14.9,6923.0,629.0,0,35.7,18,0
3150,58828,2023-03-19,30,F,70000.0,self_employed,8.1,Ural,partner,renovation,430000,24,19.3,21738.0,564.0,4,67.5,0,0
3151,8239,2024-02-16,24,F,53879.0,freelance,5.2,Ural,online,car,450000,48,16.4,12846.0,580.0,1,60.2,90,1
3152,7710,2023-03-16,57,M,113325.0,employed,25.4,Moscow,partner,renovation,500000,36,16.3,17653.0,759.0,3,59.8,16,0
3153,22384,2023-10-22,43,M,77258.0,employed,20.5,Ural,branch,consumer,310000,36,19.9,11505.0,559.0,2,43.6,29,0
3154,22038,2023-01-21,39,F,126424.0,employed,21.0,Moscow,branch,consumer,430000,48,17.7,12564.0,712.0,1,43.1,2,0
3155,41846,2023-06-20,37,M,71605.0,employed,11.1,Siberia,online,consumer,230000,6,20.1,40612.0,578.0,0,42.7,15,0
3156,88983,2023-01-15,19,M,56078.0,employed,0.0,South,branch,consumer,150000,12,20.1,13902.0,557.0,3,46.6,173,1
3157,68821,2023-07-30,42,M,70119.0,freelance,22.4,Moscow,online,education,190000,24,18.2,9504.0,564.0,3,79.6,196,1
3158,38991,2024-07-13,51,F,69700.0,employed,30.2,South,branch,education,170000,24,14.5,8202.0,608.0,0,32.6,10,0
3159,80057,2023-03-27,52,F,78250.0,freelance,26.6,South,partner,consumer,220000,48,20.3,6730.0,589.0,2,46.5,183,1
3160,7971,2023-05-29,43,F,71061.0,self_employed,17.1,SPb,online,car,410000,60,15.0,9754.0,697.0,2,64.4,14,0
3161,30139,2024-11-30,32,M,113509.0,employed,11.5,Moscow,branch,consumer,350000,6,20.1,61800.0,527.0,4,59.5,24,0
3162,86445,2024-01-07,66,M,94712.0,employed,45.0,Ural,online,car,950000,60,14.2,22203.0,750.0,2,84.7,1,0
3163,78067,2024-04-24,38,F,114670.0,employed,19.0,SPb,partner,consumer,410000,36,18.8,14988.0,709.0,1,66.6,10,0
3164,81257,2023-05-31,22,M,67857.0,employed,2.6,Moscow,partner,consumer,240000,12,19.8,22209.0,615.0,2,44.5,0,0
3165,85742,2023-05-21,54,M,152452.0,employed,35.4,Moscow,online,renovation,950000,12,16.8,86554.0,728.0,1,80.9,177,1
3166,38711,2023-03-10,23,F,25960.0,unemployed,0.4,Moscow,branch,education,80000,12,17.8,7327.0,568.0,1,55.3,34,0
3167,7530,2023-09-17,33,M,68517.0,freelance,12.7,Moscow,partner,consumer,250000,36,20.3,9329.0,625.0,2,52.7,0,0
3168,12116,2024-06-04,22,M,18000.0,unemployed,0.2,Siberia,partner,consumer,60000,60,22.7,1681.0,435.0,4,70.4,167,1
3169,66794,2024-09-24,57,M,90722.0,employed,38.7,Siberia,branch,consumer,300000,24,18.8,15093.0,642.0,3,58.5,10,0
3170,1282,2024-01-06,36,M,93448.0,employed,16.5,SPb,branch,renovation,660000,48,19.1,19769.0,565.0,2,74.7,32,0
3171,80473,2024-02-23,47,M,94778.0,employed,28.2,Ural,online,consumer,240000,36,20.2,8944.0,592.0,0,51.7,0,0
3172,2898,2023-04-11,43,F,76222.0,employed,22.7,South,online,car,640000,36,12.8,21503.0,816.0,0,40.7,0,0
3173,5135,2024-10-22,28,M,48485.0,employed,8.1,South,online,renovation,180000,48,16.5,5147.0,624.0,2,44.8,17,0
3174,7629,2024-10-19,38,M,86343.0,self_employed,18.2,Siberia,branch,consumer,370000,12,18.3,33974.0,683.0,0,41.0,16,0
3175,86120,2023-08-31,39,F,88803.0,employed,19.9,SPb,branch,consumer,360000,36,19.3,13251.0,654.0,2,53.1,5,0
3176,90087,2024-05-26,33,F,54384.0,unemployed,0.4,SPb,online,education,140000,24,18.2,7003.0,524.0,1,57.9,132,1
3177,66031,2024-07-08,45,M,20483.0,unemployed,0.7,South,branch,renovation,180000,48,19.9,5468.0,495.0,0,61.0,143,1
3178,34380,2023-04-05,34,F,57742.0,employed,15.3,South,branch,car,580000,36,13.5,19682.0,737.0,0,47.4,0,0
3179,18071,2023-08-14,67,F,60339.0,freelance,45.0,Siberia,online,consumer,180000,12,18.8,16571.0,730.0,0,29.1,0,0
3180,21074,2024-06-01,48,M,84722.0,employed,27.3,Siberia,branch,education,310000,36,14.9,10731.0,664.0,2,47.0,15,0
3181,91724,2023-08-02,40,M,103594.0,employed,21.9,Ural,online,consumer,440000,36,16.9,15665.0,806.0,1,36.3,37,0
3182,68843,2024-12-18,60,M,76297.0,freelance,41.3,SPb,online,consumer,230000,36,19.2,8454.0,644.0,0,41.1,16,0
3183,40901,2023-03-08,43,F,211371.0,employed,24.2,Moscow,branch,car,1500000,48,15.0,41746.0,679.0,0,84.5,162,1
3184,12205,2024-01-31,25,M,56043.0,freelance,6.1,Moscow,online,education,190000,36,16.8,6755.0,591.0,2,61.0,15,0
3185,56661,2024-09-03,28,M,78827.0,self_employed,9.2,Siberia,online,education,200000,36,16.7,7101.0,568.0,3,53.3,0,0
3186,6906,2023-01-12,34,F,76609.0,freelance,15.0,Siberia,branch,car,690000,60,16.0,16779.0,637.0,2,66.9,0,0
3187,3591,2023-08-25,57,M,69742.0,unemployed,0.2,SPb,online,education,150000,24,16.8,7402.0,645.0,1,44.2,10,0
3188,63987,2024-02-03,29,F,82031.0,employed,4.5,Moscow,branch,car,620000,36,15.1,21523.0,687.0,1,58.2,8,0
3189,64370,2024-02-11,20,F,36039.0,employed,0.8,South,branch,consumer,90000,36,19.4,3317.0,622.0,1,46.9,3,0
3190,81685,2024-04-24,23,M,77008.0,employed,3.7,SPb,branch,consumer,230000,24,18.6,11549.0,610.0,3,48.8,38,0
3191,55400,2024-10-08,29,F,56212.0,employed,10.1,South,online,consumer,140000,12,20.2,12982.0,510.0,0,43.0,129,1
3192,26150,2023-08-10,20,M,53031.0,employed,0.0,Ural,online,renovation,290000,36,17.3,10383.0,679.0,1,37.0,0,0
3193,32852,2023-06-05,41,M,79991.0,freelance,20.7,Moscow,branch,consumer,270000,36,21.0,10172.0,665.0,1,78.6,1,0
3194,43870,2024-10-15,22,M,49686.0,employed,1.2,SPb,partner,consumer,160000,36,17.6,5752.0,661.0,2,42.5,0,0
3195,53756,2024-03-03,63,F,30997.0,unemployed,1.2,Ural,branch,car,430000,48,19.0,12857.0,455.0,2,84.2,136,1
3196,57481,2023-06-07,39,F,68540.0,self_employed,19.8,Ural,branch,consumer,210000,24,20.8,10770.0,605.0,1,65.4,3,0
3197,2283,2024-02-20,46,M,89491.0,employed,17.6,Moscow,branch,car,810000,36,14.9,28039.0,623.0,5,84.2,5,0
3198,34691,2023-11-22,46,M,71132.0,employed,27.5,Moscow,branch,consumer,260000,48,20.7,8009.0,584.0,1,54.7,2,0
3199,2125,2024-01-06,45,M,110232.0,employed,25.2,Moscow,partner,car,1060000,36,15.1,36797.0,670.0,0,83.9,31,0
3200,68065,2023-12-10,21,F,77243.0,employed,2.5,Siberia,online,education,300000,36,16.0,10547.0,656.0,2,55.8,25,0
3201,27170,2023-09-19,57,F,113623.0,employed,34.3,Moscow,partner,renovation,660000,36,17.2,23597.0,684.0,0,63.7,10,0
3202,9438,2023-10-10,49,F,130723.0,employed,30.7,Siberia,online,consumer,430000,12,18.5,39525.0,706.0,5,70.6,8,0
3203,21095,2023-08-17,34,F,76465.0,self_employed,13.6,South,online,car,580000,24,17.4,28788.0,594.0,3,71.2,45,0
3204,17154,2023-10-07,26,F,86027.0,employed,7.7,SPb,partner,consumer,270000,48,20.2,8245.0,596.0,2,61.0,20,0
3205,9004,2023-10-17,47,M,65670.0,freelance,27.2,Moscow,branch,consumer,250000,36,20.7,9380.0,592.0,2,56.3,21,0
3206,10752,2024-11-10,67,M,111509.0,freelance,45.0,Moscow,branch,car,800000,60,13.2,18284.0,735.0,2,71.5,14,0
3207,56426,2023-02-16,19,F,44701.0,employed,0.0,SPb,branch,car,350000,48,13.6,9494.0,693.0,2,38.5,21,0
3208,27819,2024-12-15,37,M,69188.0,employed,18.8,Moscow,branch,consumer,240000,48,18.4,7100.0,646.0,1,36.3,0,0
3209,93051,2023-08-02,37,M,67106.0,self_employed,15.9,Moscow,online,consumer,240000,12,18.1,22015.0,764.0,1,38.9,17,0
3210,25217,2023-01-24,29,F,21550.0,unemployed,0.3,Ural,branch,consumer,50000,60,20.7,1344.0,575.0,1,39.8,24,0
3211,89708,2023-11-17,37,F,112355.0,employed,12.4,Moscow,partner,consumer,440000,36,21.1,16600.0,553.0,2,59.3,0,0
3212,33994,2023-10-01,38,M,91819.0,employed,13.7,Moscow,branch,consumer,310000,48,20.3,9483.0,574.0,0,50.7,0,0
3213,16036,2024-07-09,20,F,61512.0,employed,0.0,South,online,renovation,370000,36,17.6,13302.0,535.0,1,51.4,0,0
3214,78275,2023-11-09,24,F,48155.0,employed,5.1,Ural,partner,consumer,150000,36,18.2,5438.0,711.0,0,41.4,16,0
3215,98756,2023-12-29,53,M,69278.0,employed,34.0,South,online,consumer,200000,12,18.9,18422.0,657.0,4,46.5,5,0
3216,50416,2024-10-29,66,M,144167.0,employed,45.0,Moscow,partner,consumer,420000,12,18.5,38606.0,694.0,2,49.3,11,0
3217,10587,2024-01-15,50,M,62831.0,self_employed,29.7,Moscow,branch,renovation,270000,36,17.4,9680.0,636.0,1,52.0,4,0
3218,96665,2024-12-11,19,M,50693.0,employed,0.0,Siberia,online,car,360000,36,14.4,12374.0,593.0,0,46.7,0,0
3219,1645,2024-11-04,49,F,109170.0,employed,27.0,SPb,partner,consumer,480000,36,17.2,17161.0,703.0,0,34.0,14,0
3220,31930,2024-04-14,64,M,128505.0,employed,45.0,South,online,car,980000,36,14.0,33494.0,736.0,2,82.5,8,0
3221,82835,2024-11-05,45,M,48970.0,freelance,26.9,Siberia,online,renovation,430000,36,17.0,15331.0,668.0,1,64.1,21,0
3222,31090,2023-04-26,31,M,89439.0,employed,9.2,Ural,branch,consumer,320000,24,18.9,16115.0,665.0,0,30.9,11,0
3223,88489,2024-08-27,33,M,37370.0,unemployed,0.2,SPb,branch,car,350000,60,18.1,8907.0,452.0,2,80.1,214,1
3224,53142,2023-02-11,32,M,92727.0,employed,9.5,Siberia,partner,consumer,270000,48,20.2,8245.0,619.0,0,52.2,13,0
3225,27475,2024-01-14,27,F,74332.0,employed,8.6,Siberia,online,education,250000,24,14.8,12098.0,656.0,1,32.6,18,0
3226,19888,2024-12-22,34,M,105196.0,employed,7.8,Moscow,online,consumer,510000,12,18.4,46854.0,653.0,1,54.8,0,0
3227,44732,2023-07-25,23,F,58056.0,self_employed,2.8,Ural,partner,consumer,210000,24,19.9,10678.0,620.0,3,58.7,178,1
3228,82623,2024-04-10,43,F,80488.0,employed,20.9,Ural,partner,car,540000,48,15.3,15111.0,596.0,5,77.9,27,0
3229,47305,2023-10-07,61,M,55436.0,self_employed,42.3,South,partner,car,470000,60,15.5,11305.0,680.0,0,71.2,0,0
3230,47037,2024-10-09,42,F,79475.0,freelance,21.6,South,online,consumer,360000,60,17.7,9083.0,796.0,2,53.1,0,0
3231,10346,2024-09-09,51,F,93491.0,self_employed,31.8,Moscow,branch,education,320000,60,15.3,7663.0,676.0,3,51.0,0,0
3232,1587,2023-04-28,22,M,57539.0,employed,0.0,South,online,consumer,170000,24,20.1,8661.0,556.0,1,55.1,0,0
3233,13763,2023-08-25,43,M,53665.0,freelance,23.1,South,branch,education,220000,36,17.4,7887.0,571.0,1,61.1,158,1
3234,60165,2023-11-05,27,F,99471.0,employed,4.8,Moscow,partner,renovation,950000,60,19.3,24801.0,544.0,0,82.6,31,0
3235,70615,2024-03-31,47,F,131850.0,employed,26.2,Ural,branch,education,260000,36,15.8,9115.0,689.0,2,38.4,2,0
3236,37116,2024-04-19,31,M,79115.0,employed,12.7,SPb,branch,consumer,300000,12,19.2,27676.0,637.0,0,42.1,178,1
3237,86751,2023-04-10,22,M,54378.0,self_employed,1.7,SPb,branch,consumer,240000,48,19.3,7214.0,634.0,0,44.2,20,0
3238,92353,2023-09-18,53,M,68307.0,employed,32.7,Siberia,branch,consumer,290000,36,18.5,10557.0,675.0,0,39.9,0,0
3239,91301,2023-11-01,22,M,93802.0,employed,0.2,Moscow,online,consumer,290000,24,20.2,14788.0,621.0,4,49.0,0,0
3240,96648,2023-12-20,35,F,66541.0,employed,15.8,Siberia,branch,consumer,300000,24,18.2,15006.0,708.0,3,37.9,0,0
3241,26556,2023-10-13,33,M,57411.0,employed,9.1,Moscow,branch,consumer,160000,24,19.5,8104.0,642.0,4,44.8,5,0
3242,60042,2023-11-24,21,M,76966.0,employed,0.1,Ural,online,consumer,180000,12,18.9,16580.0,685.0,4,41.8,6,0
3243,19099,2023-04-13,38,M,90377.0,employed,19.9,Moscow,partner,consumer,330000,48,19.5,9954.0,653.0,2,51.4,0,0
3244,46096,2023-03-04,23,M,64551.0,employed,1.3,Ural,branch,education,180000,36,16.9,6409.0,566.0,2,51.8,11,0
3245,72986,2024-11-17,38,M,93180.0,employed,12.9,Ural,branch,car,720000,36,14.5,24783.0,620.0,3,67.7,12,0
3246,14230,2023-10-09,35,M,52899.0,freelance,13.6,South,online,consumer,210000,24,21.5,10843.0,539.0,4,80.0,148,1
3247,30009,2024-03-16,36,M,85615.0,employed,16.6,South,partner,renovation,530000,48,16.4,15129.0,704.0,2,55.9,0,0
3248,71969,2023-10-20,38,F,99753.0,employed,17.3,SPb,branch,car,970000,48,14.7,26849.0,684.0,0,64.9,4,0
3249,34866,2023-01-07,37,F,84773.0,employed,18.4,Ural,branch,consumer,330000,24,19.1,16651.0,598.0,0,57.0,274,1
3250,85246,2024-09-30,23,M,63337.0,freelance,2.2,SPb,partner,consumer,230000,60,21.1,6235.0,538.0,2,67.0,0,0
3251,77975,2023-04-02,44,M,86766.0,employed,23.9,Siberia,online,education,250000,24,15.5,12181.0,683.0,0,47.3,33,0
3252,42855,2023-07-09,22,M,76230.0,employed,3.9,SPb,partner,car,770000,48,15.6,21665.0,615.0,2,70.4,7,0
3253,82557,2024-04-20,29,M,98558.0,employed,9.8,Moscow,online,consumer,310000,24,18.1,15491.0,679.0,4,59.1,25,0
3254,7416,2024-05-25,21,M,32805.0,unemployed,0.2,Ural,online,consumer,120000,36,23.4,4670.0,412.0,0,61.1,227,1
3255,73516,2024-04-06,43,M,75767.0,self_employed,23.5,Moscow,online,renovation,590000,48,17.9,17300.0,624.0,0,65.8,0,0
3256,56915,2023-02-22,35,F,74730.0,employed,16.2,Moscow,branch,consumer,210000,36,19.0,7698.0,656.0,4,41.2,15,0
3257,19058,2024-04-30,31,M,80606.0,employed,7.6,South,online,consumer,260000,24,18.0,12980.0,643.0,1,38.7,10,0
3258,77637,2024-10-05,34,M,147595.0,employed,12.4,Moscow,branch,consumer,450000,24,17.2,22292.0,695.0,1,52.7,10,0
3259,41718,2024-05-04,32,F,68244.0,employed,10.0,Ural,online,consumer,250000,36,19.1,9177.0,621.0,0,40.6,8,0
3260,33602,2023-12-30,38,F,81814.0,freelance,18.7,Siberia,partner,car,740000,36,17.6,26605.0,602.0,3,84.0,11,0
3261,75658,2023-04-22,61,M,82648.0,employed,43.0,South,branch,consumer,260000,12,18.1,23849.0,770.0,1,48.0,4,0
3262,79112,2024-02-13,66,M,87469.0,self_employed,45.0,Ural,branch,renovation,530000,36,18.7,19347.0,594.0,2,69.0,229,1
3263,59067,2023-01-07,67,M,104799.0,employed,44.8,Moscow,online,education,340000,24,14.9,16469.0,700.0,1,51.1,25,0
3264,28516,2024-10-29,35,M,72142.0,self_employed,14.2,South,online,renovation,290000,36,17.3,10383.0,599.0,1,43.1,9,0
3265,88969,2023-07-16,27,M,73141.0,employed,6.7,Siberia,branch,consumer,290000,12,21.2,27031.0,494.0,2,57.6,7,0
3266,2089,2024-01-02,30,M,63461.0,employed,11.0,SPb,partner,consumer,200000,24,18.9,10072.0,635.0,1,28.4,15,0
3267,38346,2023-09-07,25,M,142571.0,self_employed,6.8,Moscow,partner,car,1430000,36,17.8,51555.0,557.0,1,84.8,133,1
3268,75663,2024-08-17,53,F,93346.0,employed,30.4,Moscow,partner,consumer,320000,36,17.6,11505.0,723.0,1,50.6,9,0
3269,11487,2023-08-28,42,F,114537.0,self_employed,23.9,Moscow,branch,education,260000,24,16.4,12780.0,693.0,2,62.2,0,0
3270,1155,2024-01-15,28,M,56761.0,freelance,9.8,Siberia,branch,education,170000,24,17.4,8438.0,567.0,1,49.6,11,0
3271,68494,2024-04-15,56,M,106344.0,employed,37.0,Moscow,online,education,380000,60,14.5,8941.0,692.0,1,52.0,0,0
3272,77229,2024-12-01,31,M,83232.0,freelance,10.4,Moscow,branch,car,800000,24,15.6,39018.0,617.0,1,83.4,226,1
3273,39547,2024-03-30,24,M,80901.0,employed,0.0,Moscow,branch,car,540000,48,13.8,14702.0,666.0,1,55.3,207,1
3274,29795,2024-01-01,30,M,83402.0,employed,11.7,SPb,online,renovation,480000,60,15.5,11546.0,717.0,0,35.0,22,0
3275,56296,2023-10-17,22,F,51394.0,self_employed,2.1,Moscow,partner,consumer,110000,48,18.5,3260.0,743.0,1,30.1,22,0
3276,22447,2024-02-07,48,F,76898.0,self_employed,27.2,South,online,renovation,480000,36,16.1,16899.0,729.0,3,52.3,0,0
3277,37598,2023-02-27,51,F,114052.0,employed,27.8,Moscow,branch,consumer,300000,12,19.0,27647.0,634.0,1,46.3,14,0
3278,42814,2024-06-04,25,F,47936.0,freelance,3.5,South,online,renovation,300000,48,18.2,8844.0,649.0,3,56.1,6,0
3279,91751,2023-10-31,43,F,26059.0,unemployed,0.1,South,online,renovation,180000,60,18.9,4659.0,578.0,1,55.8,18,0
3280,76330,2023-04-25,23,F,108147.0,employed,2.8,Siberia,branch,consumer,470000,12,19.3,43381.0,714.0,3,59.1,0,0
3281,99745,2023-07-29,34,F,60904.0,freelance,14.3,Moscow,online,car,470000,36,15.1,16316.0,692.0,1,55.6,4,0
3282,88960,2023-02-10,25,M,129433.0,self_employed,4.1,Moscow,online,education,410000,24,15.9,20055.0,670.0,1,54.7,5,0
3283,64278,2023-06-22,21,M,18000.0,unemployed,0.1,Moscow,branch,education,80000,48,16.9,2304.0,607.0,0,46.3,10,0
3284,56077,2023-08-22,22,F,88213.0,employed,1.6,Ural,online,renovation,730000,60,20.6,19585.0,514.0,1,83.6,130,1
3285,72906,2024-08-12,26,F,67732.0,freelance,5.2,Moscow,branch,education,160000,24,17.6,7957.0,552.0,0,55.1,0,0
3286,10528,2024-09-11,23,M,78541.0,employed,3.8,Moscow,partner,education,270000,36,16.1,9506.0,610.0,2,54.2,17,0
3287,94812,2024-02-07,27,M,71187.0,freelance,6.3,Moscow,online,education,180000,36,17.6,6471.0,577.0,5,62.6,184,1
3288,51100,2023-02-08,31,M,85553.0,self_employed,10.0,SPb,online,consumer,200000,24,18.3,10014.0,640.0,1,41.3,1,0
3289,9179,2023-04-29,23,F,58802.0,employed,0.8,Moscow,branch,consumer,220000,12,20.5,20432.0,558.0,1,49.9,35,0
3290,49781,2023-12-01,29,M,74541.0,employed,8.5,Moscow,partner,car,600000,60,15.5,14432.0,619.0,2,65.8,132,1
3291,56267,2023-12-02,30,F,76995.0,freelance,11.3,Moscow,partner,consumer,320000,36,19.7,11843.0,598.0,1,60.2,187,1
3292,83379,2024-06-22,45,F,66430.0,self_employed,24.4,Siberia,online,car,500000,36,13.2,16895.0,682.0,0,54.9,7,0
3293,24952,2024-09-07,34,F,107493.0,employed,14.9,Moscow,partner,car,740000,60,13.2,16913.0,746.0,1,61.9,6,0
3294,54798,2023-03-15,31,M,58474.0,employed,12.7,Siberia,online,renovation,550000,60,19.0,14267.0,547.0,3,81.1,0,0
3295,99696,2023-07-10,67,M,85939.0,freelance,43.8,Ural,partner,consumer,240000,12,19.3,22152.0,706.0,0,42.0,1,0
3296,51939,2023-11-20,64,M,96856.0,employed,45.0,Siberia,branch,car,690000,36,14.2,23650.0,702.0,1,57.2,20,0
3297,30516,2023-05-27,47,M,139085.0,employed,26.0,SPb,branch,education,340000,48,16.9,9793.0,582.0,5,65.6,3,0
3298,57526,2023-10-11,41,M,21785.0,unemployed,1.1,South,online,consumer,80000,24,22.6,4174.0,535.0,1,65.3,151,1
3299,11449,2023-08-01,24,F,94872.0,employed,5.7,Moscow,branch,car,880000,24,16.3,43214.0,594.0,3,77.0,157,1
3300,51290,2024-09-26,27,M,104535.0,employed,8.3,Siberia,partner,renovation,740000,36,17.1,26420.0,682.0,3,76.7,24,0
3301,87661,2024-12-18,33,F,72456.0,employed,10.7,Moscow,partner,consumer,280000,36,19.2,10292.0,609.0,2,58.1,15,0
3302,73954,2024-01-29,41,F,67139.0,freelance,22.7,South,online,consumer,250000,6,20.8,44231.0,601.0,1,49.6,12,0
3303,23746,2023-12-05,49,M,120305.0,employed,25.6,Moscow,branch,car,910000,48,14.0,24867.0,764.0,4,72.8,0,0
3304,68990,2023-01-22,27,F,65083.0,self_employed,9.0,SPb,online,consumer,220000,24,20.5,11251.0,594.0,4,57.3,0,0
3305,59810,2023-04-15,62,F,87038.0,freelance,37.4,SPb,branch,consumer,330000,6,18.9,58071.0,710.0,2,46.9,3,0
3306,84297,2024-04-10,35,M,97763.0,employed,16.8,Ural,partner,education,230000,24,14.5,11097.0,698.0,2,32.5,17,0
3307,16223,2024-04-03,19,M,48603.0,freelance,0.0,SPb,online,consumer,170000,24,21.2,8752.0,560.0,3,54.4,0,0
3308,73237,2024-03-07,44,M,78093.0,employed,20.0,Ural,branch,education,160000,36,15.1,5554.0,659.0,0,33.2,29,0
3309,3597,2024-12-16,29,M,76777.0,self_employed,8.7,South,online,consumer,260000,24,21.2,13386.0,458.0,2,76.8,136,1
3310,66677,2024-09-10,35,F,137135.0,employed,12.5,Moscow,branch,consumer,480000,24,18.2,24010.0,660.0,3,58.8,0,0
3311,3659,2023-08-09,49,M,92857.0,self_employed,30.8,Moscow,branch,car,660000,60,15.7,15945.0,630.0,3,70.6,21,0
3312,87516,2024-01-14,47,F,47382.0,employed,28.6,Siberia,branch,consumer,180000,6,18.1,31604.0,698.0,5,51.7,7,0
3313,75567,2023-08-10,33,M,65467.0,employed,13.6,Moscow,partner,consumer,190000,24,18.7,9550.0,679.0,2,53.6,41,0
3314,16037,2023-09-15,33,M,36102.0,unemployed,0.1,South,online,renovation,180000,36,19.7,6662.0,600.0,0,68.3,14,0
3315,47738,2024-12-13,42,F,57026.0,employed,17.9,Ural,branch,renovation,340000,60,16.7,8395.0,631.0,2,49.6,0,0
3316,72678,2024-01-02,46,F,50661.0,freelance,25.7,Moscow,branch,consumer,140000,48,19.9,4253.0,631.0,5,65.1,0,0
3317,13109,2023-12-15,31,M,109910.0,employed,9.7,Moscow,online,consumer,330000,36,20.2,12298.0,597.0,2,54.5,37,0
3318,23010,2023-08-13,25,M,51278.0,employed,3.6,Siberia,online,car,350000,12,16.0,31756.0,555.0,1,68.4,0,0
3319,9787,2024-12-14,53,F,81463.0,freelance,28.7,South,branch,renovation,700000,60,18.7,18043.0,554.0,1,79.7,0,0
3320,9472,2023-08-24,31,F,174638.0,employed,8.5,Moscow,online,consumer,550000,24,18.2,27511.0,738.0,1,50.1,20,0
3321,24383,2023-07-02,34,M,96326.0,freelance,13.9,Moscow,branch,car,830000,24,17.3,41157.0,570.0,2,84.3,10,0
3322,62709,2024-12-12,36,M,85181.0,employed,17.9,South,partner,consumer,360000,36,17.1,12853.0,759.0,0,41.5,6,0
3323,70785,2024-03-19,27,M,55750.0,employed,8.3,Ural,branch,consumer,160000,24,19.0,8065.0,612.0,2,40.4,27,0
3324,35518,2024-09-14,37,M,123693.0,self_employed,11.0,Moscow,partner,consumer,370000,48,19.6,11181.0,558.0,2,56.9,13,0
3325,54909,2023-01-06,31,F,139200.0,employed,8.3,SPb,online,consumer,480000,36,19.2,17643.0,670.0,1,53.3,0,0
3326,19351,2023-08-24,47,F,104752.0,employed,13.0,South,partner,consumer,330000,36,18.9,12080.0,703.0,1,57.8,9,0
3327,70624,2023-05-07,33,F,66484.0,self_employed,4.0,Ural,online,renovation,460000,48,18.6,13657.0,592.0,3,62.7,26,0
3328,54330,2023-04-14,19,M,79452.0,employed,0.0,SPb,partner,consumer,180000,12,19.1,16597.0,667.0,2,34.0,0,0
3329,16282,2024-04-24,30,F,117644.0,employed,11.8,Moscow,branch,car,810000,60,14.5,19058.0,653.0,2,70.6,11,0
3330,85866,2023-06-04,25,M,42919.0,freelance,2.0,Siberia,branch,car,350000,60,13.9,8126.0,706.0,2,45.3,0,0
3331,22778,2023-09-14,33,F,82299.0,freelance,10.4,Moscow,online,renovation,490000,48,19.9,14885.0,533.0,0,64.1,0,0
3332,25264,2023-08-23,30,M,80988.0,employed,11.3,Ural,branch,consumer,280000,24,19.8,14223.0,640.0,0,60.7,172,1
3333,60675,2024-05-14,58,M,176698.0,employed,36.7,Ural,partner,education,440000,36,14.2,15081.0,751.0,1,48.3,1,0
3334,6075,2023-10-16,30,F,41915.0,self_employed,1.5,Ural,online,consumer,110000,36,18.0,3977.0,732.0,1,41.1,0,0
3335,76948,2024-05-24,35,M,111478.0,employed,13.6,Moscow,partner,car,960000,48,14.6,26523.0,717.0,1,81.6,22,0
3336,49454,2024-07-05,49,F,75401.0,employed,26.0,Siberia,online,car,560000,24,14.1,26914.0,700.0,2,53.9,12,0
3337,29365,2024-12-09,36,F,32999.0,unemployed,0.4,Ural,partner,car,350000,36,16.7,12426.0,534.0,2,64.9,15,0
3338,73766,2024-07-22,37,M,83941.0,employed,15.1,SPb,online,renovation,350000,48,17.4,10172.0,591.0,2,51.1,31,0
3339,49200,2023-10-25,65,F,113428.0,self_employed,45.0,Moscow,branch,consumer,330000,36,18.3,11980.0,726.0,0,34.0,19,0
3340,12002,2024-09-01,42,M,69681.0,freelance,23.8,SPb,branch,car,620000,60,14.2,14491.0,663.0,0,50.5,14,0
3341,14947,2023-05-17,22,M,68490.0,self_employed,1.6,SPb,online,car,440000,60,15.3,10537.0,628.0,4,57.6,17,0
3342,80222,2024-01-11,21,F,43886.0,freelance,0.0,Siberia,partner,consumer,150000,12,20.6,13938.0,597.0,2,44.0,23,0
3343,95840,2023-03-28,19,F,81925.0,employed,0.0,Ural,branch,consumer,220000,12,19.5,20327.0,597.0,1,50.3,36,0
3344,79610,2024-02-23,23,M,80738.0,employed,0.0,South,partner,consumer,260000,6,20.8,46000.0,510.0,0,62.4,26,0
3345,53142,2023-07-18,49,M,68835.0,freelance,27.4,Siberia,online,car,570000,48,17.0,16447.0,589.0,0,67.5,200,1
3346,57307,2024-04-07,21,M,93062.0,employed,2.6,Ural,partner,consumer,420000,48,19.4,12647.0,604.0,0,57.9,1,0
3347,5493,2024-03-12,40,F,99129.0,self_employed,13.8,Moscow,partner,renovation,780000,12,19.0,71882.0,568.0,1,84.6,2,0
3348,51085,2023-11-06,36,F,102192.0,employed,17.5,Moscow,branch,consumer,380000,48,16.6,10886.0,776.0,0,33.4,5,0
3349,35228,2024-08-18,30,M,39571.0,freelance,7.7,Moscow,partner,car,370000,48,14.7,10241.0,662.0,1,51.7,20,0
3350,80676,2023-10-08,60,F,64106.0,employed,41.5,SPb,online,consumer,230000,24,19.7,11672.0,644.0,0,34.1,30,0
3351,52875,2023-11-19,24,M,84292.0,employed,0.0,Siberia,partner,consumer,210000,24,20.2,10709.0,613.0,2,60.7,20,0
3352,32655,2024-12-02,39,M,106225.0,employed,19.8,Siberia,branch,consumer,300000,6,17.8,52628.0,636.0,0,38.1,45,0
3353,44472,2023-06-01,41,F,51892.0,self_employed,20.9,Moscow,partner,renovation,380000,60,19.1,9878.0,570.0,1,54.0,29,0
3354,50437,2023-10-29,31,M,104733.0,employed,11.1,SPb,branch,car,810000,60,15.2,19355.0,637.0,2,63.3,28,0
3355,50416,2023-10-05,42,M,79819.0,self_employed,23.7,SPb,online,consumer,240000,24,19.8,12192.0,629.0,0,42.4,13,0
3356,60711,2024-10-12,38,F,92814.0,employed,18.0,SPb,branch,renovation,540000,24,16.2,26492.0,670.0,5,66.4,21,0
3357,7816,2024-11-18,31,M,47495.0,employed,12.5,SPb,online,consumer,150000,36,18.6,5468.0,624.0,0,38.0,15,0
3358,78175,2023-01-08,24,M,69195.0,freelance,1.1,SPb,partner,consumer,250000,24,20.7,12810.0,581.0,0,67.5,225,1
3359,65307,2023-08-23,24,F,72852.0,employed,0.0,Ural,branch,renovation,550000,12,17.7,50346.0,664.0,2,59.3,12,0
3360,47733,2024-11-05,34,F,48314.0,employed,11.0,Ural,partner,consumer,150000,60,17.3,3752.0,734.0,1,26.0,0,0
3361,96028,2024-07-14,49,F,109501.0,employed,29.3,SPb,online,consumer,330000,12,18.5,30333.0,644.0,4,51.6,0,0
3362,12240,2023-10-29,27,M,80475.0,self_employed,9.0,South,branch,car,740000,48,16.6,21200.0,547.0,0,72.4,35,0
3363,99234,2023-02-07,23,M,23251.0,unemployed,1.3,SPb,branch,education,80000,12,18.6,7357.0,491.0,1,53.3,156,1
3364,93493,2023-05-16,33,F,73868.0,employed,13.0,South,online,consumer,230000,24,20.3,11740.0,595.0,2,51.5,25,0
3365,99344,2024-02-25,35,M,79357.0,employed,13.6,Siberia,branch,consumer,180000,24,18.0,8986.0,657.0,1,27.2,6,0
3366,72363,2023-08-07,32,M,51615.0,employed,8.9,SPb,partner,education,140000,48,14.3,3847.0,763.0,1,31.4,25,0
3367,33762,2023-12-14,35,M,57412.0,freelance,14.3,SPb,branch,car,600000,36,15.7,21005.0,628.0,1,70.2,3,0
3368,9259,2024-06-29,35,M,90447.0,employed,5.5,South,online,consumer,250000,12,18.0,22920.0,723.0,3,63.1,25,0
3369,51139,2023-03-20,43,M,75100.0,self_employed,23.0,SPb,online,consumer,210000,48,18.2,6191.0,725.0,0,28.9,13,0
3370,15849,2023-09-30,37,F,82759.0,employed,16.3,Ural,branch,car,690000,24,14.5,33292.0,667.0,1,60.2,142,1
3371,82768,2023-06-10,23,F,54147.0,freelance,4.2,Siberia,partner,consumer,220000,48,20.4,6742.0,597.0,2,66.4,102,1
3372,90709,2024-11-17,33,F,106290.0,employed,13.0,South,branch,car,810000,48,13.6,21972.0,713.0,3,80.0,1,0
3373,55869,2023-11-04,31,F,31408.0,unemployed,0.3,Moscow,partner,car,350000,48,19.0,10465.0,472.0,1,81.1,238,1
3374,64095,2024-01-09,45,F,87256.0,employed,24.2,South,branch,renovation,450000,48,17.5,13101.0,647.0,1,50.8,21,0
3375,71910,2023-01-09,21,F,68753.0,employed,1.6,South,branch,consumer,230000,48,19.5,6938.0,598.0,3,49.2,163,1
3376,87710,2024-03-19,24,M,68269.0,freelance,5.6,Moscow,partner,consumer,190000,36,20.7,7129.0,622.0,1,63.6,9,0
3377,24567,2023-04-23,27,M,55595.0,self_employed,7.7,Ural,online,education,140000,12,16.6,12742.0,618.0,0,40.4,28,0
3378,36292,2023-07-24,53,M,139610.0,employed,34.9,Moscow,online,consumer,550000,36,19.7,20356.0,645.0,1,59.7,121,1
3379,75813,2024-02-09,55,M,46549.0,unemployed,0.8,Moscow,branch,consumer,140000,36,21.5,5311.0,576.0,2,55.7,0,0
3380,98136,2024-11-28,30,M,68682.0,employed,10.8,Ural,branch,education,160000,60,15.3,3832.0,581.0,0,45.8,124,1
3381,52631,2023-07-16,24,M,74675.0,employed,4.6,Ural,online,consumer,390000,24,19.1,19678.0,632.0,2,43.8,7,0
3382,10885,2023-04-25,29,M,65775.0,employed,8.4,Ural,online,education,220000,60,14.7,5199.0,690.0,1,35.3,8,0
3383,60659,2023-05-01,52,M,127463.0,employed,31.4,Siberia,branch,renovation,560000,24,17.2,27742.0,656.0,4,69.9,179,1
3384,55306,2024-10-14,26,M,47549.0,freelance,5.3,Siberia,branch,car,350000,48,14.5,9652.0,647.0,0,53.6,0,0
3385,67314,2023-03-06,20,M,90635.0,employed,0.0,Moscow,partner,renovation,540000,24,17.1,26725.0,662.0,1,54.0,22,0
3386,66087,2023-10-03,30,F,103856.0,employed,10.0,Ural,partner,consumer,300000,24,18.1,14992.0,717.0,0,40.1,0,0
3387,30165,2023-08-27,39,M,100300.0,employed,15.8,Ural,branch,renovation,610000,12,17.8,55867.0,670.0,3,80.6,0,0
3388,59929,2023-10-29,27,F,121937.0,employed,7.1,Moscow,partner,renovation,860000,36,17.0,30661.0,701.0,1,61.1,26,0
3389,68028,2024-01-27,20,F,38117.0,unemployed,0.1,Moscow,branch,consumer,150000,36,23.6,5853.0,381.0,1,64.1,221,1
3390,96998,2024-06-05,38,F,64987.0,freelance,6.7,SPb,partner,car,360000,36,16.7,12781.0,581.0,2,63.1,121,1
3391,50812,2024-01-04,26,F,74127.0,employed,7.4,South,branch,education,270000,12,15.6,24446.0,618.0,4,46.8,0,0
3392,51500,2023-08-21,37,F,99626.0,employed,15.1,Moscow,partner,education,230000,36,15.9,8075.0,623.0,2,49.5,4,0
3393,80151,2023-07-14,60,M,36432.0,unemployed,0.9,Moscow,online,education,90000,24,17.5,4471.0,606.0,4,73.2,160,1
3394,59643,2023-01-12,40,F,97848.0,employed,16.7,Siberia,branch,car,740000,60,17.1,18431.0,548.0,2,79.5,180,1
3395,45900,2024-11-19,31,F,77163.0,employed,11.4,South,online,consumer,180000,48,17.9,5278.0,674.0,0,31.4,18,0
3396,43946,2023-06-26,57,F,145345.0,employed,37.9,SPb,branch,consumer,420000,48,18.3,12403.0,634.0,2,49.5,17,0
3397,8851,2023-08-05,45,M,118864.0,employed,26.3,SPb,branch,renovation,760000,36,17.5,27286.0,705.0,1,75.1,10,0
3398,17288,2023-01-11,23,M,57650.0,freelance,0.0,Moscow,online,consumer,180000,48,21.6,5632.0,533.0,1,68.0,187,1
3399,73692,2024-03-21,35,F,105976.0,self_employed,13.2,Moscow,partner,renovation,650000,24,17.1,32169.0,712.0,3,62.4,152,1
3400,68580,2024-09-21,41,F,39572.0,unemployed,1.4,Moscow,partner,renovation,180000,48,20.4,5516.0,532.0,1,71.9,173,1
3401,8368,2023-06-13,30,F,114325.0,employed,8.3,Moscow,partner,renovation,590000,60,16.6,14536.0,717.0,1,57.1,3,0
3402,86436,2024-07-04,21,M,77970.0,employed,2.9,SPb,partner,consumer,250000,36,18.6,9114.0,672.0,5,55.0,15,0
3403,97136,2023-02-22,31,M,27265.0,unemployed,0.2,South,online,renovation,180000,48,19.4,5420.0,559.0,0,56.4,102,1
3404,47403,2023-08-06,23,M,69278.0,freelance,2.3,Siberia,online,consumer,280000,24,21.9,14512.0,543.0,2,65.8,9,0
3405,92170,2024-12-18,21,M,66035.0,self_employed,1.1,Ural,partner,consumer,300000,12,19.2,27676.0,639.0,1,48.2,17,0
3406,10168,2023-12-26,30,M,84795.0,employed,6.5,SPb,branch,renovation,610000,60,17.6,15358.0,673.0,1,57.9,32,0
3407,87497,2024-01-20,39,M,96542.0,freelance,18.2,Ural,partner,renovation,750000,60,19.9,19829.0,509.0,0,73.1,140,1
3408,50879,2023-02-25,50,M,88574.0,employed,21.9,SPb,online,consumer,410000,60,17.3,10256.0,783.0,1,37.7,7,0
3409,60871,2023-04-28,35,M,95931.0,employed,11.2,Moscow,online,education,350000,36,16.3,12357.0,621.0,2,59.4,4,0
3410,90388,2023-09-10,27,M,72902.0,self_employed,7.8,Ural,branch,consumer,260000,24,20.7,13322.0,540.0,2,49.6,0,0
3411,99646,2023-06-29,28,F,58967.0,self_employed,4.6,Ural,branch,car,360000,48,15.1,10037.0,609.0,2,50.6,16,0
3412,33174,2024-02-19,33,F,84232.0,self_employed,8.9,South,online,renovation,420000,36,18.3,15247.0,571.0,1,58.6,0,0
3413,93491,2023-08-23,64,F,100271.0,self_employed,35.5,Ural,online,car,1260000,36,14.9,43617.0,709.0,1,84.4,10,0
3414,7581,2024-12-08,39,M,92462.0,employed,21.0,Siberia,branch,consumer,310000,12,18.7,28524.0,541.0,0,43.0,33,0
3415,72853,2023-03-21,27,F,100253.0,employed,2.8,Moscow,branch,consumer,270000,36,19.4,9952.0,630.0,1,41.3,42,0
3416,65046,2024-10-08,60,M,105397.0,self_employed,41.8,Siberia,online,consumer,380000,24,17.9,18953.0,704.0,0,39.8,17,0
3417,50678,2023-01-22,26,F,55093.0,employed,5.7,South,online,consumer,210000,12,19.2,19373.0,600.0,0,38.5,23,0
3418,27649,2024-04-21,24,F,45550.0,employed,4.4,Ural,online,consumer,160000,48,20.0,4869.0,526.0,0,43.9,0,0
3419,89668,2024-03-15,31,F,66311.0,employed,5.4,Siberia,branch,car,490000,48,15.1,13662.0,620.0,0,69.3,20,0
3420,83325,2024-07-23,56,F,76009.0,employed,36.4,South,online,renovation,460000,36,17.1,16423.0,625.0,1,59.8,13,0
3421,15567,2023-04-03,27,M,21837.0,unemployed,0.3,SPb,branch,consumer,80000,12,21.7,7476.0,542.0,1,52.4,24,0
3422,81404,2023-07-11,32,M,33711.0,employed,10.5,Siberia,branch,renovation,180000,48,17.8,5269.0,590.0,0,31.8,16,0
3423,90906,2023-04-13,43,F,86814.0,employed,24.9,SPb,online,car,970000,36,14.0,33152.0,722.0,1,70.5,25,0
3424,97019,2024-01-31,21,M,50764.0,self_employed,0.3,SPb,online,car,620000,60,17.3,15509.0,506.0,0,77.0,0,0
3425,62944,2023-01-07,23,M,102640.0,employed,2.8,Ural,online,consumer,260000,24,18.6,13056.0,642.0,1,33.6,3,0
3426,79002,2024-10-01,67,F,54419.0,unemployed,0.2,Moscow,online,consumer,150000,60,21.0,4058.0,568.0,0,79.2,90,1
3427,29803,2024-07-20,29,M,104095.0,employed,10.8,South,online,renovation,680000,60,16.9,16863.0,628.0,0,63.3,13,0
3428,19230,2023-08-19,47,F,91593.0,freelance,28.8,SPb,branch,consumer,350000,12,19.6,32355.0,622.0,2,52.6,26,0
3429,18862,2024-07-27,29,F,93992.0,employed,10.4,Moscow,branch,consumer,250000,12,18.2,22944.0,651.0,2,61.8,0,0
3430,44355,2023-08-28,35,M,124514.0,employed,10.9,SPb,branch,education,390000,48,15.6,10973.0,683.0,1,56.2,0,0
3431,32259,2023-03-31,29,M,133476.0,employed,9.7,South,partner,education,360000,12,15.8,32629.0,638.0,2,47.2,0,0
3432,88445,2023-08-20,20,M,81764.0,employed,0.3,SPb,branch,consumer,220000,24,18.7,11058.0,660.0,2,52.4,49,0
3433,31795,2024-04-01,58,M,67207.0,freelance,38.5,Ural,partner,car,860000,36,16.4,30405.0,597.0,2,84.0,139,1
3434,9770,2023-08-21,62,M,144583.0,employed,40.2,South,partner,car,1300000,48,15.7,36643.0,663.0,0,84.4,5,0
3435,12093,2023-12-20,30,M,120817.0,self_employed,11.1,Moscow,online,car,1190000,48,16.1,33786.0,643.0,1,84.6,34,0
3436,47571,2023-11-29,50,M,184713.0,employed,31.8,Moscow,online,consumer,550000,24,18.9,27698.0,706.0,0,51.5,9,0
3437,1193,2024-03-14,21,M,64573.0,freelance,1.6,Moscow,online,car,610000,60,16.2,14899.0,609.0,3,83.9,17,0
3438,18569,2024-01-10,40,F,112537.0,freelance,18.1,SPb,branch,car,1040000,24,17.2,51520.0,568.0,2,84.5,0,0
3439,12190,2023-10-19,33,F,110125.0,employed,7.6,Moscow,branch,consumer,330000,36,18.3,11980.0,677.0,0,36.3,24,0
3440,63824,2023-12-11,38,F,84093.0,employed,19.8,SPb,online,renovation,510000,24,19.0,25708.0,554.0,1,66.6,39,0
3441,43752,2024-10-25,46,M,54484.0,self_employed,23.0,South,partner,consumer,180000,36,19.0,6598.0,631.0,0,35.9,30,0
3442,33327,2024-03-03,38,M,57963.0,employed,19.8,Siberia,online,car,460000,36,14.1,15744.0,687.0,5,58.0,20,0
3443,43070,2024-10-18,34,F,89301.0,employed,14.8,Ural,partner,renovation,480000,48,15.9,13579.0,744.0,3,55.5,22,0
3444,86925,2023-05-10,25,M,48196.0,self_employed,6.9,South,partner,education,170000,24,17.1,8413.0,567.0,1,41.2,15,0
3445,41197,2023-05-21,39,M,23551.0,unemployed,0.8,Moscow,online,car,350000,60,18.7,9022.0,500.0,1,65.3,196,1
3446,3261,2024-02-19,46,F,71242.0,freelance,24.3,Ural,online,car,690000,36,15.7,24156.0,679.0,1,62.7,11,0
3447,94905,2023-04-03,33,M,78909.0,self_employed,13.6,Moscow,partner,renovation,500000,60,19.8,13191.0,515.0,2,76.5,220,1
3448,27512,2024-09-17,48,M,124345.0,employed,28.6,SPb,branch,consumer,270000,36,16.6,9573.0,793.0,1,20.8,0,0
3449,7716,2023-10-11,61,F,29395.0,unemployed,0.2,SPb,branch,car,350000,36,17.2,12513.0,557.0,0,70.3,146,1
3450,87795,2024-10-16,47,F,127489.0,employed,28.7,Moscow,branch,consumer,520000,36,18.0,18799.0,697.0,1,52.8,139,1
3451,29933,2023-08-11,57,M,66355.0,employed,38.5,Siberia,online,car,790000,24,14.0,37930.0,750.0,2,66.1,16,0
3452,5378,2024-04-07,24,M,27624.0,unemployed,0.3,Moscow,partner,renovation,180000,36,20.8,6763.0,448.0,0,82.8,169,1
3453,41583,2024-06-28,29,F,80552.0,employed,10.3,Ural,online,consumer,260000,12,19.4,24010.0,611.0,1,58.3,1,0
3454,86371,2023-10-03,28,F,108790.0,employed,6.1,SPb,online,renovation,690000,48,18.3,20377.0,583.0,1,68.2,90,1
3455,30033,2024-11-12,24,M,72371.0,self_employed,5.2,SPb,online,consumer,200000,24,18.9,10072.0,632.0,2,43.5,12,0
3456,25000,2023-05-20,45,F,140209.0,employed,26.7,Moscow,online,consumer,540000,36,18.8,19740.0,710.0,0,54.8,0,0
3457,76868,2023-12-23,61,F,151213.0,employed,36.1,Ural,partner,renovation,600000,36,17.7,21601.0,637.0,0,58.4,0,0
3458,43604,2024-12-13,38,M,74622.0,employed,13.0,Moscow,branch,consumer,210000,48,18.2,6191.0,661.0,2,49.3,29,0
3459,69336,2023-01-23,20,F,56395.0,employed,0.0,Siberia,online,car,470000,48,15.7,13248.0,598.0,1,77.7,178,1
3460,96074,2023-09-27,48,F,27491.0,unemployed,0.4,Moscow,branch,consumer,50000,6,22.4,8886.0,497.0,0,53.5,213,1
3461,96655,2024-10-26,22,M,95582.0,employed,1.6,Moscow,online,consumer,240000,60,17.9,6081.0,680.0,1,36.6,0,0
3462,74869,2023-11-29,28,F,85822.0,employed,8.4,SPb,partner,car,850000,12,14.6,76559.0,676.0,1,73.3,0,0
3463,6410,2023-03-26,53,M,97671.0,employed,30.8,Ural,online,consumer,200000,60,18.8,5166.0,757.0,1,49.8,0,0
3464,84375,2024-09-12,19,F,65361.0,self_employed,13.9,SPb,online,car,590000,48,14.2,16182.0,657.0,0,58.8,127,1
3465,57044,2023-01-31,42,F,95219.0,self_employed,18.9,Moscow,branch,education,290000,60,15.7,7006.0,608.0,0,52.9,0,0
3466,64315,2023-08-28,22,M,87180.0,employed,1.8,Moscow,online,renovation,580000,48,18.4,17159.0,600.0,0,62.8,10,0
3467,97055,2023-12-29,36,F,63086.0,employed,13.2,Siberia,branch,renovation,320000,36,17.8,11537.0,594.0,0,47.9,8,0
3468,72344,2024-01-24,52,F,115064.0,self_employed,33.5,South,online,consumer,300000,36,21.1,11318.0,546.0,2,56.6,0,0
3469,7796,2024-10-14,35,M,111140.0,employed,16.9,Moscow,partner,renovation,640000,36,16.0,22501.0,667.0,2,65.3,18,0
3470,87716,2024-10-29,25,M,71904.0,employed,3.9,Moscow,branch,renovation,390000,36,16.4,13788.0,663.0,3,53.5,27,0
3471,55245,2023-10-26,41,M,124510.0,employed,22.7,Moscow,branch,education,370000,60,15.3,8861.0,631.0,0,45.1,15,0
3472,44056,2024-01-06,48,F,104737.0,employed,27.6,South,partner,consumer,260000,24,19.6,13182.0,625.0,2,39.9,25,0
3473,18709,2023-04-09,29,F,33185.0,unemployed,0.1,SPb,branch,renovation,200000,48,18.5,5927.0,602.0,2,51.8,41,0
3474,59557,2023-02-16,49,F,87425.0,freelance,29.4,South,partner,consumer,360000,12,20.8,33486.0,572.0,2,69.2,159,1
3475,18543,2024-02-26,38,M,84401.0,self_employed,19.9,SPb,partner,consumer,240000,24,19.9,12203.0,593.0,1,53.4,30,0
3476,38418,2024-04-24,23,M,42732.0,freelance,0.0,South,online,car,370000,24,17.5,18383.0,520.0,1,81.4,133,1
3477,95611,2024-08-01,67,M,110696.0,self_employed,45.0,South,online,renovation,790000,48,16.0,22389.0,775.0,0,63.2,7,0
3478,97038,2023-03-03,22,M,25089.0,unemployed,0.4,SPb,branch,consumer,100000,48,22.2,3161.0,564.0,5,77.7,181,1
3479,17724,2023-04-19,19,M,99503.0,employed,0.8,Ural,branch,consumer,290000,24,21.2,14930.0,497.0,0,50.4,159,1
3480,4828,2024-11-09,38,M,67039.0,employed,16.0,Ural,online,consumer,350000,60,20.0,9273.0,582.0,2,65.5,0,0
3481,18087,2024-07-02,23,M,123084.0,self_employed,0.0,Moscow,online,consumer,550000,36,21.1,20750.0,524.0,3,72.0,209,1
3482,13605,2023-04-29,45,F,104234.0,self_employed,19.9,SPb,partner,consumer,240000,24,18.2,12005.0,770.0,3,58.9,33,0
3483,32337,2024-08-20,23,F,96611.0,employed,0.0,South,online,education,310000,24,17.1,15342.0,504.0,4,79.4,185,1
3484,6482,2024-01-17,30,F,107775.0,employed,5.6,South,online,renovation,860000,12,18.8,79173.0,574.0,2,83.2,22,0
3485,66333,2024-01-27,33,M,86682.0,employed,12.9,South,branch,consumer,290000,24,19.9,14746.0,596.0,0,52.0,21,0
3486,93541,2023-02-21,30,F,85759.0,employed,9.6,South,online,consumer,260000,12,19.3,23998.0,580.0,1,48.1,25,0
3487,89296,2024-08-25,20,F,91115.0,employed,0.0,Ural,branch,education,280000,36,14.5,9638.0,711.0,1,42.8,15,0
3488,51952,2023-10-16,66,F,109797.0,employed,41.2,Moscow,online,education,410000,24,13.9,19666.0,792.0,2,43.8,0,0
3489,6463,2023-12-03,48,M,67056.0,freelance,24.5,Ural,partner,car,510000,60,15.4,12240.0,638.0,1,63.1,0,0
3490,71448,2023-07-23,67,M,92057.0,self_employed,44.4,SPb,online,consumer,210000,6,18.1,36871.0,781.0,3,42.0,0,0
3491,5648,2023-08-26,26,M,59163.0,freelance,4.6,Moscow,branch,renovation,420000,24,17.5,20867.0,649.0,1,43.2,18,0
3492,34623,2024-01-17,49,M,65901.0,freelance,28.1,Siberia,online,car,580000,60,17.6,14602.0,564.0,2,76.0,0,0
3493,60156,2024-10-28,66,F,90038.0,employed,40.3,Ural,partner,car,1030000,60,13.8,23860.0,724.0,4,82.8,17,0
3494,36634,2023-05-16,45,F,107627.0,employed,26.4,Siberia,online,renovation,630000,24,18.8,31696.0,603.0,2,61.8,0,0
3495,45602,2024-02-11,32,M,75882.0,employed,13.4,Moscow,online,consumer,310000,6,19.1,54583.0,645.0,2,43.0,0,0
3496,50334,2024-05-22,42,M,21488.0,unemployed,0.7,South,online,education,80000,48,17.4,2325.0,597.0,2,53.8,21,0
3497,69648,2023-12-28,29,F,120851.0,employed,8.6,Moscow,partner,education,450000,48,15.7,12684.0,698.0,3,80.6,7,0
3498,23054,2024-01-16,39,M,105338.0,self_employed,19.0,Ural,branch,consumer,430000,36,21.5,16311.0,520.0,1,69.2,7,0
3499,71028,2024-07-29,54,F,82488.0,employed,30.3,Moscow,partner,education,320000,36,14.8,11062.0,671.0,5,65.3,15,0
3500,23207,2024-09-26,19,F,24988.0,unemployed,0.0,Ural,partner,renovation,190000,12,19.7,17573.0,516.0,2,61.4,139,1
3501,81650,2023-09-11,25,M,106307.0,employed,6.4,Moscow,online,education,340000,48,15.8,9601.0,698.0,2,63.2,90,1
3502,82554,2024-04-21,49,F,76418.0,freelance,30.4,SPb,online,education,200000,36,17.8,7210.0,546.0,0,71.2,1,0
3503,22386,2023-04-24,43,M,90778.0,employed,13.0,South,partner,consumer,320000,24,19.9,16271.0,595.0,1,44.4,13,0
3504,84276,2023-01-20,26,F,76118.0,employed,3.4,South,partner,consumer,250000,24,21.3,12883.0,527.0,1,61.0,9,0
3505,60518,2024-06-11,32,F,67416.0,self_employed,13.2,Siberia,partner,consumer,200000,36,18.3,7261.0,688.0,0,40.5,14,0
3506,53781,2023-05-25,35,F,23365.0,unemployed,1.2,SPb,online,consumer,110000,24,22.4,5728.0,529.0,3,70.0,190,1
3507,53780,2023-07-27,49,M,104870.0,employed,29.0,Ural,branch,consumer,450000,24,16.7,22184.0,788.0,2,45.2,0,0
3508,62440,2024-06-14,66,M,32847.0,unemployed,0.5,Moscow,branch,consumer,90000,60,22.0,2486.0,459.0,3,63.9,162,1
3509,45199,2024-01-11,42,M,43633.0,freelance,11.3,Ural,partner,consumer,140000,48,19.9,4253.0,645.0,1,43.2,15,0
3510,62035,2024-05-18,30,M,61276.0,freelance,9.8,SPb,online,consumer,200000,24,19.8,10160.0,648.0,3,58.2,15,0
3511,9210,2023-06-15,33,F,54230.0,employed,14.6,Moscow,branch,consumer,120000,36,19.4,4423.0,622.0,4,43.2,0,0
3512,45363,2024-07-03,42,M,117777.0,employed,23.0,Ural,branch,consumer,540000,12,18.8,49713.0,672.0,2,82.9,167,1
3513,79279,2023-06-30,30,F,82715.0,employed,10.8,Moscow,branch,consumer,190000,60,20.3,5066.0,576.0,1,50.9,11,0
3514,61348,2024-09-08,36,M,19530.0,unemployed,0.4,Ural,branch,education,80000,24,17.3,3967.0,533.0,0,50.0,105,1
3515,56284,2024-09-03,24,M,25199.0,unemployed,0.9,Moscow,partner,education,80000,24,16.7,3944.0,615.0,3,49.4,13,0
3516,73124,2024-08-24,38,F,78939.0,self_employed,13.9,Ural,partner,consumer,220000,12,18.0,20170.0,735.0,2,50.9,9,0
3517,69847,2024-03-19,64,M,81454.0,employed,41.8,SPb,partner,car,550000,60,15.2,13142.0,632.0,1,72.3,12,0
3518,23432,2023-11-28,38,F,83179.0,employed,19.0,Ural,branch,renovation,550000,60,16.5,13521.0,687.0,2,49.2,18,0
3519,65089,2024-05-17,27,M,27341.0,unemployed,0.0,Moscow,branch,car,350000,36,16.9,12461.0,550.0,2,63.3,0,0
3520,56398,2023-03-20,27,F,75709.0,employed,8.3,SPb,branch,renovation,630000,48,19.3,18937.0,558.0,0,79.5,153,1
3521,4321,2024-08-07,21,F,69750.0,freelance,2.2,Moscow,branch,education,190000,60,16.1,4631.0,644.0,4,59.9,0,0
3522,82348,2024-11-18,40,F,85838.0,employed,9.1,Siberia,branch,consumer,190000,12,17.1,17338.0,684.0,0,28.0,0,0
3523,38383,2024-01-31,58,M,134468.0,employed,38.6,Moscow,partner,consumer,400000,24,17.1,19796.0,809.0,3,34.6,5,0
3524,79682,2024-08-30,41,M,53343.0,freelance,19.1,SPb,partner,car,500000,48,15.3,13992.0,615.0,1,59.4,4,0
3525,80190,2023-04-13,29,F,105169.0,employed,5.5,SPb,branch,car,810000,36,15.5,28278.0,599.0,3,82.6,0,0
3526,53893,2024-02-06,56,F,128855.0,employed,36.7,Moscow,branch,consumer,350000,36,19.1,12847.0,677.0,2,49.9,10,0
3527,36820,2023-08-12,23,M,30899.0,unemployed,0.1,SPb,branch,education,120000,60,20.2,3193.0,448.0,0,69.2,105,1
3528,67262,2024-06-01,26,M,55973.0,self_employed,3.6,SPb,partner,renovation,310000,60,18.5,7957.0,604.0,1,63.6,90,1
3529,4760,2024-09-25,44,M,71157.0,freelance,23.2,Moscow,online,consumer,230000,6,18.8,40463.0,658.0,3,47.2,34,0
3530,23190,2023-08-24,46,M,59994.0,freelance,26.7,Ural,online,renovation,330000,60,17.0,8201.0,734.0,0,42.2,20,0
3531,68411,2024-03-02,33,F,91477.0,employed,10.8,Moscow,partner,renovation,440000,36,15.5,15361.0,808.0,0,38.6,5,0
3532,24377,2023-04-26,22,M,61966.0,employed,0.0,Moscow,branch,consumer,250000,24,18.7,12566.0,646.0,1,39.0,0,0
3533,47737,2023-06-12,39,M,89088.0,employed,20.2,Ural,branch,consumer,280000,24,17.8,13952.0,760.0,3,41.2,12,0
3534,70569,2023-08-14,38,F,76360.0,employed,19.9,Ural,branch,renovation,380000,36,17.6,13662.0,642.0,2,40.8,0,0
3535,39211,2023-08-18,49,M,163568.0,employed,30.0,Moscow,branch,consumer,550000,48,18.6,16329.0,705.0,5,68.7,7,0
3536,83909,2023-07-01,30,F,75736.0,freelance,8.6,Ural,online,car,700000,48,16.6,20054.0,589.0,3,83.4,52,0
3537,4744,2023-09-06,23,F,80324.0,employed,0.0,SPb,branch,consumer,170000,48,18.8,5065.0,683.0,0,33.9,0,0
3538,25995,2023-11-14,21,M,58453.0,self_employed,0.0,Ural,online,education,130000,36,17.3,4654.0,550.0,2,47.8,0,0
3539,17977,2023-07-29,49,F,83823.0,employed,30.2,SPb,online,consumer,270000,24,17.1,13362.0,823.0,2,29.7,9,0
3540,98938,2024-10-17,27,M,66707.0,employed,2.6,South,online,consumer,170000,12,19.6,15715.0,578.0,0,41.3,8,0
3541,35542,2024-01-27,21,M,62957.0,employed,0.0,Siberia,branch,renovation,370000,48,19.7,11200.0,480.0,2,66.6,180,1
3542,11651,2023-04-06,24,M,64439.0,freelance,2.0,Moscow,online,consumer,200000,48,20.8,6172.0,571.0,0,47.8,12,0
3543,79931,2023-03-27,22,M,72377.0,employed,0.5,Moscow,branch,consumer,230000,48,19.2,6901.0,623.0,1,38.2,16,0
3544,96344,2024-02-19,48,M,91323.0,self_employed,25.1,Siberia,partner,consumer,240000,24,19.8,12192.0,670.0,1,50.1,30,0
3545,17715,2024-01-29,39,M,107358.0,self_employed,15.1,SPb,online,car,1500000,48,15.5,42127.0,638.0,1,84.8,5,0
3546,45409,2024-11-26,42,F,62123.0,employed,18.9,Moscow,branch,consumer,180000,60,18.1,4581.0,625.0,1,37.5,2,0
3547,25306,2024-09-24,34,F,107641.0,employed,15.6,Moscow,online,consumer,280000,24,17.8,13952.0,653.0,2,45.5,29,0
3548,20086,2024-05-15,29,F,33415.0,unemployed,0.4,SPb,branch,renovation,190000,24,19.2,9596.0,564.0,3,56.2,27,0
3549,15376,2024-08-26,31,F,66788.0,employed,7.5,SPb,branch,consumer,170000,6,17.8,29822.0,589.0,0,35.9,11,0
3550,62350,2024-08-04,30,M,61757.0,employed,11.4,Siberia,branch,renovation,340000,24,16.5,16729.0,676.0,1,41.7,7,0
3551,72425,2023-05-13,25,M,64781.0,self_employed,6.3,Ural,branch,renovation,450000,48,19.4,13550.0,509.0,0,66.7,90,1
3552,37636,2024-10-10,41,M,65294.0,self_employed,18.4,Siberia,partner,renovation,420000,48,18.5,12448.0,561.0,0,63.4,15,0
3553,87120,2023-11-10,42,M,78749.0,employed,22.7,SPb,online,consumer,240000,24,18.4,12028.0,758.0,5,44.7,0,0
3554,52649,2024-11-29,44,F,105864.0,employed,24.5,Ural,branch,car,900000,36,14.9,31155.0,626.0,2,71.5,239,1
3555,35610,2023-08-09,31,M,72507.0,employed,11.6,South,online,renovation,500000,48,18.6,14845.0,536.0,1,67.4,194,1
3556,11058,2024-03-13,47,M,133881.0,employed,28.3,Moscow,online,consumer,340000,12,18.8,31301.0,736.0,1,62.4,2,0
3557,75637,2023-02-15,34,M,111764.0,employed,7.6,Siberia,branch,car,1370000,48,15.7,38616.0,627.0,3,84.8,21,0
3558,79033,2023-07-11,58,M,124249.0,employed,35.1,Siberia,online,consumer,330000,48,19.5,9954.0,666.0,2,51.4,13,0
3559,71194,2024-06-03,38,M,102962.0,employed,19.1,Siberia,online,consumer,330000,6,18.0,57923.0,727.0,2,42.8,24,0
3560,77917,2024-01-14,41,M,66000.0,freelance,22.7,Moscow,branch,renovation,440000,48,19.2,13203.0,584.0,4,83.7,1,0
3561,65200,2024-11-21,44,F,75269.0,self_employed,24.6,SPb,online,car,400000,36,14.7,13807.0,682.0,3,67.6,2,0
3562,47619,2023-11-30,47,M,85731.0,freelance,27.4,Moscow,partner,car,560000,36,17.4,20077.0,563.0,0,81.7,210,1
3563,18154,2023-02-08,22,F,101779.0,employed,4.0,SPb,branch,consumer,440000,24,19.0,22180.0,654.0,1,71.9,16,0
3564,20539,2023-10-20,35,M,78346.0,employed,10.5,South,online,car,670000,24,15.9,32773.0,642.0,2,71.7,10,0
3565,61058,2024-11-20,66,M,113297.0,employed,42.3,SPb,partner,consumer,420000,12,18.4,38586.0,680.0,1,66.6,23,0
3566,63068,2023-06-11,37,F,40157.0,freelance,13.3,Siberia,partner,education,90000,24,17.4,4467.0,595.0,1,40.9,14,0
3567,78313,2023-11-27,23,F,73541.0,employed,0.1,Siberia,online,consumer,260000,36,20.6,9742.0,576.0,3,55.4,26,0
3568,31373,2023-04-14,35,M,73429.0,employed,13.0,SPb,online,renovation,340000,60,17.2,8486.0,671.0,3,46.3,5,0
3569,34154,2023-06-10,27,F,65121.0,employed,6.0,South,online,education,230000,48,16.2,6542.0,641.0,3,50.6,3,0
3570,7031,2024-09-26,47,M,127242.0,employed,19.3,Siberia,partner,consumer,420000,48,16.9,12097.0,780.0,4,52.6,18,0
3571,94533,2023-02-23,22,M,61758.0,employed,13.0,SPb,branch,consumer,230000,6,17.6,40325.0,716.0,2,28.6,11,0
3572,72975,2023-02-03,24,F,92508.0,employed,3.0,SPb,online,renovation,580000,36,17.7,20881.0,612.0,1,68.1,19,0
3573,23785,2023-08-30,27,F,130726.0,employed,4.3,Moscow,branch,renovation,940000,36,18.1,34030.0,602.0,1,67.2,108,1
3574,79928,2023-04-23,48,M,122192.0,self_employed,29.2,SPb,branch,consumer,420000,24,18.1,20988.0,734.0,3,54.1,19,0
3575,29669,2023-11-14,33,M,107116.0,employed,4.8,SPb,online,renovation,460000,48,17.1,13297.0,651.0,3,62.2,15,0
3576,95475,2023-01-23,43,F,60517.0,self_employed,24.9,Siberia,partner,renovation,260000,48,17.9,7624.0,635.0,2,45.1,16,0
3577,3282,2024-07-11,30,M,115026.0,employed,8.9,Moscow,branch,car,1010000,60,13.3,23136.0,701.0,2,66.9,19,0
3578,35624,2024-10-08,34,M,61151.0,employed,15.8,Siberia,branch,education,130000,36,14.8,4494.0,684.0,3,45.1,0,0
3579,49438,2023-04-28,25,M,60999.0,employed,1.2,SPb,branch,car,420000,48,15.2,11732.0,657.0,2,51.2,21,0
3580,90900,2024-12-01,19,F,62406.0,employed,0.0,SPb,partner,consumer,210000,6,19.0,36965.0,604.0,3,47.1,141,1
3581,68534,2024-10-04,39,M,135305.0,employed,19.4,Moscow,online,consumer,400000,36,17.8,14421.0,671.0,3,49.3,5,0
3582,32705,2023-07-31,43,F,84904.0,employed,19.2,South,online,education,290000,24,15.6,14144.0,668.0,1,41.5,39,0
3583,39244,2024-02-22,34,F,95730.0,self_employed,14.8,SPb,partner,consumer,270000,36,19.0,9897.0,760.0,0,55.0,167,1
3584,75964,2023-04-23,24,M,57368.0,employed,5.5,Siberia,online,consumer,190000,48,19.7,5751.0,632.0,2,41.4,0,0
3585,38437,2023-02-13,35,F,73089.0,employed,16.0,Moscow,partner,renovation,450000,36,16.2,15865.0,719.0,4,55.6,17,0
3586,78872,2023-05-08,42,F,121868.0,employed,22.9,Moscow,partner,consumer,510000,12,19.2,47049.0,693.0,3,60.1,0,0
3587,75878,2023-06-07,29,M,111270.0,employed,8.0,Ural,branch,car,1170000,60,16.0,28452.0,567.0,3,84.7,1,0
3588,73982,2024-01-29,22,M,69771.0,employed,0.0,South,online,consumer,230000,24,18.7,11560.0,625.0,3,50.6,0,0
3589,51583,2024-05-26,21,F,20097.0,unemployed,0.2,Ural,online,consumer,70000,48,22.1,2209.0,449.0,1,60.9,181,1
3590,39392,2023-02-14,32,F,57218.0,employed,13.7,Ural,online,car,560000,36,15.6,19578.0,612.0,4,66.3,1,0
3591,8461,2023-04-18,21,M,71703.0,employed,2.2,SPb,online,car,430000,48,15.8,12142.0,651.0,2,60.3,155,1
3592,11516,2023-08-07,22,F,104294.0,self_employed,2.9,Moscow,branch,renovation,810000,48,17.9,23751.0,678.0,3,82.8,12,0
3593,80285,2024-03-18,59,F,81274.0,self_employed,40.0,SPb,partner,car,680000,36,14.9,23539.0,670.0,1,73.0,18,0
3594,18514,2023-11-11,60,F,33103.0,unemployed,0.5,Moscow,branch,consumer,120000,6,22.1,21309.0,504.0,1,52.7,158,1
3595,37268,2023-06-26,43,F,79082.0,freelance,23.1,Moscow,online,car,760000,60,16.3,18603.0,621.0,0,81.5,0,0
3596,91486,2023-08-16,28,M,69552.0,freelance,4.2,SPb,branch,consumer,160000,36,19.8,5930.0,643.0,0,58.0,7,0
3597,37788,2024-12-03,34,M,29359.0,unemployed,2.0,Moscow,online,consumer,130000,36,21.9,4958.0,484.0,3,60.8,1,0
3598,76749,2024-11-02,20,F,45036.0,employed,0.0,Siberia,partner,renovation,250000,48,16.4,7136.0,630.0,4,41.7,8,0
3599,62049,2023-09-24,34,M,67997.0,self_employed,13.9,Moscow,online,car,650000,36,16.1,22884.0,593.0,1,64.5,31,0
3600,63493,2024-01-14,46,F,80640.0,freelance,24.8,SPb,online,consumer,240000,60,19.8,6332.0,641.0,1,40.9,17,0
3601,37027,2024-05-03,39,M,99063.0,self_employed,13.9,Ural,branch,consumer,290000,36,21.1,10941.0,519.0,4,59.1,19,0
3602,94547,2024-12-02,27,M,18687.0,unemployed,0.1,South,online,renovation,180000,36,18.6,6562.0,578.0,3,58.2,22,0
3603,43849,2024-11-17,50,M,99796.0,employed,22.7,Ural,partner,education,270000,24,14.5,13027.0,715.0,0,45.8,11,0
3604,18858,2023-10-17,44,F,100498.0,employed,25.7,Moscow,partner,renovation,830000,36,18.0,30006.0,684.0,0,82.4,26,0
3605,85162,2023-12-23,26,F,31941.0,unemployed,0.7,SPb,online,car,410000,60,18.6,10546.0,458.0,4,80.8,185,1
3606,80003,2024-10-18,39,M,67081.0,employed,20.1,SPb,partner,renovation,280000,60,15.3,6705.0,725.0,1,49.6,19,0
3607,53395,2023-07-23,56,M,105212.0,self_employed,36.4,Moscow,branch,car,890000,48,15.9,25177.0,631.0,2,76.8,18,0
3608,40758,2023-08-01,57,M,130969.0,employed,37.2,Moscow,online,car,930000,24,13.7,44520.0,744.0,1,57.7,23,0
3609,55312,2024-07-05,56,F,72744.0,self_employed,30.6,SPb,online,renovation,340000,24,17.0,16810.0,672.0,2,47.9,10,0
3610,69670,2023-11-19,33,M,28154.0,unemployed,0.4,Moscow,branch,consumer,140000,6,22.8,24909.0,446.0,3,66.9,144,1
3611,83279,2024-08-16,60,F,110947.0,employed,38.4,Moscow,partner,renovation,540000,36,14.3,18535.0,850.0,5,66.2,0,0
3612,16434,2023-06-30,33,M,111600.0,employed,5.9,Moscow,partner,consumer,330000,60,20.3,8798.0,610.0,1,60.3,90,1
3613,65047,2024-05-13,25,M,63163.0,employed,5.0,Ural,partner,consumer,180000,60,16.3,4406.0,816.0,1,18.6,17,0
3614,48775,2023-11-16,22,F,42439.0,freelance,2.4,Moscow,branch,renovation,210000,24,17.8,10464.0,649.0,3,48.6,147,1
3615,76769,2023-03-24,42,M,131453.0,self_employed,13.2,Moscow,branch,car,980000,36,14.4,33685.0,710.0,1,79.0,30,0
3616,67677,2023-10-30,36,M,87104.0,employed,12.7,Ural,online,consumer,250000,36,20.3,9329.0,612.0,1,57.4,6,0
3617,84555,2023-09-19,30,M,81395.0,employed,3.6,Ural,online,car,610000,48,16.2,17350.0,604.0,4,69.1,3,0
3618,86920,2023-07-19,36,M,83349.0,freelance,16.5,Moscow,online,education,210000,24,18.3,10515.0,531.0,2,68.6,10,0
3619,46734,2023-08-28,32,M,41372.0,freelance,10.4,SPb,branch,education,110000,24,17.7,5476.0,541.0,1,44.4,8,0
3620,89503,2024-11-22,25,M,65846.0,employed,6.1,Siberia,online,car,590000,24,12.5,27911.0,741.0,2,48.0,9,0
3621,41603,2024-11-13,48,F,110554.0,employed,24.0,Ural,partner,car,720000,60,13.6,16604.0,737.0,1,68.4,17,0
3622,77708,2023-10-22,23,F,90715.0,freelance,0.0,Moscow,online,car,1000000,60,17.0,24853.0,590.0,2,83.4,165,1
3623,82926,2024-05-26,38,F,101434.0,employed,19.1,SPb,online,renovation,660000,48,18.3,19491.0,599.0,2,71.1,187,1
3624,69803,2024-11-19,48,M,22076.0,unemployed,0.4,Siberia,online,renovation,180000,36,19.4,6635.0,576.0,2,60.1,171,1
3625,40332,2024-01-31,34,F,216692.0,employed,15.3,Moscow,partner,consumer,550000,36,19.2,20216.0,651.0,0,70.5,17,0
3626,92703,2023-05-18,39,F,93864.0,self_employed,18.0,Moscow,partner,car,950000,24,16.2,46606.0,631.0,5,84.7,0,0
3627,22312,2023-05-09,66,M,97404.0,employed,45.0,Ural,online,consumer,290000,24,17.4,14394.0,755.0,2,37.2,0,0
3628,94376,2023-02-18,40,F,44102.0,unemployed,0.1,Moscow,branch,car,430000,36,17.4,15416.0,578.0,2,77.2,15,0
3629,85526,2024-11-06,61,F,68665.0,employed,41.7,SPb,online,consumer,220000,36,17.3,7876.0,687.0,2,34.6,0,0
3630,45179,2023-10-20,42,M,92540.0,employed,16.5,Ural,online,renovation,700000,48,18.4,20709.0,630.0,1,63.8,14,0
3631,72442,2024-09-19,34,F,56194.0,employed,14.2,Siberia,branch,car,370000,60,14.1,8628.0,622.0,1,50.4,0,0
3632,41379,2024-06-19,33,M,41887.0,freelance,12.9,SPb,online,renovation,330000,48,19.6,9972.0,511.0,1,64.1,24,0
3633,18297,2023-11-07,52,M,107217.0,employed,32.7,South,online,education,280000,36,15.3,9747.0,668.0,0,38.3,0,0
3634,3011,2024-06-20,50,M,111123.0,employed,31.8,Moscow,partner,education,450000,60,14.2,10517.0,796.0,4,45.2,4,0
3635,45014,2024-09-30,25,F,63522.0,employed,5.0,Siberia,branch,consumer,220000,24,18.4,11026.0,623.0,1,37.3,32,0
3636,12738,2023-08-22,24,M,56567.0,employed,1.5,Ural,branch,consumer,150000,36,18.3,5445.0,735.0,0,30.9,26,0
3637,95333,2023-07-28,23,F,87136.0,employed,0.0,Siberia,partner,car,590000,24,15.1,28635.0,676.0,1,65.0,0,0
3638,48498,2024-08-27,50,F,64370.0,employed,31.8,SPb,branch,renovation,330000,60,14.1,7696.0,789.0,1,31.8,26,0
3639,12120,2023-04-04,24,F,76143.0,self_employed,1.2,SPb,partner,consumer,250000,24,20.5,12785.0,599.0,0,56.6,3,0
3640,9767,2023-11-23,30,M,71729.0,self_employed,11.1,Siberia,online,education,160000,60,16.8,3959.0,619.0,0,44.2,0,0
3641,23852,2023-08-13,44,F,64782.0,freelance,20.8,Siberia,branch,consumer,200000,60,20.2,5321.0,610.0,0,43.3,29,0
3642,80239,2023-01-11,36,F,25813.0,unemployed,0.9,SPb,branch,car,350000,12,15.7,31706.0,654.0,0,60.1,1,0
3643,1929,2023-11-25,49,M,114544.0,employed,30.6,Siberia,online,education,310000,36,15.3,10792.0,683.0,0,39.1,33,0
3644,78487,2023-01-12,58,F,90603.0,self_employed,37.2,Ural,branch,education,360000,60,15.3,8621.0,679.0,3,57.3,31,0
3645,92575,2023-02-04,45,F,153227.0,employed,20.3,SPb,partner,consumer,500000,60,19.3,13053.0,678.0,2,50.5,33,0
3646,96040,2024-03-22,41,F,103836.0,employed,22.4,South,partner,car,670000,24,13.8,32105.0,705.0,3,59.8,11,0
3647,18438,2024-03-27,31,M,104806.0,employed,12.9,Moscow,online,renovation,500000,24,16.8,24673.0,664.0,0,43.9,0,0
3648,49515,2023-08-08,59,M,130655.0,employed,34.5,SPb,partner,renovation,700000,60,16.8,17322.0,757.0,2,65.3,20,0
3649,6744,2024-03-16,37,M,76635.0,employed,15.4,SPb,branch,renovation,320000,36,16.4,11314.0,720.0,3,45.0,15,0
3650,84820,2024-10-14,58,M,83500.0,employed,35.0,South,partner,consumer,280000,60,19.4,7325.0,618.0,4,49.5,25,0
3651,43417,2024-06-18,43,F,85733.0,self_employed,24.8,Moscow,partner,consumer,240000,12,18.7,22083.0,675.0,0,37.2,31,0
3652,8069,2024-08-17,30,F,96241.0,employed,5.4,Ural,online,consumer,230000,12,17.4,21021.0,697.0,1,34.1,5,0
3653,43359,2023-08-17,33,F,65834.0,self_employed,13.4,Siberia,branch,consumer,180000,12,18.9,16580.0,615.0,1,41.7,0,0
3654,20799,2023-12-10,27,F,157521.0,employed,2.2,Moscow,online,consumer,550000,36,18.4,19994.0,704.0,0,50.9,25,0
3655,99746,2023-03-21,33,F,114841.0,employed,14.8,Moscow,partner,renovation,950000,24,18.2,47520.0,603.0,0,81.4,24,0
3656,94762,2023-12-19,29,M,138953.0,employed,4.5,Moscow,branch,consumer,450000,36,17.7,16201.0,713.0,1,46.9,19,0
3657,71188,2024-01-31,22,F,68145.0,employed,0.6,Moscow,branch,renovation,410000,36,17.7,14761.0,600.0,2,50.4,0,0
3658,90859,2023-10-17,30,M,98168.0,employed,9.6,Siberia,online,education,320000,12,15.4,28943.0,682.0,2,38.2,0,0
3659,8597,2024-03-30,61,M,107905.0,self_employed,42.8,South,online,consumer,290000,48,20.1,8840.0,646.0,2,64.9,27,0
3660,48093,2024-11-01,49,F,45880.0,freelance,27.5,South,branch,car,430000,24,16.2,21095.0,509.0,2,63.8,4,0
3661,38226,2023-05-08,25,M,111680.0,employed,4.3,SPb,partner,consumer,440000,36,20.3,16419.0,588.0,2,54.9,0,0
3662,73127,2024-12-02,42,M,143011.0,employed,20.1,Siberia,partner,consumer,510000,24,20.1,25982.0,582.0,2,60.0,189,1
3663,92369,2024-06-26,28,F,36523.0,freelance,6.2,Siberia,branch,car,350000,48,16.2,9955.0,560.0,5,70.7,0,0
3664,78362,2023-12-25,34,M,63335.0,employed,14.2,Siberia,partner,consumer,260000,12,19.3,23998.0,629.0,2,56.6,19,0
3665,27417,2024-06-10,39,M,76680.0,employed,20.3,Moscow,branch,car,430000,60,13.4,9872.0,721.0,2,57.9,0,0
3666,19693,2023-11-09,30,M,129304.0,employed,4.5,Moscow,branch,consumer,440000,48,20.8,13578.0,538.0,3,60.5,192,1
3667,80674,2023-03-16,26,M,86128.0,self_employed,0.2,South,branch,education,260000,60,16.6,6406.0,574.0,3,48.1,4,0
3668,54161,2024-06-29,20,M,55315.0,self_employed,1.3,Siberia,online,consumer,180000,36,19.9,6680.0,580.0,1,47.4,29,0
3669,3169,2023-07-15,31,F,87841.0,self_employed,10.0,Siberia,partner,consumer,190000,48,20.4,5822.0,647.0,3,51.9,11,0
3670,85092,2023-01-29,38,M,60238.0,employed,19.3,Ural,branch,car,470000,12,12.9,41957.0,739.0,1,46.6,0,0
3671,23052,2024-12-06,38,F,122128.0,employed,14.1,SPb,online,consumer,340000,24,18.3,17024.0,676.0,2,53.4,189,1
3672,72849,2023-01-16,19,M,94659.0,employed,0.7,Ural,branch,consumer,290000,6,18.6,50989.0,622.0,1,42.7,0,0
3673,74851,2024-02-27,24,M,58158.0,freelance,0.0,SPb,branch,consumer,190000,60,21.4,5183.0,560.0,5,66.4,1,0
3674,9036,2024-08-11,43,F,59855.0,freelance,22.2,SPb,partner,education,200000,36,14.6,6894.0,697.0,0,43.9,6,0
3675,32778,2024-08-15,25,F,89765.0,employed,6.9,SPb,online,car,940000,48,14.4,25876.0,650.0,1,73.1,18,0
3676,28734,2024-02-09,32,F,79854.0,employed,7.6,Moscow,online,consumer,260000,24,18.8,13081.0,684.0,1,41.4,7,0
3677,24173,2024-09-27,47,F,77675.0,employed,25.5,Ural,online,renovation,390000,60,15.5,9381.0,760.0,1,44.8,28,0
3678,31403,2024-06-14,27,M,59362.0,employed,5.4,Ural,branch,consumer,260000,48,19.8,7884.0,578.0,2,52.0,25,0
3679,67321,2024-09-05,20,M,51346.0,employed,1.0,Ural,branch,consumer,170000,24,19.2,8586.0,583.0,5,57.0,8,0
3680,72675,2023-03-18,61,F,107779.0,employed,41.8,Moscow,online,education,210000,36,14.8,7259.0,738.0,2,47.5,20,0
3681,7344,2023-08-17,30,M,20649.0,unemployed,0.2,South,partner,consumer,60000,24,22.2,3119.0,485.0,2,66.3,170,1
3682,19800,2023-10-24,27,M,45923.0,employed,6.0,Siberia,online,renovation,340000,60,18.3,8689.0,624.0,1,44.1,0,0
3683,26372,2024-05-24,42,M,107435.0,employed,23.9,Moscow,online,renovation,590000,24,16.3,28973.0,673.0,3,68.1,25,0
3684,62516,2024-12-15,33,F,90963.0,employed,13.8,Moscow,online,consumer,340000,60,17.9,8615.0,704.0,1,46.3,25,0
3685,21538,2024-07-26,30,M,91801.0,employed,9.3,Ural,partner,consumer,340000,24,19.7,17255.0,566.0,0,54.9,159,1
3686,64918,2024-06-21,28,M,88744.0,employed,9.5,SPb,branch,consumer,310000,12,19.0,28569.0,628.0,0,51.7,0,0
3687,15973,2024-08-05,24,M,55610.0,freelance,5.7,SPb,branch,car,470000,60,15.4,11280.0,602.0,3,62.8,14,0
3688,72155,2024-09-06,34,F,95820.0,employed,15.8,Siberia,online,education,280000,36,15.9,9830.0,611.0,0,45.1,6,0
3689,60500,2023-11-22,39,M,24139.0,unemployed,0.4,SPb,partner,consumer,80000,24,22.8,4182.0,499.0,1,65.9,159,1
3690,37575,2023-12-29,26,M,66532.0,employed,6.8,Ural,partner,car,530000,60,14.6,12498.0,710.0,1,52.5,1,0
3691,43261,2024-10-30,38,F,66547.0,employed,18.6,Ural,online,renovation,370000,36,17.1,13210.0,648.0,0,53.6,17,0
3692,28716,2023-12-25,30,F,82277.0,employed,13.0,Moscow,branch,car,510000,48,14.0,13937.0,695.0,2,55.8,23,0
3693,4236,2024-12-06,43,F,83584.0,self_employed,21.0,SPb,branch,car,450000,36,13.0,15162.0,743.0,3,46.6,15,0
3694,16848,2023-11-20,30,F,91352.0,employed,7.6,South,branch,renovation,470000,36,17.7,16921.0,637.0,1,50.7,31,0
3695,3352,2024-11-28,22,M,102918.0,employed,0.0,SPb,partner,car,750000,36,14.8,25926.0,621.0,0,83.3,15,0
3696,2932,2023-11-22,53,M,100062.0,employed,31.8,Siberia,partner,education,220000,60,15.7,5315.0,689.0,2,71.1,177,1
3697,77449,2024-09-16,33,M,41779.0,unemployed,2.0,South,online,consumer,140000,24,21.2,7208.0,532.0,2,61.6,9,0
3698,9556,2023-06-14,59,F,111842.0,employed,38.4,Moscow,branch,car,810000,36,14.8,28000.0,677.0,2,72.5,27,0
3699,87836,2024-07-26,26,M,78967.0,employed,6.0,Ural,partner,consumer,270000,48,18.9,8059.0,635.0,0,58.3,32,0
3700,6498,2024-08-26,64,F,67096.0,employed,45.0,Siberia,online,renovation,420000,24,14.8,20325.0,757.0,0,50.5,16,0
3701,77118,2024-03-30,40,F,69101.0,employed,21.8,SPb,branch,renovation,380000,60,16.8,9403.0,675.0,0,34.1,0,0
3702,51098,2023-06-02,39,M,71989.0,employed,20.0,Ural,branch,car,840000,60,16.7,20741.0,573.0,4,80.4,95,1
3703,65386,2023-05-07,27,M,105829.0,employed,5.5,Moscow,online,consumer,480000,12,20.1,44488.0,567.0,2,61.9,0,0
3704,10569,2023-07-12,38,M,80030.0,self_employed,12.2,SPb,partner,consumer,290000,24,19.9,14746.0,642.0,1,43.0,14,0
3705,57882,2024-09-18,47,M,100394.0,employed,28.1,Siberia,online,consumer,260000,24,17.0,12855.0,717.0,0,42.5,14,0
3706,71393,2024-06-13,20,M,51410.0,freelance,0.0,Ural,branch,consumer,180000,48,20.2,5497.0,574.0,2,57.1,14,0
3707,1340,2023-01-10,19,F,67207.0,self_employed,0.0,Moscow,online,consumer,170000,48,18.6,5047.0,711.0,2,29.2,188,1
3708,44949,2023-04-02,51,M,156063.0,employed,30.0,South,branch,car,1500000,48,15.8,42357.0,630.0,3,84.8,16,0
3709,83302,2023-05-19,40,M,53234.0,self_employed,22.0,South,partner,renovation,320000,36,18.2,11601.0,634.0,0,51.2,151,1
3710,63443,2024-04-25,26,M,123318.0,self_employed,7.6,Moscow,branch,car,1200000,48,15.7,33824.0,620.0,2,84.8,171,1
3711,92668,2024-03-24,22,F,62360.0,self_employed,3.3,South,branch,car,560000,48,15.8,15813.0,588.0,0,71.7,22,0
3712,75027,2023-11-29,61,F,156182.0,self_employed,36.3,Moscow,online,education,360000,48,16.5,10295.0,679.0,2,76.9,5,0
3713,1138,2023-12-06,56,F,91656.0,self_employed,37.9,Ural,branch,consumer,410000,24,17.4,20350.0,801.0,0,42.9,13,0
3714,1358,2023-02-21,64,F,112766.0,employed,43.5,Siberia,branch,car,970000,24,14.4,46756.0,717.0,0,75.3,15,0
3715,76250,2024-12-07,23,M,109348.0,self_employed,0.0,SPb,online,consumer,420000,24,19.1,21192.0,610.0,2,50.4,27,0
3716,86376,2024-04-10,23,M,68197.0,employed,1.8,Ural,partner,car,850000,48,13.6,23057.0,749.0,2,69.0,14,0
3717,31654,2024-12-18,54,M,79842.0,self_employed,34.0,SPb,online,renovation,580000,24,16.5,28537.0,673.0,0,52.3,4,0
3718,26879,2024-04-19,54,M,94661.0,employed,34.5,Siberia,partner,renovation,450000,24,17.0,22249.0,649.0,0,51.5,0,0
3719,82532,2024-02-05,25,F,44203.0,freelance,4.1,SPb,online,car,440000,24,16.7,21691.0,564.0,0,64.0,134,1
3720,56778,2024-03-14,52,M,56777.0,employed,13.0,Ural,partner,consumer,270000,12,18.5,24818.0,687.0,3,43.7,0,0
3721,38772,2024-08-27,48,M,89602.0,self_employed,26.3,Siberia,online,consumer,260000,24,18.5,13043.0,654.0,2,42.7,30,0
3722,59478,2024-10-18,22,F,43477.0,freelance,1.1,Ural,online,renovation,280000,48,19.7,8476.0,512.0,0,58.7,160,1
3723,65353,2024-08-20,37,F,90037.0,freelance,16.5,Ural,partner,renovation,460000,48,19.5,13876.0,510.0,1,73.8,12,0
3724,27762,2024-05-23,52,F,68410.0,self_employed,24.6,SPb,online,consumer,240000,48,19.2,7201.0,628.0,1,56.9,15,0
3725,14283,2023-06-02,38,M,60332.0,employed,14.6,Moscow,branch,consumer,170000,24,18.9,8561.0,649.0,0,26.4,19,0
3726,64922,2024-05-28,23,F,71982.0,freelance,2.2,Moscow,online,renovation,460000,60,16.5,11309.0,690.0,1,49.3,0,0
3727,40420,2024-05-17,49,M,68592.0,self_employed,28.7,South,branch,education,140000,48,15.5,3932.0,662.0,2,44.6,26,0
3728,56568,2024-11-06,36,M,80925.0,self_employed,14.1,Moscow,branch,car,650000,36,14.3,22310.0,626.0,1,54.4,16,0
3729,86090,2023-01-06,62,F,46164.0,unemployed,0.5,Moscow,partner,consumer,140000,24,20.7,7173.0,564.0,2,51.5,8,0
3730,21219,2024-05-14,36,F,81347.0,employed,17.0,Ural,online,consumer,320000,24,17.5,15899.0,731.0,2,37.5,11,0
3731,58169,2024-10-22,27,M,64259.0,employed,5.7,Siberia,branch,renovation,430000,36,17.8,15502.0,585.0,1,68.3,215,1
3732,75965,2024-12-17,24,M,41044.0,employed,5.6,Siberia,branch,car,380000,48,14.9,10556.0,632.0,3,52.1,8,0
3733,47840,2023-04-28,41,M,58509.0,freelance,21.3,Siberia,online,consumer,300000,12,22.4,28136.0,450.0,1,75.3,21,0
3734,45695,2024-04-29,34,M,87276.0,employed,7.6,South,branch,consumer,330000,12,18.5,30333.0,631.0,2,49.8,2,0
3735,85754,2024-08-23,29,F,55722.0,self_employed,9.8,Moscow,branch,renovation,360000,60,17.1,8966.0,613.0,2,57.7,0,0
3736,78988,2024-10-27,47,M,134183.0,employed,28.5,SPb,branch,consumer,370000,36,16.0,13008.0,819.0,3,36.3,12,0
3737,59342,2024-11-09,41,F,83841.0,self_employed,22.5,South,online,consumer,240000,12,18.9,22106.0,636.0,1,67.6,166,1
3738,19951,2024-04-12,38,F,66506.0,freelance,18.5,SPb,online,education,240000,24,17.6,11935.0,528.0,0,58.7,0,0
3739,2307,2023-06-10,33,F,75353.0,employed,14.2,South,branch,education,260000,24,16.1,12743.0,611.0,1,53.1,0,0
3740,81388,2023-09-27,30,M,53978.0,self_employed,10.3,Moscow,partner,renovation,250000,24,18.5,12542.0,602.0,3,62.7,0,0
3741,91768,2023-02-25,59,M,75850.0,freelance,37.2,Ural,partner,consumer,220000,24,19.8,11176.0,683.0,1,39.2,1,0
3742,36428,2023-08-16,21,M,50629.0,employed,0.0,South,online,consumer,240000,24,18.4,12028.0,720.0,1,36.9,0,0
3743,93021,2023-05-29,48,M,122130.0,employed,29.6,Moscow,branch,consumer,370000,36,16.3,13063.0,850.0,0,23.2,14,0
3744,76774,2023-02-15,27,M,59798.0,employed,4.6,South,online,consumer,220000,6,19.6,38791.0,618.0,2,55.9,158,1
3745,39975,2023-05-24,33,F,61197.0,freelance,14.7,Moscow,partner,consumer,250000,24,20.0,12724.0,672.0,2,52.4,2,0
3746,2140,2024-09-23,31,M,88325.0,employed,11.6,Moscow,branch,consumer,180000,60,18.2,4590.0,621.0,3,39.1,0,0
3747,25842,2023-12-06,64,F,137712.0,employed,29.0,SPb,online,car,860000,60,14.7,20324.0,715.0,1,71.1,0,0
3748,27421,2024-02-17,28,M,84275.0,employed,9.8,Moscow,online,car,800000,48,15.0,22265.0,613.0,3,78.0,3,0
3749,2708,2024-06-03,62,F,126647.0,employed,43.9,Moscow,partner,consumer,520000,12,19.1,47946.0,632.0,0,58.1,18,0
3750,4630,2023-12-10,23,F,74970.0,self_employed,3.8,Moscow,branch,consumer,160000,12,18.9,14737.0,679.0,2,38.3,14,0
3751,20595,2024-01-22,27,M,69633.0,freelance,0.0,SPb,branch,car,660000,48,16.0,18705.0,604.0,1,66.2,7,0
3752,77021,2024-04-17,53,F,113318.0,employed,34.9,SPb,branch,consumer,470000,36,19.0,17228.0,629.0,3,60.4,116,1
3753,29308,2023-10-02,38,F,114685.0,self_employed,19.2,South,partner,consumer,340000,36,19.4,12532.0,686.0,3,80.9,146,1
3754,45789,2023-12-19,51,F,47639.0,self_employed,30.2,South,branch,consumer,150000,36,19.0,5498.0,644.0,5,46.0,24,0
3755,56690,2023-03-07,26,F,113907.0,employed,7.2,Siberia,partner,car,1210000,48,15.1,33737.0,681.0,1,83.2,29,0
3756,27086,2023-03-20,27,M,78725.0,employed,8.8,Ural,partner,renovation,580000,36,17.4,20794.0,671.0,1,62.1,33,0
3757,17859,2024-08-20,46,M,136083.0,freelance,27.8,Moscow,partner,car,960000,48,15.6,27010.0,630.0,0,82.4,8,0
3758,8684,2024-09-27,27,M,73912.0,self_employed,6.5,Ural,online,consumer,230000,36,20.0,8548.0,579.0,2,54.9,0,0
3759,92088,2023-07-21,66,M,71104.0,self_employed,45.0,Moscow,partner,car,740000,48,16.1,21010.0,614.0,3,81.5,19,0
3760,2207,2024-10-23,63,F,92082.0,employed,41.3,SPb,online,consumer,240000,12,18.3,22037.0,658.0,3,40.3,0,0
3761,47099,2024-07-11,26,F,44501.0,freelance,7.6,SPb,partner,car,430000,60,17.6,10826.0,496.0,5,83.6,166,1
3762,68496,2023-04-23,32,M,143238.0,self_employed,11.9,Ural,branch,car,910000,60,15.0,21649.0,685.0,2,78.9,14,0
3763,67093,2023-04-01,56,F,74943.0,freelance,35.2,Siberia,partner,renovation,390000,36,18.7,14237.0,623.0,0,51.3,13,0
3764,30689,2023-05-21,29,F,24372.0,unemployed,0.0,SPb,online,consumer,80000,48,22.2,2529.0,487.0,2,54.2,127,1
3765,49651,2023-10-16,27,M,26476.0,unemployed,0.0,Moscow,online,consumer,100000,24,20.5,5114.0,593.0,1,52.7,158,1
3766,14893,2024-12-30,20,M,36443.0,freelance,0.0,Moscow,online,consumer,170000,36,19.7,6292.0,602.0,1,41.8,90,1
3767,98808,2024-08-11,19,M,52870.0,employed,0.0,South,branch,car,650000,24,14.1,31239.0,651.0,2,70.6,22,0
3768,67418,2024-02-15,47,F,76858.0,freelance,26.3,SPb,branch,car,910000,48,15.6,25604.0,682.0,0,72.0,5,0
3769,61011,2024-01-12,33,F,106703.0,employed,9.1,Moscow,online,consumer,380000,12,17.7,34784.0,705.0,1,36.5,0,0
3770,39635,2024-01-19,46,M,89032.0,freelance,22.6,Moscow,branch,car,730000,36,16.3,25773.0,590.0,0,63.2,2,0
3771,57115,2023-06-01,23,M,59104.0,employed,0.0,Ural,branch,renovation,410000,12,18.4,37667.0,533.0,3,61.7,157,1
3772,96071,2024-09-18,22,F,70624.0,self_employed,0.1,Moscow,partner,consumer,230000,24,19.9,11695.0,577.0,0,53.2,14,0
3773,79405,2023-11-15,27,F,97891.0,employed,8.3,SPb,branch,consumer,370000,24,17.4,18365.0,809.0,4,44.8,3,0
3774,73702,2024-01-04,36,F,137943.0,freelance,16.9,Ural,branch,renovation,880000,60,18.9,22779.0,593.0,5,83.9,216,1
3775,79518,2024-08-28,30,F,103562.0,employed,7.4,Moscow,branch,car,730000,36,12.8,24526.0,764.0,0,66.0,37,0
3776,73805,2024-07-13,39,M,139631.0,employed,18.8,Moscow,online,consumer,470000,6,18.3,82567.0,656.0,0,42.1,7,0
3777,59954,2024-12-03,49,M,126739.0,freelance,30.1,Moscow,partner,renovation,650000,48,19.1,19469.0,573.0,0,73.9,0,0
3778,29064,2024-04-06,39,M,114966.0,self_employed,17.8,Ural,branch,education,270000,48,15.0,7514.0,708.0,0,34.6,11,0
3779,80063,2023-01-12,48,F,103438.0,employed,22.9,Moscow,online,consumer,360000,60,18.8,9299.0,656.0,3,49.9,0,0
3780,3454,2023-06-05,38,M,82020.0,employed,18.7,South,online,car,660000,48,13.3,17805.0,769.0,2,52.8,6,0
3781,21878,2024-11-14,47,F,102692.0,employed,26.3,Ural,partner,consumer,360000,36,17.2,12871.0,717.0,0,35.3,37,0
3782,52098,2024-04-21,28,M,89029.0,self_employed,7.4,Ural,online,consumer,330000,48,21.2,10254.0,490.0,4,67.0,124,1
3783,63154,2024-02-05,23,F,25712.0,unemployed,0.0,Ural,partner,car,350000,60,18.5,8983.0,454.0,2,74.3,173,1
3784,13991,2023-06-26,56,M,117768.0,self_employed,37.7,Moscow,partner,car,1070000,24,15.6,52186.0,672.0,4,84.1,30,0
3785,69344,2023-12-07,40,M,101249.0,employed,15.4,South,partner,renovation,710000,36,18.6,25882.0,602.0,2,75.5,168,1
3786,37593,2023-02-26,36,F,52012.0,employed,9.9,South,partner,renovation,280000,60,17.7,7065.0,646.0,1,54.5,30,0
3787,37304,2024-03-23,35,M,35066.0,unemployed,0.3,SPb,online,consumer,160000,36,23.6,6244.0,443.0,0,84.7,163,1
3788,31386,2023-07-22,28,F,85491.0,employed,8.5,Siberia,online,car,830000,36,15.5,28976.0,619.0,0,65.3,212,1
3789,56220,2024-11-27,21,F,60570.0,self_employed,2.0,Moscow,branch,renovation,290000,36,16.2,10224.0,722.0,2,49.6,0,0
3790,70338,2024-09-24,32,M,76547.0,employed,13.0,Siberia,branch,consumer,310000,24,18.4,15536.0,673.0,1,44.8,43,0
3791,95289,2023-07-21,47,F,90847.0,freelance,22.6,Moscow,online,consumer,230000,24,20.0,11706.0,686.0,2,44.2,30,0
3792,22083,2023-11-26,34,F,53752.0,freelance,10.9,Moscow,online,consumer,220000,60,19.8,5804.0,665.0,4,51.6,13,0
3793,19354,2023-12-29,44,M,139642.0,employed,24.8,Ural,branch,consumer,550000,36,19.9,20412.0,590.0,3,52.7,22,0
3794,23190,2024-03-29,43,F,73156.0,self_employed,21.9,SPb,branch,car,620000,24,14.8,30003.0,658.0,1,60.6,10,0
3795,7142,2023-12-22,26,M,68801.0,employed,3.8,Moscow,online,car,620000,24,14.7,29973.0,691.0,1,66.4,181,1
3796,29398,2023-08-04,36,M,83658.0,employed,15.4,Ural,branch,consumer,230000,36,20.4,8595.0,576.0,1,56.9,13,0
3797,52971,2024-07-08,26,F,105703.0,employed,5.2,Moscow,online,consumer,420000,12,16.6,38226.0,797.0,4,43.3,0,0
3798,42862,2023-01-23,52,M,179233.0,employed,29.8,SPb,online,consumer,550000,12,17.6,50319.0,758.0,3,50.4,30,0
3799,99668,2023-06-04,25,M,82220.0,employed,2.6,Moscow,partner,renovation,390000,48,17.5,11355.0,662.0,4,61.8,0,0
3800,54410,2023-07-05,56,M,76412.0,freelance,37.2,South,online,consumer,250000,24,19.6,12675.0,675.0,0,39.7,0,0
3801,20503,2023-09-06,45,M,87830.0,employed,13.0,SPb,branch,consumer,290000,48,19.4,8732.0,646.0,1,41.8,0,0
3802,49456,2023-05-14,34,F,91106.0,employed,11.4,South,branch,consumer,340000,12,17.7,31123.0,758.0,1,34.4,8,0
3803,83035,2023-11-17,25,F,54424.0,employed,6.1,SPb,branch,car,400000,48,15.1,11153.0,638.0,1,39.7,11,0
3804,9016,2024-01-25,57,F,113967.0,employed,31.6,Moscow,branch,car,1470000,60,14.7,34740.0,744.0,0,82.8,33,0
3805,3384,2024-03-09,27,F,66593.0,employed,3.5,Ural,partner,education,270000,24,16.0,13220.0,630.0,3,54.9,3,0
3806,63320,2023-01-22,21,M,53380.0,employed,0.0,Ural,online,renovation,320000,48,16.9,9217.0,620.0,1,53.1,7,0
3807,16072,2024-08-22,49,M,65751.0,self_employed,29.9,Ural,online,education,160000,60,12.9,3632.0,793.0,1,30.0,15,0
3808,81018,2024-10-26,22,M,22887.0,unemployed,0.2,SPb,online,car,350000,24,15.7,17087.0,631.0,2,60.5,181,1
3809,41510,2023-05-05,33,F,45328.0,freelance,14.7,SPb,online,renovation,330000,60,21.1,8946.0,494.0,4,71.0,0,0
3810,49933,2023-03-20,30,M,125114.0,employed,9.6,Moscow,partner,education,360000,48,15.9,10184.0,670.0,2,61.2,0,0
3811,22826,2023-02-20,30,M,20068.0,unemployed,0.1,South,partner,consumer,60000,12,21.4,5598.0,559.0,2,57.8,8,0
3812,69026,2024-12-28,48,F,101973.0,employed,29.1,Ural,branch,education,310000,60,15.1,7391.0,615.0,0,38.9,37,0
3813,26518,2023-06-25,22,F,53854.0,employed,3.2,Siberia,online,consumer,170000,24,19.1,8578.0,625.0,2,45.5,26,0
3814,25045,2023-09-10,30,M,89591.0,employed,9.5,Moscow,branch,renovation,620000,36,18.6,22602.0,580.0,1,66.0,0,0
3815,51876,2023-09-03,55,M,158521.0,employed,34.6,Ural,online,renovation,850000,60,16.1,20716.0,850.0,2,67.8,28,0
3816,93446,2023-04-16,40,F,53735.0,freelance,20.4,Siberia,branch,consumer,160000,48,20.0,4869.0,610.0,1,49.0,25,0
3817,91102,2023-07-12,41,F,103213.0,employed,22.6,SPb,online,education,380000,36,16.9,13529.0,583.0,0,57.8,0,0
3818,52919,2023-11-12,22,M,88623.0,self_employed,0.0,Moscow,branch,education,170000,48,16.6,4870.0,587.0,3,45.0,5,0
3819,28103,2023-10-29,35,M,100007.0,employed,15.3,Ural,branch,car,770000,48,14.9,21391.0,668.0,2,68.4,14,0
3820,37188,2024-07-01,48,F,78607.0,freelance,29.6,Ural,branch,consumer,380000,24,19.8,19303.0,563.0,1,55.5,40,0
3821,6845,2024-12-16,26,F,49993.0,freelance,7.9,Ural,partner,car,420000,48,15.2,11732.0,620.0,1,62.6,6,0
3822,87698,2023-09-25,22,F,83755.0,employed,3.5,Moscow,branch,consumer,230000,48,20.1,7011.0,590.0,2,48.7,13,0
3823,37674,2023-06-19,35,M,97071.0,self_employed,15.9,Moscow,partner,education,290000,12,15.8,26285.0,704.0,2,42.9,20,0
3824,20337,2024-07-04,48,F,81688.0,self_employed,27.0,Ural,partner,consumer,250000,6,19.2,44031.0,661.0,1,49.2,12,0
3825,23313,2024-03-30,30,M,105266.0,self_employed,1.4,Ural,branch,car,650000,48,15.2,18156.0,644.0,1,62.9,0,0
3826,27943,2024-10-12,42,M,52385.0,self_employed,23.0,Ural,online,car,430000,36,13.7,14634.0,668.0,0,40.0,9,0
3827,78949,2023-10-19,58,F,158401.0,self_employed,35.3,Siberia,partner,consumer,500000,36,18.8,18277.0,689.0,0,59.1,38,0
3828,1276,2024-07-17,34,M,56097.0,employed,8.7,Siberia,online,car,460000,36,14.2,15766.0,626.0,0,46.9,3,0
3829,52151,2023-05-21,61,F,94566.0,self_employed,41.5,Moscow,online,consumer,270000,24,17.9,13466.0,794.0,1,41.6,34,0
3830,18611,2023-05-26,36,M,57668.0,employed,17.1,Moscow,partner,consumer,160000,36,19.5,5905.0,641.0,1,31.0,10,0
3831,12944,2024-02-29,27,F,77997.0,employed,7.0,Moscow,branch,renovation,450000,24,18.6,22597.0,610.0,2,62.1,2,0
3832,53887,2023-11-10,55,M,87064.0,freelance,30.2,Moscow,branch,consumer,250000,36,20.2,9316.0,697.0,0,39.2,2,0
3833,82442,2023-07-03,49,F,81569.0,employed,31.0,South,branch,consumer,210000,24,17.5,10433.0,732.0,4,36.4,9,0
3834,50847,2024-10-25,19,M,45770.0,employed,0.0,Moscow,online,consumer,160000,36,17.5,5744.0,691.0,2,34.3,10,0
3835,59653,2024-12-13,27,F,124010.0,employed,4.7,South,branch,consumer,290000,12,18.3,26629.0,644.0,0,31.6,0,0
3836,87072,2023-05-08,21,F,83070.0,employed,0.2,Moscow,partner,car,700000,36,14.7,24163.0,704.0,1,62.8,34,0
3837,57622,2023-10-14,43,M,77460.0,employed,22.9,SPb,branch,consumer,190000,12,18.9,17501.0,705.0,5,56.4,12,0
3838,28810,2023-09-10,26,M,30331.0,unemployed,0.1,Moscow,online,consumer,140000,24,22.4,7291.0,500.0,4,68.0,220,1
3839,78842,2024-11-30,39,M,106068.0,employed,18.1,Moscow,partner,education,330000,36,13.7,11231.0,722.0,0,48.8,212,1
3840,11503,2024-01-21,39,F,123403.0,self_employed,17.6,Moscow,partner,car,960000,60,16.4,23550.0,596.0,3,84.3,6,0
3841,85761,2023-08-18,46,M,87829.0,employed,26.7,SPb,online,consumer,280000,48,19.4,8431.0,625.0,2,47.9,0,0
3842,37976,2023-09-28,32,M,49390.0,self_employed,11.8,Ural,online,education,150000,12,15.6,13581.0,642.0,0,34.3,0,0
3843,12590,2024-02-19,20,M,21376.0,unemployed,1.0,Moscow,online,education,80000,24,19.3,4044.0,445.0,3,62.4,188,1
3844,11886,2023-07-17,26,F,72124.0,employed,0.0,South,online,consumer,230000,24,18.7,11560.0,666.0,2,36.8,3,0
3845,13866,2023-11-19,25,M,65158.0,freelance,6.4,Ural,online,education,220000,48,17.3,6382.0,612.0,0,58.7,233,1
3846,67624,2023-02-25,34,M,29271.0,unemployed,0.3,South,partner,car,350000,60,17.5,8793.0,529.0,3,67.5,24,0
3847,69899,2023-07-22,31,F,86696.0,self_employed,13.9,Moscow,partner,education,280000,24,16.3,13750.0,646.0,2,54.0,0,0
3848,33792,2024-09-12,38,F,120546.0,employed,12.4,Moscow,partner,education,370000,60,15.7,8939.0,673.0,0,50.7,0,0
3849,10764,2024-09-19,29,M,73517.0,self_employed,7.8,Siberia,branch,car,600000,48,14.6,16577.0,662.0,1,63.8,11,0
3850,87156,2024-08-26,24,F,51895.0,freelance,4.2,Ural,branch,consumer,180000,60,19.2,4689.0,614.0,1,46.8,22,0
3851,43727,2023-05-18,26,F,56490.0,employed,0.2,South,branch,education,120000,60,15.2,2867.0,684.0,1,30.1,55,0
3852,79471,2024-02-26,45,M,91285.0,employed,20.1,Moscow,partner,car,640000,48,13.8,17425.0,700.0,0,46.1,9,0
3853,9068,2023-02-26,31,M,85242.0,employed,11.5,Moscow,branch,consumer,330000,24,19.1,16651.0,617.0,3,55.0,5,0
3854,8295,2024-07-15,34,F,84744.0,employed,13.5,South,branch,car,840000,48,16.1,23849.0,550.0,2,83.3,185,1
3855,42160,2023-03-12,37,M,50628.0,freelance,11.9,Ural,partner,consumer,170000,36,19.7,6292.0,620.0,0,41.6,16,0
3856,12390,2024-08-16,27,M,70189.0,employed,7.8,Siberia,branch,education,220000,36,15.1,7637.0,641.0,2,50.8,90,1
3857,21131,2024-01-07,43,M,122320.0,employed,23.4,Moscow,branch,renovation,950000,24,18.4,47612.0,602.0,4,82.2,92,1
3858,95754,2024-09-08,42,F,72007.0,self_employed,19.3,Moscow,partner,consumer,180000,36,18.1,6516.0,677.0,1,40.8,1,0
3859,76969,2024-08-22,52,F,220000.0,employed,30.4,SPb,branch,consumer,550000,24,16.5,27061.0,764.0,0,38.0,9,0
3860,16038,2024-05-28,22,F,59801.0,employed,3.9,South,partner,consumer,210000,24,19.4,10627.0,663.0,3,47.4,0,0
3861,53327,2023-03-25,46,M,79308.0,employed,27.6,South,online,car,700000,24,15.3,34041.0,669.0,2,69.5,38,0
3862,94718,2023-02-12,40,F,136185.0,employed,16.4,Moscow,online,renovation,830000,36,15.7,29058.0,786.0,1,66.0,5,0
3863,78064,2024-10-27,38,F,58137.0,employed,19.9,Moscow,branch,car,660000,60,14.1,15391.0,695.0,1,61.5,0,0
3864,22281,2024-08-28,42,M,87228.0,employed,16.4,SPb,partner,car,810000,60,14.4,19016.0,716.0,1,74.4,24,0
3865,55189,2023-05-13,25,F,95273.0,employed,6.0,Siberia,partner,consumer,320000,24,20.6,16381.0,519.0,0,56.3,34,0
3866,49511,2024-01-30,43,M,102589.0,freelance,22.3,Siberia,branch,car,1020000,48,16.8,29327.0,590.0,3,84.8,0,0
3867,9605,2023-03-06,21,F,40552.0,freelance,0.5,Moscow,online,consumer,130000,24,20.2,6629.0,631.0,5,52.1,0,0
3868,2381,2023-10-17,33,M,52688.0,employed,13.5,Ural,branch,consumer,150000,24,18.7,7539.0,674.0,4,47.5,3,0
3869,67634,2024-01-11,41,F,63732.0,self_employed,13.9,Ural,online,consumer,190000,12,18.0,17419.0,730.0,0,24.3,30,0
3870,20810,2024-04-11,39,F,38892.0,freelance,20.4,SPb,branch,consumer,150000,24,20.3,7656.0,601.0,1,58.7,199,1
3871,25322,2023-08-01,45,F,120165.0,employed,24.1,Ural,partner,education,450000,60,16.4,11039.0,659.0,1,63.7,19,0
3872,42869,2023-05-28,32,M,32992.0,unemployed,0.3,Moscow,online,education,100000,24,17.2,4954.0,647.0,1,47.1,0,0
3873,33955,2024-07-26,59,M,29451.0,unemployed,0.1,Ural,partner,renovation,280000,48,19.8,8491.0,506.0,1,65.2,166,1
3874,62388,2024-04-15,27,M,50903.0,employed,8.7,Ural,online,car,350000,60,15.1,8345.0,583.0,4,70.6,39,0
3875,11207,2023-05-29,49,F,115780.0,employed,29.7,Moscow,online,renovation,700000,48,17.6,20416.0,651.0,4,65.6,21,0
3876,88329,2023-03-29,57,F,116205.0,employed,36.8,South,online,education,250000,24,15.7,12205.0,624.0,0,42.4,11,0
3877,68628,2023-11-20,46,M,102819.0,employed,27.8,Moscow,partner,consumer,450000,24,19.4,22771.0,663.0,1,48.4,21,0
3878,29220,2024-01-31,46,M,37385.0,unemployed,1.4,SPb,branch,consumer,190000,48,20.7,5853.0,584.0,2,49.9,12,0
3879,85050,2024-02-08,48,F,35289.0,unemployed,0.5,SPb,online,renovation,260000,48,19.2,7801.0,580.0,0,62.0,145,1
3880,75085,2023-03-23,27,M,102233.0,employed,6.5,Moscow,partner,car,1130000,60,14.8,26764.0,669.0,0,83.2,189,1
3881,23031,2024-10-02,26,M,91817.0,self_employed,7.1,Ural,online,renovation,550000,36,17.8,19829.0,581.0,0,58.5,197,1
3882,71721,2023-10-13,49,M,44745.0,self_employed,29.8,South,branch,consumer,160000,36,19.5,5905.0,599.0,2,42.9,196,1
3883,81807,2024-01-17,30,M,61309.0,employed,7.2,South,branch,consumer,230000,12,19.4,21240.0,584.0,1,40.2,24,0
3884,72312,2023-09-27,36,F,117530.0,self_employed,11.9,SPb,partner,car,840000,48,15.6,23634.0,675.0,2,73.3,8,0
3885,60766,2023-10-19,38,F,29977.0,unemployed,1.3,Ural,branch,consumer,140000,36,20.6,5246.0,579.0,1,43.6,20,0
3886,13449,2024-03-28,20,F,66375.0,employed,0.7,Siberia,branch,consumer,190000,12,19.4,17546.0,675.0,3,68.3,0,0
3887,90833,2024-12-15,28,M,93673.0,employed,4.7,Moscow,branch,consumer,290000,12,17.6,26532.0,670.0,0,31.3,25,0
3888,57699,2023-01-24,32,F,74472.0,employed,3.1,Ural,branch,consumer,260000,48,18.1,7651.0,725.0,0,33.1,6,0
3889,82253,2023-11-07,20,M,100022.0,employed,0.8,SPb,branch,consumer,240000,24,20.3,12250.0,576.0,1,38.3,40,0
3890,47092,2024-04-05,20,M,101620.0,employed,0.0,SPb,partner,renovation,570000,36,16.0,20040.0,748.0,1,48.4,0,0
3891,64671,2023-07-27,28,F,74402.0,employed,8.0,Moscow,branch,car,550000,60,13.2,12571.0,752.0,0,62.2,8,0
3892,11350,2024-12-17,41,M,59521.0,employed,22.1,SPb,online,car,710000,24,13.7,33989.0,687.0,3,67.7,129,1
3893,97158,2024-10-25,22,M,41433.0,freelance,0.6,Moscow,partner,consumer,130000,24,19.1,6559.0,693.0,1,61.9,8,0
3894,69487,2024-03-13,27,F,92335.0,employed,7.1,SPb,partner,consumer,340000,12,20.3,31545.0,573.0,3,54.0,17,0
3895,18622,2024-06-21,61,M,159566.0,employed,42.1,SPb,online,consumer,440000,24,17.4,21839.0,729.0,1,40.3,8,0
3896,71263,2024-12-06,38,F,62810.0,freelance,19.7,SPb,partner,education,170000,48,15.3,4757.0,640.0,2,49.8,0,0
3897,54117,2023-12-02,21,F,54607.0,freelance,0.0,South,online,consumer,230000,48,21.4,7172.0,575.0,0,64.2,0,0
3898,59394,2024-02-26,23,M,39895.0,employed,0.0,Ural,partner,consumer,160000,48,18.5,4742.0,657.0,2,34.7,20,0
3899,24782,2023-11-17,20,M,65665.0,employed,1.8,South,partner,car,840000,60,16.2,20517.0,633.0,0,71.1,0,0
3900,29454,2024-05-11,41,M,66395.0,freelance,19.7,Ural,branch,consumer,190000,24,20.1,9679.0,603.0,1,48.3,23,0
3901,68904,2024-08-09,35,M,62448.0,employed,16.5,Siberia,branch,education,120000,36,15.2,4172.0,639.0,1,33.5,23,0
3902,16592,2023-06-12,35,M,76017.0,employed,13.9,Siberia,online,renovation,570000,24,17.5,28319.0,607.0,1,52.9,10,0
3903,23173,2024-06-24,26,F,76428.0,employed,0.9,Siberia,branch,renovation,550000,48,17.6,16042.0,615.0,0,50.6,43,0
3904,34204,2023-06-14,55,M,93585.0,employed,36.1,Ural,branch,renovation,520000,60,17.5,13064.0,660.0,2,53.9,0,0
3905,36596,2024-11-28,51,M,134019.0,employed,31.7,SPb,partner,consumer,450000,12,18.6,41385.0,692.0,1,47.7,102,1
3906,35324,2024-07-19,33,F,84550.0,employed,10.2,Ural,branch,consumer,290000,24,19.4,14675.0,557.0,2,51.8,14,0
3907,62202,2023-10-22,52,F,156598.0,freelance,30.0,Moscow,branch,consumer,550000,24,21.1,28289.0,587.0,0,75.7,233,1
3908,90400,2023-02-11,37,F,54735.0,freelance,17.4,Ural,partner,renovation,290000,60,19.8,7651.0,573.0,1,74.1,134,1
3909,31750,2023-10-12,60,M,31526.0,unemployed,0.9,Ural,branch,car,350000,48,16.1,9937.0,604.0,1,62.6,6,0
3910,77112,2024-01-22,26,F,81426.0,employed,0.4,Siberia,partner,education,220000,36,15.6,7691.0,675.0,1,55.5,6,0
3911,17566,2023-05-18,26,F,82366.0,employed,6.2,South,online,car,580000,60,15.2,13859.0,612.0,5,70.8,23,0
3912,8190,2023-07-06,24,M,116520.0,freelance,5.9,Moscow,partner,consumer,490000,48,20.9,15147.0,622.0,1,78.8,214,1
3913,89607,2024-12-16,28,M,81706.0,employed,7.9,Ural,partner,consumer,220000,24,18.1,10994.0,715.0,1,48.8,21,0
3914,39333,2024-03-06,21,M,74538.0,employed,0.0,South,online,consumer,260000,60,20.2,6917.0,569.0,4,53.9,8,0
3915,81905,2024-07-07,52,F,120707.0,employed,33.3,South,partner,consumer,430000,36,19.9,15958.0,596.0,0,46.1,12,0
3916,90571,2024-02-20,29,M,51475.0,employed,10.7,Siberia,online,car,420000,60,14.9,9970.0,594.0,1,58.4,1,0
3917,2589,2024-03-01,39,F,111935.0,employed,20.0,Moscow,online,consumer,330000,36,18.5,12013.0,684.0,0,42.2,0,0
3918,26235,2024-02-20,38,F,108827.0,employed,20.0,Moscow,online,renovation,560000,48,16.3,15957.0,696.0,1,53.0,0,0
3919,1159,2023-01-26,34,F,33106.0,unemployed,0.6,Moscow,branch,car,450000,60,18.3,11501.0,474.0,0,66.2,153,1
3920,13145,2024-01-06,35,M,42749.0,employed,16.5,South,partner,renovation,250000,36,17.7,9001.0,657.0,1,39.8,42,0
3921,81909,2024-01-20,28,M,39576.0,unemployed,0.6,Siberia,branch,education,90000,36,18.8,3290.0,499.0,1,68.5,203,1
3922,32921,2023-02-25,35,M,34770.0,freelance,16.2,Ural,branch,car,420000,48,16.5,12011.0,585.0,4,80.8,216,1
3923,17237,2023-09-10,25,M,67635.0,employed,0.0,South,online,renovation,380000,24,17.5,18879.0,659.0,0,47.4,35,0
3924,9244,2024-09-25,25,F,104089.0,self_employed,4.7,Moscow,online,consumer,230000,36,19.7,8513.0,536.0,1,57.0,12,0
3925,15743,2023-04-16,21,M,76712.0,self_employed,2.9,Ural,online,education,240000,48,17.7,7012.0,552.0,2,55.1,0,0
3926,98102,2023-05-10,53,M,133939.0,employed,30.6,Ural,online,consumer,380000,36,19.8,14083.0,687.0,2,46.2,28,0
3927,47101,2024-10-31,21,M,49256.0,employed,1.4,SPb,online,car,440000,60,14.7,10398.0,589.0,1,49.8,33,0
3928,85227,2024-01-11,60,M,194013.0,employed,39.2,SPb,branch,education,450000,60,15.5,10824.0,704.0,1,56.4,13,0
3929,57378,2023-11-04,35,F,98318.0,self_employed,7.9,Moscow,partner,consumer,290000,24,19.6,14703.0,648.0,1,58.9,0,0
3930,72126,2023-04-01,29,F,37934.0,employed,8.8,Ural,online,consumer,150000,36,19.7,5552.0,626.0,0,35.5,0,0
3931,57071,2024-01-28,24,F,71284.0,employed,1.1,SPb,branch,consumer,240000,60,17.4,6016.0,721.0,1,38.2,0,0
3932,72121,2024-06-17,19,M,74956.0,employed,0.0,Moscow,branch,consumer,210000,24,18.5,10535.0,612.0,2,42.2,0,0
3933,75763,2023-04-20,50,F,93133.0,employed,28.2,South,online,car,570000,48,13.4,15405.0,758.0,5,55.9,0,0
3934,94814,2024-07-14,27,F,73227.0,employed,8.7,Ural,online,consumer,280000,36,19.7,10363.0,586.0,2,60.9,150,1
3935,13237,2024-10-02,38,M,81701.0,employed,13.3,Siberia,partner,consumer,330000,36,18.9,12080.0,601.0,4,56.8,0,0
3936,16649,2024-08-07,45,M,84511.0,freelance,26.3,Moscow,branch,education,330000,60,17.4,8272.0,540.0,0,53.2,144,1
3937,38713,2023-12-06,40,F,90091.0,self_employed,20.9,Moscow,partner,consumer,330000,60,21.1,8946.0,599.0,2,60.9,64,0
3938,74463,2024-07-18,20,F,31653.0,self_employed,0.0,South,partner,consumer,80000,12,19.1,7376.0,644.0,1,48.9,16,0
3939,46409,2023-12-22,39,F,66949.0,self_employed,20.5,Ural,online,consumer,190000,12,19.9,17591.0,609.0,2,46.2,0,0
3940,49766,2023-06-17,29,M,102437.0,self_employed,10.1,SPb,partner,consumer,290000,48,19.3,8717.0,658.0,1,43.1,0,0
3941,47154,2024-07-10,50,M,60974.0,self_employed,29.4,Ural,partner,consumer,200000,24,19.0,10082.0,676.0,1,44.3,22,0
3942,8016,2024-03-27,49,F,115602.0,employed,13.0,Moscow,online,renovation,680000,48,17.0,19621.0,653.0,1,60.1,23,0
3943,80563,2023-04-15,32,F,32750.0,unemployed,0.2,South,branch,consumer,100000,24,22.1,5193.0,513.0,2,57.0,5,0
3944,49688,2023-05-30,40,M,92035.0,employed,21.6,Moscow,branch,consumer,210000,60,17.9,5321.0,750.0,2,41.7,17,0
3945,90678,2023-05-26,28,F,99465.0,employed,5.9,Moscow,online,car,830000,48,15.2,23184.0,662.0,2,80.2,90,1
3946,55238,2024-12-16,42,M,76057.0,employed,22.3,South,branch,consumer,180000,24,17.7,8960.0,662.0,1,37.7,36,0
3947,59608,2023-10-26,32,F,111245.0,employed,0.0,Moscow,online,consumer,300000,24,18.8,15093.0,680.0,2,56.3,6,0
3948,90081,2023-06-16,23,F,33280.0,freelance,2.0,South,online,consumer,70000,6,20.2,12364.0,618.0,2,43.9,0,0
3949,32897,2024-12-13,51,F,83639.0,employed,30.7,Siberia,online,consumer,340000,60,20.1,9027.0,551.0,2,56.1,28,0
3950,51961,2024-10-07,32,M,44249.0,freelance,11.6,SPb,online,consumer,150000,12,19.8,13881.0,613.0,0,55.8,21,0
3951,69703,2024-12-23,32,M,71288.0,employed,10.9,Moscow,online,car,610000,60,13.4,14005.0,732.0,1,49.6,1,0
3952,45757,2023-02-17,30,F,75039.0,employed,8.1,Siberia,branch,car,550000,60,15.9,13346.0,585.0,3,68.8,31,0
3953,27917,2024-09-29,22,F,95269.0,employed,3.8,Ural,online,car,710000,48,14.1,19437.0,632.0,1,66.9,0,0
3954,23736,2023-08-27,46,M,79224.0,self_employed,27.6,Moscow,online,education,230000,36,15.4,8018.0,694.0,1,33.6,27,0
3955,28990,2023-01-07,29,F,41505.0,freelance,9.9,South,branch,renovation,450000,48,20.6,13838.0,507.0,3,70.3,162,1
3956,63551,2024-04-08,27,M,46312.0,employed,7.0,Siberia,branch,education,160000,24,16.5,7872.0,516.0,4,53.3,142,1
3957,59161,2024-03-28,54,M,118443.0,employed,34.9,South,branch,consumer,450000,24,20.5,23013.0,552.0,4,69.6,183,1
3958,80623,2024-01-06,24,M,26573.0,unemployed,0.1,SPb,online,education,80000,36,18.9,2928.0,487.0,1,77.3,197,1
3959,23440,2024-07-02,27,M,130556.0,employed,1.2,Moscow,online,consumer,490000,36,17.8,17666.0,649.0,0,45.0,36,0
3960,36205,2024-05-01,41,M,68358.0,employed,22.9,South,branch,consumer,330000,6,19.3,58137.0,633.0,1,50.5,19,0
3961,81811,2023-07-30,32,F,78776.0,employed,5.6,Ural,online,consumer,190000,48,19.6,5741.0,633.0,2,60.6,0,0
3962,56103,2023-06-14,48,M,98340.0,employed,22.9,Ural,online,renovation,830000,48,18.9,24773.0,592.0,2,81.0,0,0
3963,71812,2023-05-05,23,M,65617.0,employed,1.5,Ural,online,education,190000,48,16.3,5414.0,568.0,2,46.9,14,0
3964,42627,2023-12-03,28,F,74127.0,employed,9.9,SPb,partner,car,700000,60,14.3,16397.0,699.0,0,61.6,9,0
3965,20008,2023-07-11,65,F,96235.0,freelance,45.0,Moscow,branch,consumer,290000,24,18.4,14534.0,738.0,1,29.9,0,0
3966,72274,2024-12-30,48,F,88973.0,self_employed,18.4,Ural,branch,consumer,310000,24,18.3,15521.0,666.0,0,40.2,2,0
3967,33402,2023-08-02,28,M,65199.0,freelance,2.9,Siberia,online,consumer,210000,12,19.8,19433.0,658.0,2,67.6,0,0
3968,54384,2024-07-27,20,F,68229.0,employed,0.0,South,partner,consumer,230000,24,18.0,11483.0,666.0,0,36.0,2,0
3969,6793,2023-11-24,54,M,84356.0,self_employed,19.3,Moscow,online,consumer,320000,24,21.4,16506.0,522.0,2,57.0,0,0
3970,6571,2024-01-16,51,M,137798.0,self_employed,32.8,Moscow,branch,renovation,950000,48,19.6,28707.0,537.0,1,80.2,2,0
3971,97867,2024-11-03,26,M,18000.0,unemployed,0.2,Siberia,partner,consumer,70000,12,21.2,6525.0,487.0,1,50.0,2,0
3972,17209,2024-07-31,29,M,64343.0,employed,13.0,Siberia,online,car,510000,60,15.4,12240.0,623.0,1,82.2,12,0
3973,91930,2023-08-27,55,M,189896.0,employed,35.8,Moscow,online,car,1500000,24,15.4,73015.0,679.0,2,84.6,124,1
3974,44148,2024-06-15,44,F,64796.0,self_employed,24.3,Moscow,online,education,170000,60,14.6,4009.0,708.0,1,29.1,1,0
3975,92218,2024-11-30,48,M,49816.0,unemployed,0.1,SPb,branch,car,590000,48,17.2,17086.0,554.0,2,81.4,191,1
3976,3224,2023-03-23,35,F,46231.0,unemployed,0.9,Moscow,partner,consumer,200000,36,21.9,7628.0,513.0,1,62.7,12,0
3977,49695,2023-12-29,52,M,120068.0,self_employed,13.9,Siberia,online,car,1070000,60,15.9,25964.0,662.0,1,82.5,46,0
3978,33441,2024-05-19,41,M,57422.0,employed,22.9,Ural,partner,consumer,180000,60,18.2,4590.0,648.0,1,32.5,2,0
3979,40129,2023-07-21,19,M,67175.0,employed,0.0,South,branch,consumer,270000,24,20.3,13781.0,545.0,1,54.1,12,0
3980,63368,2024-05-18,43,F,38889.0,unemployed,0.1,SPb,online,car,460000,60,17.7,11606.0,537.0,2,81.3,162,1
3981,93122,2024-10-05,19,F,59267.0,employed,0.0,Ural,online,renovation,480000,60,16.8,11878.0,653.0,3,60.5,12,0
3982,45760,2023-02-06,33,F,85961.0,employed,9.8,South,partner,education,240000,48,15.7,6765.0,666.0,1,44.0,0,0
3983,24478,2024-10-05,19,F,23535.0,unemployed,0.2,South,branch,car,350000,48,17.9,10263.0,474.0,2,69.4,144,1
3984,72854,2024-08-11,19,F,102833.0,employed,0.5,Moscow,partner,car,810000,36,15.0,28079.0,627.0,3,76.8,18,0
3985,95230,2024-08-23,27,F,62622.0,self_employed,8.8,Moscow,online,car,550000,60,12.9,12486.0,735.0,0,52.5,26,0
3986,86716,2024-02-06,35,F,116471.0,self_employed,15.8,South,online,renovation,460000,36,18.1,16653.0,637.0,2,64.8,16,0
3987,13180,2024-12-06,63,M,124173.0,employed,41.3,Ural,partner,consumer,470000,12,19.9,43516.0,566.0,0,64.9,210,1
3988,99538,2023-06-25,22,M,47817.0,employed,1.9,Siberia,online,consumer,200000,24,19.3,10111.0,659.0,2,42.5,4,0
3989,16372,2024-06-28,48,M,100826.0,employed,28.0,South,online,consumer,350000,24,16.1,17154.0,850.0,1,27.1,38,0
3990,30796,2024-07-23,25,M,42590.0,self_employed,6.5,SPb,online,consumer,130000,48,19.5,3921.0,600.0,1,41.1,14,0
3991,59272,2024-04-11,29,M,123097.0,employed,9.7,SPb,branch,renovation,650000,48,17.1,18789.0,689.0,1,68.3,19,0
3992,90963,2023-07-20,44,M,153207.0,employed,16.4,Moscow,branch,consumer,510000,36,20.1,18979.0,580.0,2,64.1,27,0
3993,99826,2024-06-23,43,M,34573.0,unemployed,0.9,South,branch,consumer,150000,12,23.1,14119.0,438.0,5,82.4,142,1
3994,94635,2024-06-30,49,M,111266.0,employed,28.3,Ural,online,renovation,490000,24,17.0,24227.0,652.0,1,54.8,6,0
3995,55040,2024-09-28,29,F,111046.0,employed,10.8,Moscow,branch,renovation,670000,36,17.3,23987.0,607.0,2,60.8,160,1
3996,76357,2024-01-29,21,M,75035.0,employed,2.8,Ural,partner,car,710000,12,17.0,64755.0,467.0,5,84.8,226,1
3997,72368,2023-02-11,26,M,75685.0,employed,6.3,SPb,branch,consumer,180000,12,17.4,16451.0,672.0,2,31.3,0,0
3998,79356,2024-08-19,41,F,50171.0,unemployed,0.2,Moscow,online,car,380000,24,16.5,18697.0,543.0,3,69.1,108,1
3999,17211,2024-01-28,21,M,65209.0,employed,1.6,Moscow,branch,consumer,210000,36,19.3,7730.0,616.0,0,37.5,143,1
4000,6842,2024-11-30,45,M,75916.0,employed,26.4,Ural,branch,renovation,660000,12,16.8,60133.0,631.0,0,51.5,11,0
4001,64115,2024-09-14,59,M,99829.0,freelance,37.0,Ural,branch,consumer,400000,12,17.1,36501.0,773.0,2,47.2,90,1
4002,67852,2024-03-16,24,M,69482.0,self_employed,5.5,Siberia,partner,car,440000,48,15.9,12447.0,594.0,3,66.2,10,0
4003,46968,2024-09-08,19,M,50575.0,employed,0.0,Moscow,branch,consumer,170000,6,18.0,29839.0,650.0,0,43.0,31,0
4004,18508,2024-05-20,27,M,46247.0,freelance,0.0,South,branch,renovation,290000,24,18.4,14534.0,562.0,3,66.3,0,0
4005,23005,2023-11-16,63,M,89466.0,self_employed,43.1,Ural,partner,education,320000,12,16.8,29155.0,597.0,0,59.5,19,0
4006,55575,2024-07-06,22,F,77269.0,employed,3.3,Moscow,online,car,580000,36,13.9,19795.0,659.0,1,71.0,42,0
4007,81742,2023-08-03,47,F,99725.0,self_employed,23.5,SPb,online,consumer,270000,36,19.4,9952.0,657.0,3,78.8,177,1
4008,19971,2023-03-12,22,F,24311.0,unemployed,1.8,South,partner,education,80000,60,17.7,2018.0,585.0,0,56.8,182,1
4009,26599,2024-07-21,40,M,89562.0,employed,14.3,SPb,partner,consumer,180000,6,16.9,31496.0,766.0,2,37.5,31,0
4010,88592,2023-08-24,48,M,77236.0,self_employed,26.2,South,partner,consumer,200000,12,18.7,18403.0,743.0,3,43.1,0,0
4011,67914,2023-10-08,49,F,32040.0,unemployed,0.1,Moscow,online,consumer,170000,12,22.5,15952.0,563.0,2,82.6,177,1
4012,68055,2024-09-08,37,M,55777.0,self_employed,16.1,South,online,consumer,190000,36,18.8,6945.0,634.0,0,33.0,6,0
4013,88697,2023-06-11,25,F,74796.0,employed,6.4,SPb,partner,consumer,280000,48,20.0,8521.0,619.0,2,57.7,10,0
4014,6355,2023-07-10,32,M,69211.0,employed,12.5,South,partner,consumer,210000,48,18.6,6235.0,709.0,0,29.8,42,0
4015,55120,2023-01-09,29,F,41151.0,self_employed,8.3,South,online,education,150000,36,15.5,5237.0,660.0,0,29.7,22,0
4016,75619,2023-03-01,63,M,72527.0,employed,42.3,Ural,branch,consumer,180000,24,18.4,9021.0,693.0,1,39.9,20,0
4017,39342,2023-08-13,46,M,34205.0,unemployed,0.3,Ural,partner,consumer,120000,12,22.3,11249.0,516.0,2,65.9,181,1
4018,86992,2024-11-30,27,F,111737.0,employed,4.9,Moscow,branch,renovation,700000,48,16.3,19946.0,738.0,0,63.8,6,0
4019,79860,2024-08-04,32,F,59127.0,employed,13.7,Ural,online,car,500000,24,14.5,24125.0,637.0,1,60.1,0,0
4020,3257,2023-10-14,35,M,76031.0,self_employed,16.8,Ural,branch,education,180000,24,15.7,8788.0,663.0,3,49.5,12,0
4021,28364,2023-06-18,64,F,103416.0,employed,45.0,SPb,branch,education,270000,36,14.9,9346.0,690.0,1,37.4,21,0
4022,25972,2023-03-03,33,M,129265.0,employed,10.3,Ural,partner,car,1180000,60,15.8,28570.0,606.0,1,83.6,156,1
4023,27654,2023-12-15,37,M,75520.0,employed,18.8,South,branch,renovation,490000,48,16.2,13937.0,711.0,1,42.1,7,0
4024,81769,2024-03-17,40,F,60825.0,self_employed,21.2,Moscow,branch,consumer,180000,48,20.9,5564.0,559.0,5,66.8,28,0
4025,82423,2023-01-14,49,F,70664.0,freelance,30.1,SPb,branch,consumer,240000,12,18.5,22060.0,692.0,0,35.4,0,0
4026,30320,2023-06-13,44,F,87049.0,self_employed,22.9,SPb,online,consumer,320000,36,19.2,11762.0,652.0,1,43.8,14,0
4027,21808,2024-02-24,21,M,87383.0,employed,1.5,South,online,car,760000,60,15.8,18401.0,597.0,2,79.9,45,0
4028,53389,2024-06-03,31,M,59770.0,employed,12.3,South,online,consumer,150000,24,20.1,7642.0,565.0,1,36.8,4,0
4029,96690,2024-10-27,32,F,29251.0,freelance,12.2,Ural,online,consumer,100000,36,20.2,3727.0,612.0,3,56.5,38,0
4030,35773,2024-07-01,61,M,39183.0,unemployed,0.5,Ural,online,consumer,130000,60,23.1,3672.0,423.0,2,70.9,174,1
4031,52168,2024-07-13,32,M,74153.0,employed,13.0,South,branch,renovation,310000,24,15.4,15090.0,676.0,1,35.4,25,0
4032,28747,2024-08-19,38,M,94181.0,self_employed,19.6,Moscow,online,consumer,280000,12,19.7,25897.0,550.0,4,60.3,12,0
4033,77396,2023-01-28,41,M,80592.0,employed,19.2,Ural,online,renovation,470000,48,17.0,13562.0,621.0,1,50.0,28,0
4034,84692,2024-12-08,31,M,102766.0,employed,13.0,Moscow,branch,education,290000,24,14.3,13965.0,723.0,4,59.4,7,0
4035,58505,2024-03-21,38,M,63876.0,freelance,16.1,South,online,consumer,250000,6,19.9,44118.0,634.0,0,40.4,34,0
4036,86896,2023-07-27,62,F,114214.0,employed,40.8,SPb,branch,renovation,610000,60,17.2,15226.0,681.0,0,73.0,0,0
4037,19135,2024-04-14,36,F,63758.0,employed,16.1,Ural,branch,consumer,160000,24,17.7,7965.0,737.0,0,22.0,4,0
4038,91887,2024-12-16,40,M,100641.0,employed,21.6,SPb,online,renovation,510000,36,16.3,18006.0,715.0,0,44.0,18,0
4039,97035,2023-04-14,31,M,150599.0,employed,8.7,South,branch,consumer,540000,12,18.0,49507.0,732.0,0,46.5,14,0
4040,48377,2024-03-01,24,M,68373.0,self_employed,5.8,South,branch,education,230000,36,15.7,8052.0,644.0,1,36.1,10,0
4041,24554,2023-04-11,30,M,111139.0,employed,5.2,Moscow,branch,education,290000,36,13.7,9869.0,734.0,3,32.6,10,0
4042,63491,2024-06-24,26,F,49833.0,self_employed,3.5,Siberia,branch,consumer,220000,36,20.0,8176.0,527.0,1,52.9,173,1
4043,56621,2024-09-30,33,F,108703.0,employed,10.9,SPb,branch,consumer,440000,36,19.6,16262.0,600.0,0,55.6,31,0
4044,59283,2024-06-05,27,F,72054.0,self_employed,4.8,Moscow,online,car,680000,48,15.8,19202.0,585.0,0,60.5,12,0
4045,86140,2023-04-16,32,F,63766.0,employed,13.8,SPb,branch,car,700000,48,13.9,19093.0,735.0,2,59.1,19,0
4046,17923,2024-11-09,24,M,60881.0,self_employed,0.0,South,partner,education,170000,60,15.7,4107.0,616.0,0,39.6,42,0
4047,48591,2023-10-04,65,M,142739.0,self_employed,41.1,SPb,partner,renovation,950000,36,17.9,34297.0,666.0,1,77.2,35,0
4048,63261,2023-03-06,22,F,28109.0,unemployed,0.2,Moscow,online,renovation,180000,60,19.9,4759.0,538.0,0,56.7,1,0
4049,55336,2023-07-07,34,F,23573.0,unemployed,0.4,Siberia,branch,renovation,190000,60,20.5,5087.0,500.0,1,68.0,163,1
4050,75083,2023-11-13,32,M,70968.0,employed,10.0,South,partner,consumer,210000,48,20.1,6402.0,612.0,5,68.2,10,0
4051,61948,2023-05-18,32,M,90785.0,employed,8.7,SPb,online,education,240000,36,17.1,8569.0,585.0,5,55.7,12,0
4052,34002,2023-12-09,19,F,68881.0,self_employed,0.1,Moscow,branch,car,770000,48,16.3,21941.0,594.0,2,71.2,215,1
4053,81098,2023-04-15,29,M,68977.0,self_employed,9.6,Ural,partner,consumer,300000,36,20.2,11180.0,587.0,0,45.3,0,0
4054,74016,2024-06-29,67,F,129378.0,employed,44.2,Moscow,branch,consumer,400000,24,16.3,19643.0,819.0,3,42.4,22,0
4055,27672,2024-01-15,33,F,74437.0,employed,10.6,SPb,online,consumer,240000,24,19.4,12145.0,621.0,0,33.6,0,0
4056,5213,2023-04-20,33,M,83124.0,self_employed,12.8,Moscow,online,consumer,240000,24,18.5,12040.0,687.0,1,38.4,0,0
4057,11293,2024-06-28,30,F,18000.0,unemployed,0.0,SPb,branch,car,350000,48,17.8,10245.0,446.0,3,82.5,125,1
4058,56860,2023-12-20,48,F,47211.0,unemployed,0.2,Moscow,branch,car,500000,36,17.9,18051.0,554.0,1,84.3,12,0
4059,63507,2023-11-13,33,F,57766.0,employed,13.4,Ural,partner,consumer,170000,36,19.5,6275.0,637.0,0,39.9,16,0
4060,58134,2023-09-23,63,M,129851.0,employed,40.7,Moscow,online,education,450000,48,15.8,12707.0,698.0,2,54.8,3,0
4061,3100,2024-11-24,29,M,54089.0,employed,9.4,South,branch,car,370000,24,13.4,17660.0,701.0,3,51.6,31,0
4062,62997,2023-03-06,35,F,86961.0,employed,15.9,South,online,consumer,300000,24,18.3,15021.0,677.0,2,47.2,15,0
4063,29172,2023-11-29,20,M,78272.0,freelance,0.0,Moscow,branch,consumer,260000,24,20.8,13335.0,566.0,1,34.1,0,0
4064,21132,2024-05-27,65,M,52699.0,freelance,42.1,SPb,partner,car,380000,60,15.7,9180.0,623.0,0,54.5,6,0
4065,19199,2023-05-13,21,M,68815.0,employed,0.0,SPb,online,car,590000,48,17.1,17055.0,553.0,1,79.0,22,0
4066,37609,2024-08-14,49,F,96837.0,employed,30.5,SPb,partner,consumer,290000,48,16.2,8248.0,766.0,0,31.6,32,0
4067,43965,2024-06-23,62,M,85048.0,employed,37.7,Moscow,partner,consumer,310000,12,16.4,28185.0,839.0,4,49.6,20,0
4068,9016,2024-06-18,33,M,24999.0,unemployed,0.1,SPb,partner,consumer,90000,36,22.4,3456.0,471.0,1,51.3,28,0
4069,40779,2024-05-10,56,M,131751.0,employed,37.7,Moscow,branch,education,400000,24,14.8,19357.0,693.0,4,45.6,0,0
4070,32881,2024-09-12,38,F,170223.0,employed,15.3,Moscow,partner,consumer,550000,12,18.8,50634.0,671.0,2,57.1,8,0
4071,83594,2024-09-10,42,F,73990.0,self_employed,22.8,Siberia,branch,consumer,240000,24,19.7,12180.0,554.0,2,45.4,3,0
4072,25472,2024-10-18,36,M,75790.0,self_employed,11.9,SPb,online,renovation,320000,48,16.2,9102.0,717.0,3,67.1,16,0
4073,52813,2024-01-04,21,F,38120.0,unemployed,0.9,Moscow,branch,consumer,120000,48,22.0,3781.0,525.0,5,78.1,190,1
4074,37021,2024-10-12,24,M,114112.0,employed,2.3,Moscow,online,car,1110000,48,14.9,30836.0,622.0,4,84.7,22,0
4075,55131,2023-04-09,31,F,62769.0,employed,11.9,SPb,online,car,530000,24,15.0,25698.0,658.0,1,53.1,0,0
4076,25087,2023-11-13,38,F,99206.0,employed,19.1,Ural,partner,consumer,270000,24,18.9,13597.0,618.0,2,42.7,30,0
4077,13828,2023-05-03,37,F,31058.0,unemployed,0.4,Moscow,partner,consumer,90000,36,21.6,3419.0,549.0,1,56.7,19,0
4078,62610,2023-11-16,50,M,56729.0,freelance,30.0,SPb,online,car,490000,48,16.0,13887.0,640.0,2,68.1,90,1
4079,97664,2024-08-15,47,F,83637.0,freelance,27.5,South,online,renovation,390000,24,17.7,19414.0,613.0,1,60.5,0,0
4080,2401,2024-05-09,19,F,73661.0,employed,0.8,Ural,online,renovation,600000,36,17.9,21661.0,580.0,0,54.9,19,0
4081,86179,2024-04-01,37,F,60615.0,freelance,18.2,Ural,online,renovation,460000,12,18.2,42217.0,635.0,3,62.2,0,0
4082,16193,2024-06-05,34,M,102127.0,employed,14.0,SPb,online,renovation,650000,36,16.5,23013.0,746.0,1,52.6,31,0
4083,93389,2024-06-03,40,M,67978.0,employed,17.0,Ural,partner,car,800000,36,13.6,27187.0,757.0,1,59.9,21,0
4084,45864,2024-12-17,22,F,58980.0,employed,0.0,South,branch,car,570000,36,12.9,19178.0,663.0,1,48.2,21,0
4085,21307,2023-11-11,64,M,95386.0,self_employed,43.8,Moscow,partner,education,210000,24,16.2,10302.0,659.0,1,42.5,11,0
4086,20611,2024-12-09,36,F,104306.0,employed,16.5,South,branch,renovation,750000,60,18.0,19045.0,606.0,1,67.9,33,0
4087,44791,2024-12-10,49,M,70014.0,freelance,21.7,Moscow,online,consumer,160000,36,20.1,5954.0,590.0,2,49.3,139,1
4088,12950,2024-06-25,26,F,63487.0,self_employed,0.0,Moscow,partner,consumer,230000,24,18.9,11583.0,700.0,1,46.8,21,0
4089,77240,2024-04-23,27,M,86116.0,employed,8.4,Ural,branch,consumer,210000,24,18.8,10565.0,629.0,0,40.6,0,0
4090,78403,2023-01-20,34,M,93108.0,self_employed,13.7,Moscow,partner,car,880000,24,17.3,43636.0,577.0,1,84.8,133,1
4091,3745,2024-07-13,48,M,95275.0,employed,24.8,SPb,online,consumer,300000,24,17.8,14948.0,659.0,1,46.7,14,0
4092,56243,2023-05-10,27,M,52683.0,employed,3.8,Siberia,online,consumer,160000,12,20.4,14852.0,583.0,2,54.0,9,0
4093,4866,2023-10-20,33,M,61592.0,self_employed,11.5,Ural,online,car,630000,60,16.8,15589.0,595.0,2,70.4,0,0
4094,33245,2023-05-12,40,F,42964.0,freelance,20.1,Moscow,branch,renovation,220000,60,19.0,5707.0,592.0,2,53.3,12,0
4095,45724,2023-12-22,35,F,81713.0,employed,15.4,SPb,partner,car,810000,60,15.5,19483.0,667.0,3,71.1,31,0
4096,72354,2023-02-23,49,F,102597.0,freelance,26.1,Moscow,branch,consumer,350000,48,18.3,10336.0,710.0,0,41.7,6,0
4097,52374,2024-01-22,19,F,47591.0,freelance,0.2,South,online,renovation,370000,24,18.7,18597.0,581.0,1,59.8,15,0
4098,31116,2023-09-22,29,M,87466.0,employed,9.3,Siberia,partner,renovation,550000,48,17.1,15899.0,753.0,2,51.1,22,0
4099,82029,2023-08-03,46,M,107036.0,employed,25.5,South,branch,renovation,650000,36,17.2,23239.0,684.0,1,62.9,12,0
4100,94574,2024-04-04,27,M,70970.0,self_employed,3.7,South,online,car,610000,48,15.3,17070.0,618.0,2,64.3,31,0
4101,21447,2024-04-02,34,F,61012.0,employed,14.6,SPb,branch,renovation,280000,36,17.1,9997.0,611.0,3,48.1,19,0
4102,31431,2023-02-12,58,M,83415.0,freelance,37.6,South,branch,renovation,370000,60,17.3,9255.0,683.0,0,47.7,0,0
4103,18908,2024-08-08,31,M,48288.0,freelance,12.0,Ural,branch,education,120000,60,16.0,2918.0,615.0,1,47.0,163,1
4104,30336,2023-10-05,30,F,105829.0,employed,6.6,Ural,partner,car,1440000,48,15.9,40736.0,645.0,1,84.8,141,1
4105,41992,2023-05-10,32,F,33057.0,unemployed,0.3,SPb,online,consumer,140000,48,21.5,4373.0,522.0,1,55.4,166,1
4106,56350,2023-12-16,30,F,92723.0,employed,6.9,Ural,branch,consumer,450000,24,19.4,22771.0,609.0,0,46.8,10,0
4107,70561,2024-12-06,27,F,22503.0,unemployed,0.0,Ural,partner,renovation,180000,24,19.5,9117.0,551.0,2,66.3,151,1
4108,52955,2024-06-27,27,F,99572.0,employed,7.0,Ural,branch,consumer,360000,12,20.2,33383.0,559.0,2,59.0,0,0
4109,62240,2023-04-16,58,M,108280.0,freelance,39.6,SPb,online,renovation,510000,36,17.1,18208.0,715.0,1,48.8,32,0
4110,21093,2024-12-16,47,F,85823.0,employed,25.6,Siberia,online,consumer,380000,24,16.9,18770.0,771.0,3,42.2,9,0
4111,7155,2023-01-01,56,F,115313.0,self_employed,36.9,Moscow,online,renovation,620000,24,17.1,30684.0,679.0,2,68.5,16,0
4112,47607,2024-08-06,29,M,45344.0,employed,6.5,Siberia,branch,car,350000,48,13.8,9529.0,632.0,2,49.1,39,0
4113,34487,2024-03-07,24,M,52531.0,employed,5.8,Siberia,online,car,380000,36,14.2,13024.0,641.0,0,39.4,11,0
4114,56668,2023-11-02,46,M,106403.0,employed,25.8,Ural,partner,consumer,380000,36,20.7,14258.0,586.0,5,65.9,101,1
4115,21963,2024-06-10,31,M,70741.0,freelance,12.6,Moscow,branch,consumer,240000,24,20.2,12238.0,612.0,1,52.7,14,0
4116,51124,2023-02-22,22,F,74202.0,employed,1.6,Ural,branch,consumer,290000,60,18.7,7475.0,636.0,0,43.7,0,0
4117,53870,2024-06-03,32,M,70082.0,self_employed,11.2,Moscow,partner,car,790000,36,15.6,27618.0,579.0,0,73.0,4,0
4118,57547,2023-11-26,44,M,88224.0,freelance,24.1,Moscow,branch,education,200000,36,15.5,6982.0,731.0,1,45.0,12,0
4119,65110,2024-07-11,35,F,27702.0,unemployed,0.1,SPb,branch,car,350000,60,17.6,8812.0,473.0,0,64.6,118,1
4120,54554,2023-11-21,19,M,60465.0,employed,0.9,Ural,branch,renovation,490000,48,18.7,14574.0,573.0,0,51.8,0,0
4121,21936,2023-04-24,44,M,104797.0,freelance,22.7,Moscow,branch,education,320000,48,15.2,8938.0,732.0,2,46.6,18,0
4122,5426,2023-05-27,64,F,91341.0,employed,39.9,Moscow,online,consumer,330000,36,17.5,11848.0,780.0,1,36.0,30,0
4123,89839,2023-06-15,36,M,116313.0,self_employed,14.0,Ural,branch,car,1070000,48,17.2,30986.0,574.0,1,83.6,160,1
4124,28606,2024-01-14,47,F,106454.0,self_employed,22.3,Ural,branch,consumer,460000,6,20.5,81315.0,602.0,4,72.8,225,1
4125,48832,2023-05-19,27,M,73872.0,employed,1.0,Moscow,partner,consumer,270000,24,18.7,13571.0,641.0,2,38.6,25,0
4126,29151,2024-09-20,22,M,76452.0,employed,2.2,Moscow,partner,consumer,220000,48,19.1,6590.0,616.0,1,43.1,32,0
4127,80303,2023-10-26,19,M,105139.0,employed,0.0,Moscow,branch,consumer,440000,48,19.3,13226.0,633.0,1,48.0,23,0
4128,12308,2023-10-03,49,M,73641.0,employed,29.5,South,branch,renovation,460000,24,16.8,22699.0,713.0,4,57.6,2,0
4129,63522,2023-06-27,45,F,27959.0,unemployed,0.3,Ural,partner,consumer,80000,24,21.8,4142.0,533.0,1,51.7,188,1
4130,46671,2023-12-20,25,F,49472.0,employed,4.5,South,partner,consumer,170000,12,19.7,15723.0,607.0,1,53.0,0,0
4131,91306,2023-06-03,32,F,29544.0,unemployed,0.4,Ural,partner,education,110000,36,17.7,3960.0,533.0,1,48.9,0,0
4132,95108,2023-07-20,37,M,112776.0,employed,19.0,South,partner,consumer,330000,24,19.1,16651.0,681.0,1,51.3,12,0
4133,3204,2023-04-25,21,F,25147.0,unemployed,0.6,SPb,online,renovation,180000,36,21.1,6791.0,465.0,2,65.2,39,0
4134,93769,2024-11-01,40,F,87273.0,self_employed,17.9,Ural,branch,education,310000,36,16.0,10899.0,616.0,3,47.1,27,0
4135,88265,2024-07-07,26,M,65790.0,freelance,7.1,Ural,partner,car,630000,12,16.5,57310.0,555.0,0,72.0,220,1
4136,32131,2023-03-09,36,F,107572.0,employed,18.0,Moscow,online,car,690000,60,15.3,16524.0,631.0,4,70.9,3,0
4137,53428,2024-03-20,27,M,63113.0,self_employed,4.9,Moscow,online,consumer,150000,6,19.2,26419.0,641.0,1,38.3,0,0
4138,34870,2024-03-20,22,M,89017.0,employed,2.8,Moscow,partner,car,930000,48,15.5,26119.0,641.0,2,84.3,11,0
4139,50067,2023-11-22,23,F,73012.0,employed,3.3,Ural,online,consumer,260000,60,20.4,6946.0,562.0,2,60.6,15,0
4140,59585,2024-12-08,31,F,74011.0,self_employed,10.5,SPb,online,renovation,790000,12,19.0,72804.0,527.0,0,79.0,8,0
4141,22607,2024-08-24,32,M,59774.0,self_employed,13.6,Ural,online,renovation,330000,48,17.0,9522.0,689.0,3,54.0,13,0
4142,25968,2024-09-14,38,M,62028.0,employed,19.7,Siberia,branch,consumer,210000,36,17.9,7581.0,638.0,2,46.2,0,0
4143,99934,2023-12-25,27,F,75113.0,employed,0.0,Siberia,online,car,600000,24,16.1,29407.0,568.0,2,82.1,30,0
4144,12908,2023-05-25,39,F,145800.0,self_employed,13.9,South,online,renovation,760000,36,19.2,27935.0,602.0,2,80.8,12,0
4145,27423,2023-10-02,56,M,135546.0,employed,37.1,Ural,partner,car,1320000,48,15.8,37274.0,523.0,2,84.8,230,1
4146,75707,2024-05-23,29,M,126378.0,employed,13.0,SPb,online,car,1030000,12,14.5,92723.0,668.0,0,75.6,21,0
4147,79257,2023-06-28,65,M,80509.0,self_employed,45.0,SPb,partner,education,160000,60,16.7,3951.0,619.0,2,34.3,33,0
4148,62215,2024-04-21,20,F,43156.0,employed,0.3,SPb,branch,education,150000,48,15.9,4243.0,626.0,1,47.2,24,0
4149,56835,2024-02-18,45,M,60290.0,freelance,25.7,SPb,partner,consumer,200000,60,20.8,5388.0,550.0,1,53.9,6,0
4150,50429,2023-06-02,62,M,128573.0,self_employed,42.3,SPb,branch,consumer,370000,36,18.4,13451.0,667.0,0,46.7,0,0
4151,83152,2023-04-14,22,M,59601.0,freelance,0.3,Moscow,online,renovation,330000,48,19.3,9919.0,592.0,0,50.9,10,0
4152,39458,2023-03-16,45,F,92025.0,employed,23.9,Ural,branch,consumer,300000,36,19.1,11012.0,621.0,3,51.9,0,0
4153,47169,2023-05-08,64,F,128095.0,freelance,44.0,Ural,branch,renovation,680000,48,19.6,20548.0,585.0,1,77.2,0,0
4154,8659,2024-12-11,34,F,85286.0,employed,10.9,SPb,branch,consumer,280000,36,16.9,9969.0,752.0,2,28.6,0,0
4155,61614,2024-10-27,33,M,122061.0,employed,9.2,Moscow,online,consumer,320000,24,18.9,16115.0,608.0,1,43.6,0,0
4156,78240,2024-07-21,24,M,80703.0,employed,3.3,Moscow,online,consumer,420000,36,20.1,15630.0,588.0,3,62.5,155,1
4157,33793,2023-12-11,34,F,51300.0,freelance,15.6,Ural,partner,consumer,110000,6,20.7,19456.0,592.0,1,48.6,175,1
4158,47473,2024-06-14,23,F,54014.0,self_employed,3.4,Moscow,online,consumer,150000,12,18.6,13795.0,684.0,1,32.8,10,0
4159,97762,2023-06-08,27,F,86147.0,employed,6.0,Siberia,online,car,730000,60,15.7,17636.0,622.0,2,82.6,223,1
4160,90388,2024-06-21,46,F,86939.0,employed,27.8,South,online,consumer,290000,36,18.1,10499.0,672.0,2,55.1,5,0
4161,98618,2024-03-01,66,F,47003.0,employed,45.0,Ural,branch,consumer,210000,36,16.9,7477.0,761.0,2,36.0,19,0
4162,89330,2024-11-11,26,F,97317.0,employed,0.0,Siberia,online,consumer,280000,48,20.4,8580.0,546.0,2,50.3,9,0
4163,56751,2023-01-23,26,F,57935.0,self_employed,4.1,SPb,online,car,490000,60,16.5,12046.0,591.0,5,72.8,0,0
4164,79915,2023-02-16,47,F,100300.0,self_employed,28.5,Ural,branch,education,230000,36,14.6,7928.0,708.0,1,31.3,19,0
4165,55254,2024-06-08,26,M,24467.0,unemployed,0.1,Ural,online,consumer,90000,24,22.4,4687.0,494.0,1,61.8,58,0
4166,8006,2024-12-29,47,M,20046.0,unemployed,0.5,Siberia,online,car,350000,48,16.3,9973.0,547.0,1,64.0,155,1
4167,75218,2024-12-06,23,F,58464.0,self_employed,5.0,Siberia,online,car,560000,60,14.8,13264.0,589.0,1,67.8,29,0
4168,66344,2023-05-24,35,M,117333.0,employed,15.5,Siberia,online,consumer,480000,60,20.2,12771.0,570.0,0,57.3,6,0
4169,34840,2024-08-07,25,F,81347.0,employed,3.9,Ural,online,consumer,160000,60,20.2,4257.0,566.0,1,47.0,9,0
4170,33430,2024-10-29,26,M,100624.0,employed,13.0,SPb,branch,consumer,330000,24,19.3,16683.0,598.0,0,51.7,0,0
4171,24091,2024-08-11,25,M,87809.0,employed,2.6,SPb,branch,car,730000,24,15.1,35430.0,574.0,2,70.8,17,0
4172,33983,2024-02-23,33,M,116779.0,self_employed,14.2,SPb,online,education,260000,48,17.0,7502.0,576.0,0,46.4,12,0
4173,24989,2024-11-11,47,M,37076.0,unemployed,0.2,Moscow,branch,car,350000,48,17.2,10136.0,538.0,0,67.3,178,1
4174,76451,2023-03-26,37,M,75411.0,freelance,16.8,Moscow,partner,consumer,270000,36,18.7,9856.0,677.0,1,49.1,0,0
4175,19990,2024-02-20,45,M,101905.0,employed,26.4,Ural,online,consumer,350000,12,18.9,32238.0,712.0,1,46.8,19,0
4176,91270,2024-11-24,27,F,63000.0,employed,3.6,South,online,education,220000,48,15.5,6179.0,598.0,1,40.0,0,0
4177,81360,2024-04-26,56,M,74144.0,freelance,37.4,South,branch,consumer,210000,48,19.4,6323.0,647.0,1,39.0,15,0
4178,37081,2024-03-31,25,M,47406.0,freelance,6.0,Ural,branch,car,470000,48,17.3,13635.0,520.0,0,78.4,31,0
4179,12033,2023-10-24,29,M,92384.0,employed,8.4,Moscow,partner,consumer,280000,36,19.0,10264.0,689.0,0,36.2,10,0
4180,17241,2023-04-22,45,F,51414.0,self_employed,26.6,South,branch,consumer,170000,12,20.5,15789.0,614.0,0,60.7,166,1
4181,6939,2023-08-18,40,F,115092.0,self_employed,19.1,Siberia,branch,consumer,400000,60,18.3,10223.0,701.0,3,51.6,9,0
4182,48562,2023-04-06,27,F,82384.0,employed,0.3,Moscow,branch,education,170000,48,15.1,4740.0,660.0,2,40.1,0,0
4183,36063,2024-11-10,37,M,92498.0,employed,15.5,Siberia,online,renovation,450000,36,16.9,16021.0,627.0,1,49.2,142,1
4184,77721,2024-01-13,25,M,65477.0,freelance,2.0,SPb,branch,consumer,250000,36,20.8,9393.0,536.0,1,48.7,32,0
4185,28045,2023-06-05,33,F,76666.0,self_employed,13.3,South,partner,consumer,270000,12,20.8,25115.0,570.0,1,56.0,113,1
4186,45769,2024-02-25,19,F,68501.0,employed,13.0,Moscow,branch,car,570000,36,15.4,19871.0,586.0,0,70.9,19,0
4187,48118,2023-04-15,44,M,47825.0,self_employed,13.9,Siberia,partner,consumer,150000,24,19.4,7590.0,666.0,3,55.0,0,0
4188,85703,2024-12-05,49,M,57578.0,self_employed,27.8,Siberia,online,consumer,170000,36,19.7,6292.0,562.0,2,56.5,22,0
4189,22625,2023-11-26,30,M,78372.0,freelance,9.8,Moscow,partner,renovation,710000,60,20.3,18929.0,539.0,4,84.3,202,1
4190,28076,2024-03-14,27,M,77332.0,employed,7.1,Ural,partner,car,610000,36,15.7,21356.0,604.0,4,75.1,12,0
4191,65805,2023-05-12,43,F,26743.0,unemployed,0.3,Siberia,branch,education,100000,36,19.2,3676.0,479.0,1,51.0,145,1
4192,45605,2024-01-17,59,M,117769.0,employed,37.6,Moscow,online,renovation,730000,36,15.7,25557.0,748.0,1,58.4,2,0
4193,85565,2023-05-18,57,M,71650.0,self_employed,35.1,Ural,online,car,610000,36,15.5,21296.0,669.0,1,64.0,4,0
4194,89509,2023-09-27,24,M,60646.0,self_employed,5.3,SPb,partner,renovation,480000,48,20.0,14607.0,510.0,3,68.0,167,1
4195,40121,2024-07-03,20,F,91471.0,employed,0.0,Ural,partner,consumer,280000,36,18.8,10235.0,639.0,4,42.7,0,0
4196,66101,2024-01-31,40,F,72223.0,employed,15.7,Ural,branch,consumer,290000,36,19.8,10748.0,597.0,0,56.7,15,0
4197,32433,2024-07-10,32,F,73369.0,freelance,13.4,Ural,online,renovation,500000,12,17.5,45721.0,615.0,2,57.8,5,0
4198,44309,2024-04-08,40,M,64232.0,self_employed,20.2,Moscow,online,consumer,180000,24,17.3,8926.0,757.0,0,25.7,1,0
4199,68468,2024-11-05,65,F,112064.0,employed,40.7,Moscow,online,consumer,470000,48,18.0,13806.0,711.0,0,54.6,156,1
4200,45254,2024-03-25,32,M,93530.0,employed,12.0,Ural,branch,consumer,240000,24,19.2,12121.0,646.0,1,43.0,2,0
4201,68293,2023-11-27,21,M,68901.0,employed,0.0,Moscow,branch,renovation,350000,24,18.3,17524.0,615.0,2,60.9,35,0
4202,97258,2023-09-10,42,M,118431.0,employed,23.3,SPb,partner,education,310000,48,16.3,8833.0,629.0,0,38.2,28,0
4203,38853,2024-11-11,19,F,18000.0,unemployed,0.2,Ural,branch,car,350000,48,16.4,9991.0,526.0,1,69.4,169,1
4204,39405,2023-10-12,45,M,73328.0,freelance,26.8,Siberia,branch,education,200000,48,16.7,5740.0,630.0,1,50.2,7,0
4205,67652,2023-10-01,27,F,21733.0,unemployed,0.1,Moscow,branch,renovation,180000,24,20.3,9188.0,530.0,2,68.4,118,1
4206,44527,2023-01-20,24,M,70661.0,employed,5.5,Siberia,online,consumer,270000,48,20.0,8216.0,591.0,1,55.3,23,0
4207,78227,2023-08-27,56,M,118980.0,self_employed,32.0,SPb,online,consumer,550000,36,19.3,20244.0,669.0,1,65.9,43,0
4208,1492,2023-09-27,22,M,52165.0,employed,2.9,Ural,online,car,600000,48,15.5,16851.0,623.0,2,63.4,12,0
4209,94418,2024-02-22,27,M,50915.0,freelance,8.9,Moscow,online,consumer,130000,24,18.6,6528.0,711.0,1,34.5,35,0
4210,9811,2023-11-06,25,M,91950.0,employed,6.2,Ural,online,consumer,320000,48,19.2,9602.0,648.0,4,52.5,13,0
4211,94344,2023-01-31,22,M,82551.0,employed,1.9,Siberia,partner,renovation,410000,24,17.5,20370.0,643.0,1,48.2,1,0
4212,25272,2023-04-14,30,M,87613.0,self_employed,11.7,Moscow,branch,consumer,260000,12,19.6,24035.0,650.0,2,52.1,16,0
4213,94935,2024-11-12,50,M,136084.0,employed,24.3,Siberia,branch,education,440000,48,14.2,12068.0,732.0,2,63.2,0,0
4214,73010,2023-07-05,22,M,77709.0,self_employed,0.0,SPb,branch,consumer,240000,36,20.5,8981.0,587.0,2,59.3,0,0
4215,93492,2023-05-08,31,M,98696.0,self_employed,12.5,Siberia,partner,consumer,290000,24,19.8,14731.0,623.0,1,43.4,35,0
4216,48153,2023-07-29,21,M,60216.0,self_employed,0.0,South,online,consumer,150000,12,21.3,13989.0,536.0,3,48.0,5,0
4217,55110,2024-02-18,21,M,26693.0,unemployed,0.1,Moscow,branch,car,350000,36,16.2,12340.0,573.0,2,61.8,30,0
4218,14979,2023-10-08,26,M,73151.0,employed,0.0,Ural,branch,consumer,300000,24,19.6,15210.0,643.0,2,49.5,3,0
4219,29328,2023-09-10,46,F,121641.0,employed,27.8,Moscow,partner,consumer,490000,48,19.0,14651.0,679.0,1,56.5,31,0
4220,13867,2023-01-19,19,M,51296.0,freelance,0.0,Moscow,online,car,500000,36,17.2,17876.0,530.0,2,76.5,200,1
4221,60234,2024-12-12,65,M,114872.0,self_employed,45.0,Ural,branch,consumer,280000,12,18.1,25684.0,694.0,0,28.9,4,0
4222,26851,2023-05-16,21,F,139719.0,employed,0.0,Moscow,online,renovation,950000,36,18.6,34631.0,577.0,1,81.4,222,1
4223,32279,2023-08-11,37,F,55981.0,freelance,18.6,SPb,partner,car,410000,36,16.7,14556.0,631.0,2,65.0,9,0
4224,97063,2023-01-03,29,F,82821.0,employed,8.0,Ural,online,education,210000,36,15.0,7280.0,674.0,4,47.4,2,0
4225,74402,2023-08-24,37,F,90479.0,employed,10.1,SPb,partner,consumer,420000,12,18.6,38626.0,710.0,2,45.7,1,0
4226,16449,2024-04-09,40,M,114482.0,employed,20.2,Ural,online,consumer,370000,24,17.9,18454.0,709.0,0,46.2,18,0
4227,77221,2023-08-16,28,M,107669.0,employed,8.2,Siberia,online,car,840000,36,15.4,29284.0,611.0,0,54.6,45,0
4228,90080,2024-10-15,44,F,105497.0,employed,23.9,South,online,renovation,580000,12,17.1,52926.0,619.0,1,54.6,27,0
4229,6451,2024-05-13,43,F,101116.0,employed,23.4,Ural,partner,consumer,410000,24,18.8,20628.0,678.0,1,44.9,7,0
4230,88178,2024-06-04,36,F,159412.0,employed,16.2,Moscow,branch,car,1260000,60,14.2,29449.0,708.0,0,84.0,19,0
4231,42316,2024-12-02,45,F,83273.0,employed,25.1,Ural,partner,consumer,210000,6,18.7,36934.0,622.0,4,46.7,36,0
4232,64064,2024-11-07,42,M,118154.0,employed,5.3,SPb,online,education,310000,12,13.7,27790.0,692.0,2,42.5,19,0
4233,64761,2023-05-19,44,M,80103.0,self_employed,25.6,Moscow,partner,car,660000,60,15.6,15910.0,643.0,4,73.6,0,0
4234,39870,2023-10-03,44,F,166982.0,employed,25.0,Ural,online,consumer,420000,12,20.7,39047.0,556.0,1,59.7,5,0
4235,97566,2023-10-18,45,F,130739.0,employed,26.3,Moscow,online,consumer,520000,24,19.6,26364.0,679.0,2,73.2,30,0
4236,31873,2023-02-22,22,F,72683.0,employed,1.6,Ural,branch,renovation,540000,60,17.9,13683.0,633.0,2,65.1,20,0
4237,59627,2024-11-17,35,F,58416.0,employed,17.0,Siberia,partner,renovation,250000,24,16.8,12337.0,670.0,0,48.0,2,0
4238,67155,2023-04-20,20,M,43457.0,employed,0.0,South,partner,consumer,130000,12,19.6,12018.0,627.0,1,45.3,19,0
4239,26372,2024-12-15,42,M,105297.0,employed,21.7,South,online,consumer,290000,48,18.5,8595.0,607.0,1,67.1,26,0
4240,4642,2024-10-09,39,F,144885.0,self_employed,14.2,Moscow,branch,consumer,520000,24,17.4,25810.0,682.0,0,45.6,22,0
4241,29001,2023-01-04,49,F,140495.0,self_employed,29.7,Moscow,online,renovation,740000,12,17.8,67773.0,736.0,1,82.6,15,0
4242,35064,2024-10-28,22,M,35059.0,unemployed,0.0,Moscow,branch,car,350000,48,17.3,10154.0,552.0,2,80.0,180,1
4243,95826,2024-11-14,28,M,52656.0,employed,9.4,Ural,branch,renovation,250000,36,17.9,9026.0,615.0,0,69.8,191,1
4244,15122,2023-02-16,20,M,77104.0,employed,0.1,Moscow,branch,renovation,540000,36,17.1,19279.0,637.0,1,54.3,18,0
4245,25820,2023-04-04,39,M,69556.0,employed,20.9,South,online,consumer,220000,36,18.3,7987.0,756.0,3,31.7,28,0
4246,69431,2024-07-13,36,F,67438.0,freelance,13.4,Moscow,partner,consumer,180000,24,19.8,9144.0,577.0,1,47.0,23,0
4247,56745,2023-08-01,51,M,68850.0,employed,28.3,SPb,branch,car,680000,60,15.3,16284.0,627.0,2,63.1,17,0
4248,51081,2024-03-11,22,M,53115.0,employed,0.4,South,partner,consumer,110000,12,19.0,10137.0,698.0,1,37.4,1,0
4249,71902,2024-05-22,33,F,65310.0,employed,8.2,South,online,renovation,450000,36,17.1,16066.0,651.0,2,51.9,15,0
4250,9711,2024-10-12,31,M,67893.0,self_employed,10.6,SPb,partner,consumer,230000,24,20.3,11740.0,555.0,2,66.2,39,0
4251,86132,2023-07-24,60,F,55118.0,unemployed,0.2,SPb,branch,car,640000,48,17.9,18767.0,520.0,1,81.2,119,1
4252,19793,2024-01-16,46,M,24829.0,unemployed,0.2,Ural,online,consumer,90000,48,20.5,2763.0,623.0,1,43.6,3,0
4253,9199,2023-03-14,42,F,69593.0,employed,23.4,SPb,online,consumer,220000,24,17.8,10962.0,745.0,3,44.2,0,0
4254,77253,2024-05-30,24,M,135506.0,employed,3.8,SPb,online,consumer,390000,24,19.0,19659.0,651.0,2,46.7,0,0
4255,37191,2023-03-17,49,M,62886.0,freelance,28.7,Siberia,partner,consumer,280000,24,20.6,14333.0,601.0,3,63.8,0,0
4256,11211,2023-03-18,30,F,94129.0,employed,7.7,Ural,partner,consumer,350000,36,18.5,12741.0,706.0,0,65.5,15,0
4257,64069,2024-02-14,46,F,113027.0,employed,26.7,SPb,partner,car,560000,60,12.8,12684.0,766.0,2,52.0,4,0
4258,89896,2024-09-05,40,M,72822.0,self_employed,21.7,Moscow,branch,consumer,280000,12,19.4,25857.0,605.0,0,41.5,34,0
4259,57746,2023-04-16,25,F,85361.0,self_employed,4.3,Moscow,branch,consumer,330000,12,18.8,30380.0,691.0,0,32.9,0,0
4260,22542,2024-07-04,45,M,31843.0,unemployed,1.3,Ural,branch,consumer,100000,6,21.9,17747.0,497.0,0,56.9,21,0
4261,32312,2024-04-20,63,F,59349.0,self_employed,34.5,Ural,partner,renovation,350000,36,18.0,12653.0,667.0,2,68.8,0,0
4262,46242,2023-10-02,36,M,85613.0,employed,17.7,Ural,online,renovation,830000,36,19.6,30677.0,513.0,1,84.5,228,1
4263,94783,2023-03-29,42,M,121569.0,employed,19.9,South,partner,education,380000,24,15.8,18570.0,680.0,1,55.3,132,1
4264,88893,2024-12-23,44,M,71596.0,freelance,23.3,Siberia,online,education,250000,36,17.9,9026.0,467.0,1,58.9,206,1
4265,56388,2023-03-18,64,M,125966.0,self_employed,45.0,Moscow,branch,consumer,280000,48,19.1,8387.0,705.0,0,33.9,2,0
4266,28691,2023-03-18,29,M,59775.0,self_employed,7.2,Siberia,partner,car,540000,60,16.1,13160.0,592.0,2,76.1,191,1
4267,78960,2024-03-17,38,M,27550.0,unemployed,1.5,Ural,partner,consumer,100000,48,22.7,3189.0,438.0,2,56.2,179,1
4268,85388,2024-06-23,56,M,45007.0,self_employed,33.4,Siberia,online,education,150000,24,16.9,7409.0,576.0,2,49.7,0,0
4269,23601,2023-09-02,42,M,76173.0,employed,20.2,Siberia,partner,consumer,240000,6,19.5,42306.0,626.0,5,52.1,12,0
4270,19020,2024-07-31,26,M,62414.0,self_employed,4.5,SPb,partner,consumer,190000,36,18.3,6898.0,712.0,3,44.9,16,0
4271,9155,2024-01-17,53,F,94021.0,self_employed,34.6,Moscow,partner,education,290000,24,14.8,14034.0,748.0,1,46.1,9,0
4272,70119,2024-12-17,61,F,87728.0,employed,35.5,Ural,partner,renovation,550000,36,16.9,19582.0,639.0,0,50.4,0,0
4273,82051,2024-07-23,38,F,96334.0,employed,13.1,Moscow,branch,consumer,350000,48,19.3,10521.0,570.0,1,58.4,25,0
4274,37777,2024-12-13,26,F,64584.0,self_employed,1.1,SPb,online,consumer,230000,12,20.2,21328.0,548.0,3,62.1,17,0
4275,20710,2023-05-22,29,F,80260.0,employed,9.7,Moscow,partner,renovation,650000,36,16.0,22852.0,791.0,0,46.4,22,0
4276,25532,2024-01-03,40,F,59009.0,freelance,20.0,South,online,consumer,170000,24,20.5,8694.0,599.0,2,55.0,24,0
4277,19601,2023-03-25,49,M,140318.0,employed,30.6,SPb,online,renovation,870000,36,18.0,31453.0,636.0,4,76.2,24,0
4278,64227,2023-05-23,29,M,35960.0,unemployed,0.9,Siberia,partner,education,120000,36,19.6,4435.0,477.0,0,61.5,127,1
4279,5967,2023-12-18,41,M,63063.0,employed,22.8,South,branch,consumer,180000,6,17.2,31523.0,789.0,2,26.0,13,0
4280,85289,2024-06-28,31,M,76205.0,employed,10.5,South,online,consumer,230000,12,18.3,21119.0,680.0,0,44.4,26,0
4281,21022,2023-06-01,35,F,75405.0,employed,15.8,Ural,online,consumer,230000,36,18.6,8384.0,686.0,5,48.2,2,0
4282,44463,2023-06-07,31,F,72721.0,employed,10.4,Ural,online,consumer,210000,36,19.2,7719.0,624.0,3,48.4,5,0
4283,75671,2024-03-21,21,M,78873.0,employed,0.3,SPb,online,car,660000,48,15.5,18536.0,632.0,1,64.1,2,0
4284,6722,2024-10-14,49,F,63382.0,employed,23.9,South,partner,renovation,370000,24,16.6,18223.0,642.0,0,42.6,0,0
4285,28413,2023-10-30,27,M,67858.0,self_employed,2.6,SPb,partner,car,620000,48,16.8,17826.0,517.0,0,65.7,90,1
4286,93772,2024-09-15,42,M,87371.0,employed,20.2,Moscow,online,consumer,300000,12,18.3,27547.0,672.0,1,40.7,6,0
4287,82050,2024-10-17,49,F,77737.0,self_employed,25.9,Moscow,online,consumer,300000,24,20.4,15327.0,554.0,4,64.0,180,1
4288,86867,2024-03-25,39,F,93731.0,freelance,21.0,SPb,partner,consumer,350000,6,20.4,61853.0,653.0,3,66.9,189,1
4289,84596,2024-12-21,27,F,53848.0,freelance,9.0,Siberia,partner,car,350000,48,15.7,9865.0,648.0,1,53.0,0,0
4290,67732,2023-08-12,25,F,90347.0,employed,5.2,Moscow,branch,renovation,520000,24,17.0,25710.0,727.0,0,53.7,0,0
4291,13297,2023-02-12,64,M,108021.0,self_employed,42.8,SPb,online,consumer,310000,24,19.2,15657.0,672.0,0,47.9,41,0
4292,69323,2023-09-21,23,M,59656.0,employed,0.3,Moscow,online,education,170000,48,17.6,4958.0,515.0,1,51.5,25,0
4293,24816,2023-01-03,36,M,41130.0,freelance,16.2,Siberia,online,consumer,130000,36,20.4,4858.0,602.0,3,42.1,22,0
4294,41695,2024-09-28,37,F,55284.0,freelance,10.6,Siberia,branch,renovation,340000,48,17.8,9952.0,573.0,1,61.4,10,0
4295,20702,2023-09-25,31,M,96455.0,employed,7.9,SPb,partner,consumer,330000,24,19.7,16747.0,665.0,1,54.8,20,0
4296,26242,2024-08-18,28,M,84644.0,employed,9.7,SPb,branch,renovation,530000,36,16.8,18843.0,639.0,1,52.3,7,0
4297,56841,2023-01-16,29,F,129422.0,employed,9.3,Moscow,branch,education,420000,36,16.3,14828.0,604.0,0,60.0,1,0
4298,68712,2023-11-30,23,F,55366.0,employed,0.0,SPb,branch,renovation,250000,24,16.9,12349.0,714.0,3,36.1,33,0
4299,86663,2024-04-08,46,F,95266.0,self_employed,26.4,South,online,consumer,360000,60,19.3,9398.0,632.0,2,46.5,3,0
4300,93764,2023-02-28,42,M,154887.0,self_employed,22.5,Moscow,online,car,1190000,48,15.3,33300.0,661.0,1,82.6,4,0
4301,54574,2023-06-26,34,M,73306.0,employed,15.0,Siberia,branch,car,760000,60,13.4,17448.0,754.0,0,62.4,10,0
4302,86744,2023-03-04,47,M,84341.0,self_employed,27.0,Moscow,branch,car,550000,36,15.7,19255.0,636.0,2,62.4,0,0
4303,29482,2024-07-14,35,F,32631.0,unemployed,1.2,SPb,branch,renovation,200000,60,20.3,5332.0,448.0,5,77.8,148,1
4304,10171,2023-11-03,45,M,72336.0,self_employed,26.9,Siberia,online,renovation,450000,36,19.1,16518.0,595.0,0,59.7,17,0
4305,99932,2023-09-03,58,F,164058.0,employed,34.6,SPb,partner,consumer,520000,36,18.9,19035.0,717.0,0,49.8,16,0
4306,4696,2023-10-16,33,F,59814.0,self_employed,7.5,Siberia,branch,consumer,210000,36,20.0,7804.0,611.0,2,50.7,13,0
4307,21058,2023-11-28,46,M,92874.0,employed,23.4,Moscow,online,consumer,280000,48,17.9,8210.0,693.0,1,33.5,18,0
4308,21313,2024-06-10,29,M,54205.0,freelance,3.6,Ural,online,car,690000,48,16.6,19767.0,583.0,0,79.9,166,1
4309,20149,2023-09-12,33,F,106817.0,employed,14.7,Siberia,online,consumer,240000,48,19.0,7176.0,646.0,2,41.9,36,0
4310,54521,2024-08-26,31,F,77611.0,employed,11.2,Siberia,online,consumer,410000,48,17.7,11980.0,701.0,0,38.8,3,0
4311,46740,2024-05-24,29,F,73518.0,self_employed,10.8,SPb,online,car,730000,24,15.2,35465.0,650.0,1,70.7,23,0
4312,5956,2024-12-18,61,M,100506.0,employed,37.6,South,online,car,800000,60,13.8,18532.0,699.0,0,56.2,35,0
4313,76731,2024-08-28,44,M,129670.0,self_employed,16.9,Ural,partner,education,320000,48,16.8,9201.0,565.0,1,63.3,194,1
4314,83612,2024-04-07,36,F,85372.0,employed,16.9,Siberia,partner,renovation,350000,48,16.9,10081.0,718.0,5,53.4,0,0
4315,67641,2023-07-18,31,F,68026.0,self_employed,10.7,Moscow,partner,consumer,190000,24,19.4,9615.0,699.0,1,44.5,12,0
4316,64811,2023-09-28,56,M,172596.0,employed,36.9,Moscow,online,renovation,910000,24,17.9,45387.0,658.0,1,73.6,25,0
4317,53160,2024-07-11,28,M,59383.0,employed,8.6,Siberia,branch,renovation,370000,60,17.9,9375.0,585.0,1,58.8,6,0
4318,52313,2023-03-05,22,F,68750.0,self_employed,2.1,Ural,online,car,540000,60,15.5,12989.0,634.0,2,55.3,23,0
4319,64232,2023-08-18,31,M,56221.0,employed,8.3,Ural,partner,consumer,160000,36,20.4,5979.0,574.0,0,37.7,10,0
4320,16417,2023-09-06,22,F,59651.0,employed,3.5,Moscow,partner,education,160000,48,16.8,4600.0,637.0,3,50.6,9,0
4321,25729,2023-09-03,24,M,51890.0,self_employed,5.5,SPb,branch,education,140000,48,18.0,4112.0,567.0,1,53.6,1,0
4322,31099,2024-08-09,40,F,93361.0,self_employed,21.3,Moscow,partner,consumer,310000,60,18.8,8007.0,640.0,3,52.2,11,0
4323,99134,2023-06-06,36,F,91657.0,employed,13.0,Moscow,online,renovation,730000,60,18.8,18856.0,553.0,0,81.7,37,0
4324,30961,2024-12-02,23,M,76056.0,self_employed,1.9,Moscow,online,consumer,260000,36,18.6,9478.0,652.0,1,39.5,11,0
4325,13602,2024-07-17,46,F,73808.0,employed,27.4,South,branch,consumer,240000,48,18.5,7113.0,645.0,5,55.1,167,1
4326,10256,2023-03-29,26,F,66180.0,employed,6.3,Moscow,partner,consumer,190000,24,18.0,9486.0,717.0,0,25.7,31,0
4327,87120,2023-11-09,27,F,91389.0,employed,5.5,Moscow,online,car,800000,48,16.6,22919.0,544.0,1,82.8,183,1
4328,35681,2023-03-07,32,M,73293.0,employed,12.2,Ural,online,car,670000,48,16.4,19126.0,555.0,1,64.1,189,1
4329,92328,2024-10-23,27,F,27172.0,unemployed,0.2,Ural,online,consumer,110000,6,20.8,19461.0,528.0,2,50.3,0,0
4330,88440,2023-01-20,26,F,95129.0,employed,3.6,Siberia,branch,consumer,290000,24,20.7,14859.0,516.0,0,52.3,129,1
4331,65789,2023-02-02,19,M,32109.0,freelance,0.0,Ural,partner,consumer,80000,36,21.3,3026.0,594.0,3,55.8,111,1
4332,44361,2024-07-11,31,F,61640.0,freelance,12.6,Moscow,branch,renovation,410000,12,17.6,37511.0,610.0,2,58.9,0,0
4333,65503,2023-03-14,40,M,30662.0,unemployed,0.5,Ural,partner,consumer,110000,36,20.5,4116.0,634.0,3,49.4,20,0
4334,35540,2023-12-09,30,M,86192.0,employed,10.5,Moscow,online,car,700000,36,14.0,23924.0,719.0,2,58.1,20,0
4335,27536,2023-05-13,27,M,82857.0,freelance,7.6,Moscow,branch,car,890000,60,17.7,22455.0,517.0,0,83.5,156,1
4336,85700,2023-02-24,19,M,18000.0,unemployed,0.2,South,partner,renovation,180000,24,21.5,9294.0,459.0,3,65.5,132,1
4337,64043,2023-03-02,21,F,35762.0,employed,3.0,Siberia,partner,car,350000,36,16.9,12461.0,520.0,1,79.6,238,1
4338,79532,2024-06-03,48,F,100228.0,employed,28.2,Siberia,branch,consumer,310000,48,18.0,9106.0,692.0,1,50.3,0,0
4339,57575,2023-09-29,35,M,111736.0,employed,13.2,Moscow,online,education,340000,48,16.7,9758.0,622.0,0,55.3,206,1
4340,3871,2023-09-03,49,F,75031.0,self_employed,25.3,SPb,branch,consumer,210000,12,18.8,19333.0,658.0,0,36.1,6,0
4341,47002,2023-06-25,29,M,57995.0,self_employed,4.5,Ural,partner,consumer,190000,36,21.0,7158.0,568.0,1,44.2,216,1
4342,50812,2024-09-19,46,F,104406.0,employed,26.1,Moscow,partner,renovation,550000,24,18.1,27485.0,615.0,3,71.8,0,0
4343,23626,2023-11-13,35,M,101962.0,freelance,11.4,Siberia,online,renovation,500000,48,17.8,14635.0,664.0,1,52.2,90,1
4344,60979,2024-12-05,26,M,106793.0,employed,7.9,Moscow,branch,education,310000,24,13.5,14811.0,740.0,1,37.9,0,0
4345,77057,2024-10-23,35,M,56272.0,freelance,15.9,Ural,partner,consumer,260000,60,20.7,6990.0,575.0,4,70.8,15,0
4346,67668,2023-05-11,48,F,63513.0,employed,30.0,Ural,online,renovation,430000,60,16.6,10594.0,684.0,0,40.1,0,0
4347,81070,2023-04-12,19,M,67640.0,self_employed,0.5,Siberia,online,renovation,420000,60,19.6,11034.0,495.0,1,65.8,12,0
4348,90390,2023-11-06,30,M,96343.0,employed,8.1,SPb,branch,car,920000,36,14.2,31533.0,700.0,1,63.0,15,0
4349,43998,2023-10-19,38,M,73926.0,employed,20.0,Moscow,online,consumer,180000,24,18.6,9039.0,677.0,0,46.8,18,0
4350,64814,2024-12-22,45,M,73001.0,self_employed,24.8,Siberia,online,car,480000,48,15.8,13554.0,572.0,3,66.9,203,1
4351,46607,2024-05-09,60,F,161374.0,employed,40.4,Moscow,branch,consumer,550000,36,18.9,20133.0,632.0,2,60.5,4,0
4352,8812,2023-12-27,32,M,64514.0,employed,13.6,Siberia,branch,education,210000,60,15.5,5051.0,720.0,0,35.7,24,0
4353,62844,2023-12-04,57,F,31552.0,unemployed,1.0,Moscow,online,renovation,220000,60,18.1,5599.0,655.0,0,44.4,15,0
4354,71093,2024-08-01,33,M,78145.0,employed,11.5,South,online,car,840000,48,16.2,23892.0,564.0,3,82.9,160,1
4355,3179,2023-01-10,30,F,94739.0,freelance,8.1,Siberia,branch,renovation,950000,48,19.7,28757.0,521.0,0,84.4,169,1
4356,44798,2023-02-18,24,M,55623.0,employed,1.7,Siberia,branch,car,460000,12,15.1,41541.0,633.0,3,54.5,11,0
4357,75601,2024-05-01,53,F,111154.0,employed,33.9,SPb,branch,consumer,320000,24,17.7,15929.0,667.0,0,31.4,0,0
4358,9275,2024-09-14,60,M,138984.0,employed,26.6,Moscow,partner,consumer,450000,12,18.1,41277.0,683.0,5,61.7,29,0
4359,51574,2023-11-17,23,F,34341.0,unemployed,1.0,Moscow,branch,education,110000,48,18.3,3249.0,569.0,2,52.3,29,0
4360,48857,2024-07-22,29,F,113830.0,employed,7.9,SPb,partner,renovation,550000,36,16.9,19582.0,631.0,5,68.9,7,0
4361,21700,2024-09-16,34,F,74736.0,freelance,5.4,Moscow,online,education,210000,36,16.9,7477.0,570.0,1,59.0,9,0
4362,40464,2023-05-13,27,M,21588.0,unemployed,0.4,Moscow,online,consumer,190000,48,22.0,5986.0,477.0,2,61.3,210,1
4363,43351,2024-08-05,45,F,130676.0,employed,26.0,Moscow,partner,consumer,440000,36,19.7,16285.0,583.0,1,58.6,22,0
4364,94330,2023-03-24,47,F,99048.0,self_employed,26.4,Moscow,online,consumer,330000,6,20.7,58368.0,606.0,0,77.2,95,1
4365,95319,2023-02-26,19,M,51053.0,freelance,0.0,Siberia,online,renovation,370000,48,17.4,10753.0,650.0,0,48.7,24,0
4366,83534,2024-01-11,35,M,144239.0,employed,15.8,Moscow,online,consumer,550000,12,19.7,50870.0,627.0,1,53.2,22,0
4367,14869,2023-12-15,32,M,101666.0,employed,8.6,South,partner,consumer,350000,60,20.5,9371.0,585.0,1,70.7,207,1
4368,61315,2023-09-28,44,M,138552.0,employed,25.2,Moscow,branch,consumer,460000,6,18.1,80765.0,716.0,1,39.0,0,0
4369,94688,2024-04-27,44,F,67709.0,freelance,19.8,SPb,online,education,220000,12,16.9,20055.0,624.0,4,49.5,7,0
4370,21954,2023-04-21,23,F,47745.0,freelance,4.1,Moscow,partner,car,350000,36,15.7,12253.0,638.0,0,62.0,1,0
4371,32555,2023-03-17,22,M,56157.0,employed,1.1,Ural,branch,renovation,440000,60,15.8,10653.0,738.0,0,36.6,16,0
4372,64353,2023-06-07,25,F,102962.0,employed,5.7,Moscow,partner,car,770000,60,15.2,18399.0,644.0,0,62.8,17,0
4373,83190,2024-06-15,27,M,39661.0,unemployed,1.0,Moscow,partner,car,350000,24,16.6,17238.0,583.0,2,82.8,210,1
4374,46026,2024-10-04,66,F,156942.0,employed,45.0,Moscow,branch,consumer,550000,24,17.6,27352.0,737.0,2,56.9,3,0
4375,47976,2023-11-25,21,F,77138.0,self_employed,0.9,Ural,branch,consumer,240000,24,19.6,12168.0,582.0,0,41.1,27,0
4376,81578,2023-05-02,27,F,66814.0,employed,3.4,SPb,branch,consumer,310000,36,19.7,11473.0,604.0,0,48.1,27,0
4377,92502,2023-02-10,21,F,53054.0,freelance,0.0,SPb,branch,consumer,210000,48,20.4,6435.0,610.0,0,50.9,0,0
4378,46095,2023-06-16,31,M,27026.0,unemployed,0.2,South,online,car,350000,24,17.5,17389.0,500.0,0,69.2,0,0
4379,15270,2024-10-03,24,M,85662.0,employed,5.0,Moscow,partner,consumer,290000,36,18.8,10601.0,622.0,2,55.2,157,1
4380,31908,2023-01-23,67,M,133864.0,employed,43.2,Moscow,online,car,1080000,24,14.8,52263.0,721.0,3,77.1,0,0
4381,16523,2023-10-06,65,M,127821.0,employed,40.9,SPb,online,renovation,920000,48,17.9,26977.0,659.0,3,83.7,190,1
4382,63433,2024-04-13,46,F,143446.0,employed,26.2,Moscow,branch,consumer,410000,48,18.5,12151.0,646.0,1,46.5,13,0
4383,48068,2024-02-04,26,M,58120.0,employed,4.4,Moscow,online,consumer,260000,24,19.8,13208.0,578.0,3,56.3,1,0
4384,20991,2023-01-09,34,F,50224.0,self_employed,14.6,SPb,online,car,550000,36,17.0,19609.0,560.0,2,80.1,34,0
4385,11775,2023-01-13,32,F,70026.0,employed,13.5,Ural,partner,consumer,220000,36,19.8,8154.0,586.0,0,40.4,42,0
4386,78801,2023-02-21,45,M,87863.0,employed,25.8,Moscow,online,consumer,320000,48,17.8,9367.0,727.0,4,53.0,56,0
4387,85995,2023-07-28,37,M,45953.0,freelance,15.6,South,partner,consumer,120000,12,21.0,11174.0,568.0,1,49.3,0,0
4388,62250,2024-07-03,28,M,133367.0,self_employed,5.6,SPb,partner,renovation,660000,36,18.4,23993.0,614.0,1,80.9,15,0
4389,17673,2024-09-03,22,F,39692.0,employed,0.0,South,branch,consumer,130000,48,18.5,3853.0,570.0,2,50.1,13,0
4390,28056,2024-12-05,46,F,87280.0,self_employed,27.9,SPb,branch,consumer,250000,24,18.4,12529.0,701.0,0,47.4,0,0
4391,7614,2024-02-06,57,M,74695.0,freelance,37.0,Siberia,branch,car,670000,36,15.0,23226.0,723.0,0,63.2,27,0
4392,8415,2023-07-10,39,M,59807.0,self_employed,20.0,Siberia,online,education,130000,48,16.1,3691.0,649.0,1,39.7,30,0
4393,89691,2023-02-20,47,M,158538.0,employed,25.5,Ural,branch,renovation,950000,48,18.2,28006.0,611.0,2,76.5,0,0
4394,44884,2024-01-28,65,F,67637.0,employed,45.0,South,online,consumer,190000,12,17.3,17356.0,726.0,0,22.9,0,0
4395,17964,2024-10-14,32,M,49693.0,freelance,11.5,SPb,branch,consumer,160000,36,20.7,6003.0,487.0,0,45.1,16,0
4396,38726,2024-11-10,66,M,48173.0,freelance,44.3,SPb,online,consumer,240000,48,18.7,7138.0,687.0,4,60.4,0,0
4397,38044,2024-09-12,66,F,82796.0,self_employed,43.6,Siberia,branch,consumer,260000,60,17.2,6490.0,762.0,1,48.0,18,0
4398,58149,2024-12-19,40,F,104594.0,employed,21.1,Moscow,online,consumer,550000,24,16.6,27088.0,811.0,0,44.4,5,0
4399,38544,2023-10-27,43,F,111405.0,self_employed,24.7,Siberia,partner,consumer,320000,24,19.8,16255.0,611.0,0,49.5,0,0
4400,50976,2024-09-13,39,M,76248.0,freelance,20.3,Moscow,online,consumer,200000,60,19.6,5254.0,621.0,1,50.7,28,0
4401,33252,2023-07-15,30,F,73762.0,employed,9.3,Ural,online,consumer,240000,36,19.5,8858.0,636.0,3,64.8,93,1
4402,4832,2024-02-21,32,F,84496.0,employed,13.9,South,partner,renovation,460000,60,16.5,11309.0,794.0,1,66.8,5,0
4403,91811,2024-10-25,32,M,69640.0,self_employed,13.5,SPb,branch,renovation,490000,36,16.3,17300.0,673.0,2,52.3,10,0
4404,81437,2024-02-24,35,F,56200.0,freelance,0.8,SPb,branch,consumer,160000,60,19.4,4186.0,661.0,1,46.1,32,0
4405,35148,2024-10-01,32,M,122384.0,employed,12.6,Ural,partner,car,1360000,60,14.8,32212.0,676.0,1,82.2,19,0
4406,62240,2024-09-08,50,M,63500.0,self_employed,29.9,Siberia,partner,consumer,190000,36,19.4,7003.0,649.0,0,59.3,17,0
4407,89454,2024-06-05,28,F,53447.0,self_employed,10.0,SPb,branch,consumer,160000,60,19.6,4203.0,575.0,2,47.9,17,0
4408,86076,2023-12-22,32,M,95510.0,self_employed,11.3,Moscow,branch,car,690000,60,14.8,16343.0,732.0,2,60.5,21,0
4409,78116,2023-05-28,26,F,65702.0,self_employed,6.8,Ural,online,consumer,230000,48,21.3,7159.0,558.0,1,50.8,35,0
4410,54459,2023-12-31,44,M,76777.0,self_employed,23.7,SPb,partner,car,730000,36,17.2,26099.0,551.0,2,82.4,28,0
4411,39402,2023-12-30,22,M,59505.0,employed,1.8,Ural,online,consumer,200000,36,19.4,7372.0,640.0,1,37.2,0,0
4412,58727,2024-10-13,35,F,63222.0,employed,6.7,Siberia,branch,car,530000,24,13.4,25297.0,678.0,1,44.7,0,0
4413,39578,2024-12-02,38,F,93249.0,self_employed,19.1,Moscow,online,renovation,660000,36,17.5,23695.0,644.0,3,76.0,8,0
4414,91453,2024-02-06,32,M,93994.0,employed,11.5,Ural,branch,education,230000,24,15.3,11185.0,642.0,0,33.1,0,0
4415,23318,2024-08-28,36,F,92702.0,self_employed,16.6,Moscow,branch,consumer,310000,36,19.1,11379.0,597.0,1,48.0,0,0
4416,76715,2024-05-06,34,M,78810.0,self_employed,14.4,SPb,branch,consumer,290000,12,19.6,26809.0,574.0,0,51.3,7,0
4417,78787,2023-08-17,44,F,165201.0,employed,25.8,SPb,online,car,1500000,36,15.4,52292.0,680.0,1,84.8,0,0
4418,86029,2024-07-28,45,M,105311.0,self_employed,23.5,SPb,online,education,290000,36,15.4,10110.0,622.0,1,39.8,43,0
4419,21466,2024-06-20,19,F,52350.0,employed,0.3,Ural,partner,consumer,110000,24,17.9,5486.0,715.0,2,35.6,21,0
4420,96742,2023-09-25,35,M,147467.0,employed,15.1,Ural,online,consumer,400000,24,18.6,20086.0,699.0,1,44.8,9,0
4421,46475,2024-02-09,20,F,113982.0,employed,0.3,Moscow,online,consumer,330000,24,18.8,16603.0,644.0,2,55.1,3,0
4422,61142,2023-01-11,29,F,26373.0,unemployed,0.6,South,partner,consumer,90000,6,21.8,15968.0,459.0,0,54.6,12,0
4423,86160,2023-11-16,35,M,97380.0,employed,15.6,SPb,branch,renovation,670000,48,17.4,19472.0,643.0,0,50.5,0,0
4424,27564,2024-12-13,67,F,92560.0,self_employed,45.0,Ural,branch,car,590000,48,13.9,16093.0,652.0,2,60.4,1,0
4425,23412,2023-05-06,23,M,49897.0,employed,3.2,Moscow,branch,consumer,130000,36,18.3,4719.0,638.0,0,27.2,24,0
4426,94526,2023-11-02,48,M,88075.0,employed,29.9,Ural,branch,renovation,640000,36,16.7,22722.0,681.0,2,71.7,0,0
4427,52001,2024-12-02,54,F,111981.0,employed,35.2,Ural,branch,consumer,330000,36,17.7,11881.0,644.0,2,38.8,16,0
4428,58649,2024-05-25,19,M,42072.0,freelance,0.0,Moscow,partner,education,140000,24,16.4,6882.0,635.0,3,55.4,150,1
4429,61957,2023-03-30,43,M,76116.0,employed,19.4,South,branch,renovation,610000,24,16.9,30130.0,713.0,2,58.9,4,0
4430,36517,2023-12-21,22,M,67325.0,employed,0.2,Siberia,branch,consumer,210000,6,19.8,37049.0,605.0,4,45.1,0,0
4431,14156,2024-09-19,34,F,94889.0,self_employed,13.0,Ural,online,car,880000,36,15.1,30549.0,649.0,1,70.7,0,0
4432,24064,2023-12-18,26,M,73306.0,employed,3.0,Moscow,branch,renovation,390000,36,18.1,14119.0,577.0,2,51.0,90,1
4433,26711,2024-11-19,59,M,127625.0,employed,40.6,South,branch,consumer,360000,36,17.9,12997.0,699.0,3,45.6,38,0
4434,31106,2023-01-14,20,F,118174.0,employed,0.0,Moscow,online,education,400000,36,14.6,13788.0,703.0,2,41.3,0,0
4435,66458,2023-09-14,25,F,94063.0,employed,6.6,Moscow,partner,renovation,530000,60,17.4,13286.0,703.0,4,75.0,19,0
4436,17589,2023-07-28,64,F,82853.0,self_employed,41.5,Ural,branch,renovation,430000,36,16.3,15181.0,727.0,1,44.5,18,0
4437,90272,2023-10-08,49,F,88664.0,employed,28.8,Moscow,branch,consumer,320000,48,18.0,9400.0,730.0,0,39.0,8,0
4438,87511,2024-03-18,44,F,113840.0,employed,21.0,SPb,partner,consumer,370000,24,18.8,18615.0,648.0,1,43.6,34,0
4439,8214,2024-01-24,28,M,45966.0,freelance,5.2,Ural,branch,car,350000,36,16.4,12374.0,551.0,1,53.8,0,0
4440,97117,2024-09-08,20,M,47572.0,freelance,0.1,SPb,online,car,350000,36,15.5,12219.0,638.0,2,60.7,8,0
4441,86731,2024-04-27,48,F,115084.0,freelance,27.9,Moscow,branch,consumer,340000,12,19.7,31447.0,644.0,2,61.3,182,1
4442,28127,2023-05-27,39,F,56057.0,freelance,20.9,Siberia,partner,renovation,350000,60,19.3,9137.0,610.0,4,77.5,210,1
4443,6141,2023-10-06,63,F,125746.0,self_employed,42.8,Moscow,online,renovation,680000,60,18.2,17342.0,658.0,3,69.0,6,0
4444,29884,2024-06-04,33,M,56943.0,self_employed,11.6,Siberia,branch,consumer,190000,24,21.4,9801.0,528.0,1,72.4,90,1
4445,91421,2024-09-21,44,M,66696.0,self_employed,25.2,South,partner,car,460000,36,15.5,16059.0,589.0,1,59.2,21,0
4446,3708,2024-08-28,24,F,46429.0,freelance,0.0,Ural,online,car,500000,24,17.4,24817.0,500.0,5,79.7,17,0
4447,19375,2024-03-09,24,F,56997.0,self_employed,0.0,Siberia,partner,consumer,220000,60,19.3,5743.0,637.0,1,43.2,15,0
4448,16088,2023-05-24,41,F,89106.0,employed,22.0,Moscow,partner,consumer,440000,36,20.0,16352.0,610.0,5,60.3,10,0
4449,58615,2023-10-16,19,F,59712.0,freelance,0.0,Moscow,online,renovation,390000,36,19.5,14395.0,569.0,0,75.7,173,1
4450,46046,2024-01-21,47,M,92631.0,freelance,28.9,Moscow,online,car,620000,36,17.0,22105.0,572.0,3,80.2,90,1
4451,11014,2023-01-14,30,F,57450.0,freelance,8.7,SPb,branch,car,370000,60,15.8,8958.0,576.0,1,48.7,0,0
4452,65425,2023-09-14,36,F,92746.0,employed,15.1,Moscow,branch,car,600000,36,13.8,20448.0,742.0,2,50.8,0,0
4453,4273,2023-12-12,19,M,50727.0,employed,0.0,Ural,branch,consumer,180000,12,18.2,16520.0,717.0,5,45.4,16,0
4454,48135,2024-11-28,27,M,61362.0,employed,7.9,Moscow,branch,consumer,230000,24,17.2,11394.0,737.0,2,32.7,37,0
4455,31881,2023-12-11,60,F,121489.0,employed,35.7,Siberia,partner,renovation,670000,12,17.8,61362.0,618.0,3,73.6,0,0
4456,98022,2024-02-04,30,F,50047.0,employed,6.1,Ural,partner,car,520000,36,14.3,17848.0,666.0,0,50.4,130,1
4457,79077,2023-07-26,26,M,80814.0,employed,4.7,SPb,branch,consumer,250000,48,19.3,7515.0,605.0,2,43.5,24,0
4458,9712,2023-06-21,42,M,66436.0,employed,22.1,South,branch,consumer,250000,24,19.7,12687.0,558.0,1,50.0,18,0
4459,75704,2024-04-08,32,M,71321.0,employed,11.1,Siberia,online,consumer,250000,24,18.8,12578.0,651.0,1,39.2,34,0
4460,53874,2023-09-27,25,M,60879.0,self_employed,3.1,Siberia,online,consumer,280000,36,20.6,10492.0,554.0,0,43.9,191,1
4461,70087,2023-08-09,33,F,84870.0,freelance,3.9,Siberia,online,consumer,260000,12,20.8,24185.0,563.0,2,62.2,20,0
4462,13297,2023-06-01,62,F,52987.0,employed,43.6,Ural,online,consumer,150000,24,17.8,7474.0,694.0,5,46.3,18,0
4463,28128,2024-09-14,43,F,93552.0,self_employed,23.9,SPb,online,consumer,330000,60,20.2,8780.0,571.0,2,65.5,167,1
4464,69368,2023-07-02,59,F,91383.0,employed,13.0,SPb,online,car,900000,24,15.7,43938.0,617.0,0,74.2,12,0
4465,95019,2024-02-03,33,M,40718.0,employed,13.4,Ural,branch,consumer,120000,24,18.3,6008.0,696.0,2,39.9,25,0
4466,88599,2023-03-13,46,M,101306.0,self_employed,13.9,Moscow,branch,car,1270000,60,16.3,31087.0,551.0,5,84.8,228,1
4467,89499,2024-02-22,53,M,68740.0,self_employed,34.6,Siberia,branch,renovation,350000,24,17.8,17440.0,663.0,2,60.0,22,0
4468,79958,2023-10-10,31,M,67710.0,freelance,9.3,South,online,consumer,210000,12,22.0,19655.0,502.0,1,72.7,205,1
4469,33920,2023-03-15,31,M,77824.0,employed,9.6,Moscow,branch,renovation,670000,48,18.5,19857.0,565.0,5,81.0,14,0
4470,12156,2023-12-21,37,F,55279.0,freelance,16.4,Moscow,partner,consumer,250000,12,21.8,23375.0,572.0,3,79.1,4,0
4471,12108,2024-12-27,19,F,64087.0,employed,0.0,Moscow,branch,consumer,180000,36,19.0,6598.0,632.0,2,51.4,17,0
4472,32845,2024-05-11,22,F,64469.0,employed,0.0,Siberia,online,car,560000,36,16.1,19716.0,582.0,4,79.5,37,0
4473,3800,2023-11-24,44,F,141362.0,employed,20.7,Moscow,branch,education,400000,12,15.0,36103.0,711.0,2,46.6,107,1
4474,43712,2024-06-18,34,F,83752.0,freelance,15.6,SPb,partner,car,690000,48,15.7,19449.0,665.0,5,75.7,0,0
4475,3610,2024-08-02,20,F,76107.0,employed,0.0,Moscow,branch,consumer,200000,24,17.0,9888.0,733.0,2,33.5,6,0
4476,78603,2024-03-22,58,M,178700.0,employed,38.2,SPb,online,consumer,550000,36,18.8,20105.0,653.0,0,60.7,8,0
4477,34872,2024-01-08,30,F,77825.0,self_employed,10.8,Ural,partner,consumer,360000,60,20.0,9538.0,635.0,0,57.2,0,0
4478,11728,2023-12-28,48,M,105460.0,employed,23.6,Ural,branch,car,980000,36,15.0,33972.0,656.0,0,67.1,150,1
4479,96102,2023-04-03,19,M,58595.0,employed,0.0,Ural,online,consumer,210000,24,18.7,10555.0,676.0,0,41.6,0,0
4480,96319,2023-11-17,25,M,101972.0,employed,4.9,South,online,car,980000,48,16.8,28177.0,509.0,2,84.2,163,1
4481,21583,2023-11-20,36,F,41512.0,employed,13.4,Ural,online,renovation,240000,12,17.8,21980.0,670.0,2,78.4,24,0
4482,86774,2024-01-19,51,F,71244.0,self_employed,30.6,South,online,consumer,170000,24,19.2,8586.0,696.0,0,45.5,0,0
4483,8263,2024-07-28,46,F,70641.0,self_employed,22.1,South,online,renovation,520000,48,17.5,15139.0,650.0,0,54.6,175,1
4484,68450,2023-12-12,40,F,102401.0,employed,21.7,Moscow,branch,renovation,780000,48,17.5,22709.0,608.0,2,70.1,18,0
4485,90285,2023-04-13,38,M,140185.0,employed,15.5,Moscow,online,renovation,650000,36,15.0,22532.0,842.0,0,44.1,0,0
4486,20456,2023-08-03,64,F,109431.0,freelance,45.0,Ural,online,consumer,310000,24,18.7,15582.0,722.0,2,51.1,34,0
4487,92118,2023-07-11,29,F,90056.0,employed,10.2,Moscow,online,consumer,250000,12,18.7,23003.0,700.0,0,33.9,23,0
4488,66942,2024-11-02,19,F,57209.0,self_employed,0.4,Ural,partner,education,140000,24,16.6,6895.0,573.0,4,54.9,151,1
4489,14689,2024-12-19,32,M,86397.0,employed,13.2,Ural,online,consumer,240000,36,17.2,8581.0,706.0,0,25.2,0,0
4490,33934,2023-07-13,43,M,89718.0,employed,21.1,Moscow,partner,car,990000,24,17.5,49186.0,554.0,0,84.2,232,1
4491,34276,2024-01-15,19,F,25999.0,unemployed,1.0,Ural,partner,consumer,120000,12,22.5,11260.0,511.0,2,67.2,178,1
4492,20873,2024-02-07,46,M,83790.0,self_employed,27.2,Moscow,online,renovation,420000,36,17.2,15016.0,656.0,2,52.0,9,0
4493,14050,2024-10-25,38,F,52767.0,employed,19.1,Moscow,partner,consumer,120000,60,18.6,3087.0,644.0,4,42.0,0,0
4494,67216,2024-08-22,47,M,56921.0,employed,28.7,Siberia,branch,consumer,190000,48,19.1,5691.0,603.0,3,44.9,19,0
4495,85444,2023-01-11,27,F,76144.0,employed,7.4,Moscow,branch,car,660000,60,17.1,16438.0,491.0,1,67.7,93,1
4496,85040,2023-07-06,63,M,131371.0,employed,43.6,Ural,online,consumer,280000,24,19.0,14114.0,704.0,0,34.6,0,0
4497,22644,2024-12-26,21,F,27346.0,unemployed,0.6,Ural,partner,car,350000,24,17.4,17372.0,514.0,1,76.4,119,1
4498,63021,2023-01-15,26,M,74616.0,freelance,2.6,Moscow,branch,car,620000,48,16.5,17730.0,595.0,0,61.5,0,0
4499,38125,2023-10-24,48,F,79628.0,employed,24.3,Moscow,partner,car,790000,60,13.8,18300.0,770.0,2,60.6,0,0
4500,67899,2024-02-15,45,M,71460.0,employed,26.7,Ural,branch,renovation,370000,48,16.7,10619.0,678.0,2,41.4,90,1
4501,43291,2024-08-07,38,F,81023.0,freelance,19.1,SPb,online,car,450000,48,14.0,12297.0,715.0,2,57.1,1,0
4502,36060,2023-02-21,63,F,90479.0,employed,41.0,Ural,online,consumer,260000,24,17.7,12943.0,688.0,0,33.0,0,0
4503,2538,2024-10-01,29,M,44591.0,self_employed,4.9,South,online,consumer,180000,60,21.4,4910.0,461.0,4,64.5,159,1
4504,37176,2023-01-28,42,F,107126.0,self_employed,23.8,Moscow,branch,renovation,660000,60,18.6,16976.0,626.0,1,63.2,0,0
4505,42520,2024-07-30,43,M,85480.0,self_employed,18.0,Moscow,branch,renovation,480000,36,18.2,17401.0,554.0,3,64.9,19,0
4506,26675,2023-01-17,63,M,87710.0,self_employed,44.8,Ural,partner,renovation,460000,12,17.5,42063.0,649.0,2,62.8,22,0
4507,19287,2023-12-17,29,M,113986.0,self_employed,8.0,Siberia,online,consumer,340000,36,20.6,12740.0,553.0,1,54.5,169,1
4508,1174,2024-03-03,53,F,38445.0,unemployed,0.4,SPb,branch,consumer,130000,36,18.9,4759.0,676.0,0,37.6,90,1
4509,93268,2024-10-11,32,M,86127.0,employed,6.1,SPb,branch,car,830000,36,14.6,28610.0,644.0,1,66.7,179,1
4510,35998,2023-08-17,50,M,87746.0,freelance,30.7,Ural,branch,consumer,290000,6,19.9,51177.0,633.0,1,50.0,7,0
4511,54312,2023-07-29,34,F,79392.0,employed,12.9,Ural,online,consumer,340000,12,19.2,31366.0,683.0,3,50.9,28,0
4512,13112,2024-03-06,21,F,104747.0,employed,2.4,SPb,partner,renovation,810000,48,20.1,24692.0,558.0,3,82.9,274,1
4513,76225,2023-10-21,20,M,112478.0,employed,0.8,Siberia,partner,consumer,340000,36,20.3,12688.0,583.0,2,59.5,154,1
4514,45814,2024-08-04,45,F,108715.0,self_employed,22.9,Moscow,partner,consumer,380000,12,20.9,35365.0,520.0,0,66.1,188,1
4515,86091,2023-04-14,35,F,107914.0,employed,6.2,Ural,online,car,690000,36,14.5,23750.0,676.0,3,60.4,13,0
4516,51719,2023-07-23,21,M,50136.0,freelance,0.0,Siberia,online,consumer,160000,24,21.0,8222.0,633.0,2,64.5,0,0
4517,34919,2023-02-22,21,F,73546.0,self_employed,0.0,South,online,consumer,260000,24,20.5,13297.0,601.0,1,55.6,6,0
4518,74155,2024-01-10,22,M,61447.0,employed,0.0,South,online,consumer,240000,12,19.1,22129.0,612.0,1,58.0,44,0
4519,72569,2023-02-23,23,F,34601.0,self_employed,0.0,Ural,partner,car,350000,60,17.1,8717.0,515.0,2,68.3,5,0
4520,42328,2023-10-03,66,M,125572.0,freelance,45.0,SPb,branch,car,990000,48,16.4,28260.0,601.0,1,82.6,216,1
4521,71482,2023-12-01,24,F,66681.0,self_employed,5.4,Ural,branch,consumer,240000,36,18.1,8689.0,739.0,2,37.8,0,0
4522,25618,2023-01-31,35,M,74801.0,employed,16.8,Siberia,partner,consumer,380000,60,18.7,9795.0,631.0,2,59.2,35,0
4523,35675,2023-05-15,19,F,49302.0,freelance,13.9,Moscow,online,car,390000,24,18.4,19546.0,451.0,2,71.0,189,1
4524,19919,2023-02-27,66,M,215502.0,self_employed,38.5,Moscow,online,renovation,950000,36,17.1,33917.0,714.0,1,69.5,2,0
4525,5173,2023-04-15,48,M,86163.0,employed,27.4,South,partner,education,260000,48,15.2,7262.0,702.0,0,40.5,0,0
4526,27400,2023-09-23,23,M,52786.0,employed,2.6,Moscow,partner,consumer,200000,24,18.5,10033.0,700.0,1,31.3,0,0
4527,51445,2024-06-05,24,F,72180.0,employed,0.7,Moscow,branch,renovation,370000,48,16.6,10600.0,650.0,3,42.7,1,0
4528,71305,2024-05-10,33,M,49169.0,freelance,7.1,South,online,consumer,190000,12,20.0,17601.0,580.0,1,48.1,15,0
4529,38564,2023-09-10,25,M,70711.0,employed,3.4,Moscow,branch,consumer,230000,24,20.3,11740.0,557.0,0,45.7,8,0
4530,46814,2023-10-22,32,M,117764.0,employed,7.2,Moscow,branch,consumer,350000,24,17.9,17457.0,712.0,1,32.7,15,0
4531,80747,2024-10-29,38,F,43929.0,freelance,19.4,South,partner,car,350000,60,15.7,8456.0,588.0,2,71.6,20,0
4532,89791,2023-06-07,47,M,83029.0,employed,26.9,SPb,online,car,840000,48,15.4,23549.0,659.0,1,71.7,0,0
4533,28962,2024-07-02,38,F,33212.0,unemployed,0.1,SPb,partner,consumer,110000,48,22.0,3466.0,478.0,0,64.6,161,1
4534,85892,2024-09-22,27,M,91448.0,employed,7.8,Ural,partner,education,350000,24,14.8,16937.0,656.0,2,53.9,29,0
4535,86842,2023-03-08,34,M,100801.0,employed,15.3,South,online,consumer,360000,24,20.2,18358.0,552.0,2,65.1,182,1
4536,71533,2023-10-26,45,F,75333.0,employed,20.3,Moscow,partner,consumer,270000,36,19.4,9952.0,653.0,1,38.9,13,0
4537,57184,2024-04-07,39,F,36337.0,unemployed,0.3,Moscow,partner,consumer,100000,12,20.7,9297.0,528.0,0,58.5,161,1
4538,83912,2024-12-25,33,M,61507.0,self_employed,12.7,Ural,branch,education,240000,12,15.4,21707.0,617.0,2,55.6,41,0
4539,11578,2023-04-11,26,M,18000.0,unemployed,0.4,SPb,online,education,80000,24,19.2,4040.0,490.0,2,61.5,170,1
4540,19624,2023-02-25,23,M,62821.0,self_employed,0.0,Moscow,branch,consumer,220000,24,18.7,11058.0,622.0,1,49.5,30,0
4541,40194,2023-11-28,25,F,56164.0,employed,4.2,SPb,branch,consumer,190000,36,20.8,7139.0,542.0,0,57.9,12,0
4542,1389,2024-01-28,29,M,58678.0,employed,11.0,South,branch,car,730000,36,15.4,25449.0,599.0,2,64.7,10,0
4543,68391,2024-01-16,42,F,123709.0,employed,23.1,Moscow,online,car,1050000,60,15.9,25478.0,589.0,5,84.6,23,0
4544,14794,2023-04-02,67,M,80459.0,self_employed,27.0,Moscow,online,car,1090000,48,15.1,30391.0,681.0,1,84.8,23,0
4545,59002,2024-03-22,27,M,30489.0,unemployed,0.3,Moscow,branch,consumer,110000,36,21.6,4178.0,535.0,2,49.6,5,0
4546,36531,2023-04-19,21,M,88294.0,employed,0.6,Ural,online,consumer,350000,24,19.9,17796.0,613.0,1,48.4,17,0
4547,53815,2023-11-13,30,F,60078.0,self_employed,9.5,Moscow,online,consumer,180000,60,19.4,4709.0,625.0,0,37.8,0,0
4548,5986,2023-06-17,25,F,29236.0,unemployed,0.5,SPb,branch,renovation,180000,24,19.3,9100.0,570.0,1,50.0,12,0
4549,33298,2024-03-10,29,M,103184.0,employed,7.3,South,partner,consumer,220000,36,17.7,7920.0,754.0,4,47.4,16,0
4550,2481,2024-03-17,24,F,50258.0,freelance,0.0,Moscow,partner,renovation,260000,24,18.0,12980.0,667.0,2,49.0,18,0
4551,57408,2023-08-06,56,M,70887.0,employed,36.0,SPb,partner,consumer,150000,60,17.6,3776.0,757.0,0,17.0,14,0
4552,70267,2023-08-10,27,F,54309.0,self_employed,0.0,SPb,branch,renovation,270000,36,16.2,9519.0,712.0,0,48.8,20,0
4553,17835,2024-11-03,22,M,111583.0,employed,1.7,SPb,partner,consumer,300000,36,18.3,10891.0,630.0,0,44.1,0,0
4554,28798,2024-06-11,37,M,119688.0,employed,15.9,Siberia,partner,renovation,600000,36,17.0,21392.0,646.0,1,57.6,15,0
4555,92649,2023-10-05,37,F,102977.0,employed,18.7,Moscow,online,education,370000,12,14.4,33291.0,754.0,0,31.5,14,0
4556,65887,2024-07-22,32,F,25346.0,unemployed,0.1,Siberia,partner,consumer,130000,24,20.6,6655.0,570.0,3,55.8,12,0
4557,20477,2024-07-27,38,M,50161.0,freelance,15.6,Siberia,online,consumer,230000,12,19.4,21240.0,632.0,1,52.9,2,0
4558,18266,2024-04-10,36,F,127239.0,employed,16.3,SPb,branch,consumer,510000,24,18.6,25609.0,642.0,1,50.4,27,0
4559,87328,2024-08-24,42,M,22331.0,unemployed,0.3,South,partner,renovation,180000,60,17.5,4522.0,650.0,1,44.5,0,0
4560,86988,2024-08-06,33,F,105691.0,self_employed,13.5,SPb,online,consumer,350000,24,19.1,17660.0,621.0,1,57.4,22,0
4561,44526,2023-01-30,24,M,51921.0,freelance,0.0,Ural,branch,consumer,130000,24,20.1,6623.0,616.0,5,57.5,28,0
4562,12889,2023-12-25,49,F,109508.0,employed,29.1,SPb,branch,education,220000,12,16.3,19992.0,611.0,3,54.7,12,0
4563,25335,2023-10-15,65,M,121117.0,employed,45.0,Moscow,online,car,1260000,48,14.6,34812.0,737.0,0,81.9,46,0
4564,12254,2023-03-27,38,M,112406.0,self_employed,19.9,Moscow,online,renovation,630000,36,19.0,23093.0,569.0,3,73.0,222,1
4565,87610,2023-08-22,23,M,83176.0,employed,0.6,SPb,partner,renovation,510000,36,17.8,18387.0,653.0,2,53.5,22,0
4566,12442,2023-11-09,19,M,76023.0,employed,0.0,South,online,consumer,200000,24,18.5,10033.0,705.0,2,45.1,8,0
4567,47289,2023-12-31,37,M,140933.0,employed,13.0,Moscow,online,renovation,720000,24,18.0,35945.0,634.0,1,61.7,0,0
4568,54747,2023-09-26,25,M,54640.0,employed,5.6,South,online,car,450000,24,16.1,22055.0,535.0,2,62.2,9,0
4569,38327,2024-11-28,20,F,61312.0,employed,0.0,South,online,car,390000,60,14.9,9258.0,551.0,1,47.0,27,0
4570,17199,2023-05-11,42,M,25171.0,unemployed,0.2,SPb,online,consumer,100000,48,23.6,3238.0,433.0,1,49.7,0,0
4571,73827,2023-12-17,31,F,57263.0,employed,12.8,SPb,online,education,200000,24,16.6,9850.0,548.0,1,49.0,16,0
4572,1112,2023-06-29,32,F,71379.0,employed,13.6,Ural,partner,renovation,440000,24,17.9,21945.0,611.0,1,53.2,16,0
4573,88051,2024-04-24,44,F,100456.0,employed,26.0,Siberia,online,consumer,270000,12,17.0,24625.0,795.0,1,32.6,25,0
4574,20581,2023-06-12,33,F,97891.0,self_employed,8.9,Moscow,online,consumer,550000,48,20.9,17002.0,565.0,2,66.2,1,0
4575,60722,2023-04-06,53,F,87471.0,self_employed,34.8,SPb,partner,renovation,570000,24,17.7,28374.0,690.0,2,66.8,16,0
4576,93036,2024-05-24,37,F,56523.0,freelance,18.7,Moscow,partner,consumer,220000,24,20.3,11229.0,558.0,1,65.2,160,1
4577,98562,2023-12-31,34,M,78151.0,employed,15.2,South,branch,consumer,250000,24,20.0,12724.0,550.0,0,50.8,0,0
4578,17523,2023-12-19,37,F,138152.0,employed,11.5,Moscow,online,car,1090000,48,14.6,30115.0,678.0,0,78.5,0,0
4579,67960,2024-03-11,54,F,113702.0,freelance,32.5,Siberia,partner,consumer,350000,48,20.8,10800.0,563.0,5,66.9,148,1
4580,20552,2023-03-24,38,M,29614.0,unemployed,0.0,SPb,partner,renovation,180000,36,20.6,6745.0,516.0,1,54.7,0,0
4581,11808,2023-08-13,24,M,52510.0,self_employed,1.4,Siberia,branch,education,170000,24,17.7,8462.0,535.0,2,53.8,16,0
4582,73525,2024-02-16,34,M,75354.0,employed,12.5,South,online,education,210000,36,15.6,7342.0,608.0,2,43.0,28,0
4583,24620,2023-04-28,55,F,143601.0,employed,32.9,SPb,branch,consumer,400000,24,20.6,20476.0,545.0,0,53.8,14,0
4584,1887,2024-04-26,31,M,96125.0,employed,12.8,Moscow,partner,consumer,330000,12,18.0,30254.0,713.0,2,46.5,0,0
4585,32802,2023-07-11,31,F,57756.0,self_employed,10.3,Ural,partner,car,450000,60,16.1,10967.0,618.0,0,48.9,185,1
4586,86024,2024-08-13,31,F,88351.0,employed,8.8,South,online,renovation,710000,12,15.4,64217.0,721.0,0,46.4,2,0
4587,96549,2024-08-12,30,F,101984.0,employed,9.5,Siberia,online,consumer,230000,36,17.7,8280.0,695.0,1,44.0,27,0
4588,82938,2024-10-20,24,F,47540.0,employed,6.0,Siberia,partner,consumer,90000,24,19.2,4546.0,580.0,1,49.2,0,0
4589,87741,2023-04-17,59,F,84834.0,employed,40.3,Ural,online,car,620000,60,15.4,14880.0,647.0,0,61.4,21,0
4590,27049,2024-01-17,30,M,87508.0,employed,13.0,SPb,branch,car,800000,36,14.8,27654.0,632.0,1,81.5,14,0
4591,78789,2024-01-25,46,M,99675.0,employed,24.3,Ural,online,car,890000,48,15.0,24769.0,642.0,2,73.1,15,0
4592,85526,2023-09-01,60,M,136255.0,self_employed,38.5,Moscow,branch,consumer,480000,36,21.2,18133.0,606.0,4,81.7,35,0
4593,8846,2024-08-07,22,M,69151.0,employed,0.8,SPb,online,renovation,400000,24,16.7,19719.0,637.0,2,64.0,28,0
4594,91563,2024-04-12,35,M,99528.0,employed,16.6,Ural,branch,car,870000,36,14.8,30074.0,624.0,1,75.8,15,0
4595,47220,2024-06-21,24,F,47501.0,employed,6.0,South,branch,car,450000,48,15.6,12661.0,601.0,1,83.8,0,0
4596,47163,2023-07-29,28,F,133420.0,employed,8.3,South,branch,renovation,950000,60,18.7,24487.0,566.0,2,82.5,99,1
4597,4765,2024-08-26,42,F,93142.0,self_employed,22.2,Moscow,online,consumer,220000,36,19.5,8120.0,635.0,1,41.7,19,0
4598,82486,2024-09-28,27,M,126029.0,employed,4.0,Ural,partner,education,380000,24,16.5,18697.0,543.0,2,61.1,0,0
4599,46270,2023-03-14,20,M,101723.0,self_employed,1.4,Siberia,branch,consumer,420000,6,20.2,74182.0,616.0,2,60.8,0,0
4600,76277,2024-09-26,59,F,81251.0,self_employed,40.0,Ural,partner,consumer,290000,48,17.2,8398.0,746.0,1,34.9,22,0
4601,89278,2023-11-05,21,M,52155.0,freelance,2.8,Moscow,online,car,470000,48,16.5,13441.0,593.0,0,53.8,17,0
4602,91239,2024-11-26,26,M,61254.0,employed,6.5,Moscow,partner,consumer,260000,24,17.9,12968.0,659.0,3,40.8,23,0
4603,23931,2024-11-29,21,M,56193.0,employed,2.1,SPb,partner,consumer,200000,6,18.9,35195.0,652.0,0,48.9,18,0
4604,90116,2024-12-10,50,M,102563.0,self_employed,31.1,Ural,branch,consumer,310000,36,19.8,11489.0,544.0,0,69.4,19,0
4605,56633,2024-08-12,25,M,93062.0,employed,6.1,Moscow,partner,car,750000,48,16.2,21332.0,589.0,0,82.9,217,1
4606,81702,2023-07-05,39,M,116699.0,employed,20.2,Ural,online,education,410000,24,15.6,19997.0,667.0,5,58.6,0,0
4607,52913,2023-09-10,44,M,83278.0,self_employed,24.8,Moscow,online,car,590000,24,15.4,28719.0,647.0,0,50.7,23,0
4608,95776,2023-01-13,24,F,99483.0,employed,3.7,SPb,partner,car,890000,60,12.6,20068.0,795.0,3,80.5,27,0
4609,26991,2023-10-26,24,M,98739.0,employed,4.3,SPb,branch,renovation,640000,36,18.8,23395.0,622.0,0,72.3,0,0
4610,55845,2023-03-17,21,M,85207.0,self_employed,2.8,SPb,partner,education,210000,24,16.0,10282.0,698.0,2,55.4,11,0
4611,99505,2023-02-20,34,F,27712.0,unemployed,0.2,Siberia,branch,consumer,100000,24,22.6,5217.0,432.0,0,53.6,186,1
4612,56312,2023-05-29,41,F,79105.0,freelance,17.4,Moscow,online,consumer,350000,12,21.3,32640.0,554.0,2,63.3,8,0
4613,11561,2023-05-02,39,M,107174.0,employed,20.7,Moscow,online,consumer,390000,36,20.0,14494.0,576.0,1,54.1,17,0
4614,17901,2023-07-30,25,F,78783.0,employed,0.0,Ural,online,consumer,240000,48,19.8,7278.0,627.0,0,36.4,5,0
4615,96556,2023-10-07,39,M,94245.0,employed,19.9,South,online,consumer,280000,36,19.7,10363.0,594.0,1,52.2,90,1
4616,63875,2024-06-21,66,M,94475.0,employed,45.0,Ural,partner,consumer,330000,6,17.5,57841.0,762.0,0,66.3,13,0
4617,26917,2024-11-15,26,F,38974.0,freelance,7.1,South,partner,renovation,340000,24,19.4,17205.0,528.0,0,52.1,17,0
4618,63120,2023-06-05,63,F,92319.0,employed,44.8,South,online,renovation,650000,36,16.8,23110.0,717.0,2,50.1,0,0
4619,2988,2023-08-26,31,M,87898.0,employed,10.5,South,online,consumer,260000,24,19.3,13144.0,658.0,3,74.0,20,0
4620,15256,2024-01-11,45,F,36126.0,unemployed,0.0,South,branch,consumer,220000,36,22.5,8459.0,426.0,1,64.5,162,1
4621,88728,2023-03-23,21,F,37057.0,freelance,0.0,Siberia,partner,car,350000,36,16.0,12305.0,604.0,1,63.8,0,0
4622,29230,2024-05-06,42,M,55438.0,freelance,20.0,South,partner,renovation,310000,48,17.5,9025.0,669.0,1,48.6,1,0
4623,60778,2023-12-22,44,M,72621.0,freelance,24.1,SPb,branch,renovation,400000,36,18.8,14622.0,613.0,1,52.6,15,0
4624,46833,2023-09-30,22,M,62494.0,self_employed,1.5,SPb,online,consumer,210000,12,20.3,19483.0,584.0,0,58.3,107,1
4625,23625,2024-08-02,51,F,75845.0,employed,30.2,South,partner,renovation,510000,36,18.1,18463.0,593.0,5,82.9,3,0
4626,33088,2023-02-13,34,M,71695.0,employed,15.1,Moscow,online,education,230000,24,13.3,10967.0,785.0,2,31.8,41,0
4627,80650,2024-07-26,37,F,54376.0,employed,18.5,South,partner,consumer,210000,24,19.4,10627.0,625.0,2,46.2,28,0
4628,42167,2023-05-03,31,M,60371.0,employed,11.6,SPb,branch,renovation,410000,60,16.7,10124.0,690.0,1,49.4,0,0
4629,72291,2023-12-15,36,M,51666.0,freelance,17.7,Moscow,partner,consumer,140000,12,19.6,12942.0,640.0,2,44.1,157,1
4630,66303,2024-12-08,43,F,79064.0,employed,23.9,Siberia,branch,consumer,260000,36,17.7,9361.0,680.0,2,41.9,0,0
4631,77361,2023-11-26,28,F,78880.0,employed,7.6,SPb,online,car,490000,36,15.6,17130.0,612.0,3,63.5,0,0
4632,89229,2024-02-13,46,M,125119.0,employed,25.7,Siberia,branch,car,970000,36,13.9,33105.0,677.0,0,65.2,5,0
4633,5117,2023-11-19,21,M,90457.0,employed,2.6,Moscow,partner,car,720000,36,14.7,24853.0,681.0,0,57.6,8,0
4634,91265,2023-04-21,41,F,62622.0,freelance,23.0,South,branch,education,190000,24,17.7,9458.0,543.0,2,65.9,60,0
4635,98718,2023-03-30,29,M,47853.0,self_employed,10.7,Ural,online,consumer,130000,24,19.4,6578.0,656.0,1,35.7,17,0
4636,61710,2024-03-08,41,M,102337.0,self_employed,22.9,Moscow,partner,car,750000,36,16.9,26702.0,624.0,3,82.9,18,0
4637,95426,2024-12-10,31,F,108102.0,employed,11.5,Moscow,online,consumer,290000,12,18.3,26629.0,623.0,0,35.8,15,0
4638,95876,2024-12-12,46,M,97880.0,self_employed,26.5,Ural,partner,renovation,620000,12,18.8,57078.0,590.0,1,76.2,0,0
4639,68054,2023-04-09,23,M,33887.0,freelance,4.2,South,online,consumer,100000,24,21.5,5163.0,549.0,1,46.7,14,0
4640,31949,2024-06-22,35,M,82530.0,self_employed,16.3,Ural,branch,consumer,220000,48,18.1,6474.0,677.0,3,41.9,13,0
4641,23547,2024-08-23,38,F,35902.0,unemployed,0.1,SPb,online,education,110000,48,19.0,3289.0,427.0,0,58.4,24,0
4642,82882,2023-05-26,30,M,22264.0,unemployed,0.1,South,branch,car,350000,36,18.0,12653.0,539.0,2,72.1,230,1
4643,69136,2024-11-24,59,F,47199.0,unemployed,0.1,South,branch,education,140000,24,19.0,7057.0,458.0,5,70.7,179,1
4644,65619,2023-09-14,43,M,92378.0,self_employed,23.4,Siberia,online,consumer,380000,36,20.4,14200.0,561.0,2,63.9,92,1
4645,62842,2023-07-08,27,M,19305.0,unemployed,0.0,Siberia,partner,car,350000,48,18.9,10447.0,428.0,2,80.3,90,1
4646,95803,2023-08-28,61,M,129672.0,employed,37.5,Moscow,branch,car,1020000,36,15.3,35509.0,719.0,2,78.7,23,0
4647,27990,2024-05-17,24,M,61200.0,freelance,2.6,SPb,branch,education,130000,24,17.2,6440.0,508.0,0,42.5,0,0
4648,17193,2024-12-08,25,F,43293.0,unemployed,0.0,South,partner,consumer,120000,6,21.4,21267.0,568.0,1,53.7,0,0
4649,31109,2024-11-07,67,M,39949.0,unemployed,0.0,SPb,online,consumer,120000,24,20.1,6113.0,602.0,1,53.0,24,0
4650,20233,2023-09-28,26,F,51004.0,freelance,7.4,SPb,online,car,680000,60,17.9,17231.0,509.0,1,82.8,131,1
4651,82730,2024-06-03,40,M,111762.0,employed,21.6,Ural,partner,consumer,390000,12,18.9,35922.0,622.0,0,56.7,0,0
4652,35510,2024-07-03,36,M,143931.0,employed,17.5,SPb,online,renovation,950000,60,16.1,23153.0,726.0,0,81.3,2,0
4653,2306,2023-04-24,67,M,110748.0,employed,45.0,South,partner,education,370000,60,15.4,8880.0,679.0,1,43.3,4,0
4654,4849,2023-12-05,43,F,88320.0,freelance,24.2,Moscow,partner,renovation,510000,48,19.9,15492.0,564.0,1,82.6,0,0
4655,13360,2024-07-21,26,F,62318.0,employed,1.5,Ural,online,consumer,200000,36,17.2,7150.0,708.0,0,29.5,0,0
4656,95767,2023-12-25,33,F,91279.0,employed,5.3,Ural,online,renovation,450000,60,17.9,11403.0,676.0,1,60.8,24,0
4657,46800,2024-10-11,19,M,58122.0,self_employed,0.0,South,online,car,390000,60,15.1,9299.0,603.0,1,67.8,24,0
4658,37963,2024-09-05,64,F,69215.0,self_employed,41.0,SPb,online,consumer,200000,60,16.8,4949.0,787.0,2,30.6,0,0
4659,55330,2023-11-30,36,M,40101.0,unemployed,1.3,Moscow,branch,car,450000,48,18.1,13242.0,529.0,1,72.7,9,0
4660,52707,2024-11-19,30,F,73964.0,self_employed,8.7,Ural,branch,education,200000,60,15.3,4790.0,665.0,2,52.9,16,0
4661,19689,2023-06-18,36,F,45266.0,freelance,17.8,Siberia,online,consumer,150000,6,19.6,26448.0,604.0,0,47.9,30,0
4662,30084,2023-12-05,44,M,80613.0,self_employed,16.3,Moscow,online,car,1010000,48,16.7,28987.0,532.0,1,83.5,162,1
4663,41387,2023-09-18,25,M,53451.0,freelance,3.7,Moscow,online,consumer,230000,24,21.3,11853.0,542.0,1,56.6,2,0
4664,75816,2023-07-18,65,F,112492.0,employed,45.0,Moscow,online,renovation,690000,60,15.7,16670.0,786.0,1,49.6,0,0
4665,3642,2023-07-30,33,F,77869.0,employed,10.6,Moscow,partner,consumer,290000,24,19.4,14675.0,657.0,0,56.8,4,0
4666,43137,2023-10-14,21,M,18000.0,unemployed,0.3,Siberia,online,car,350000,36,18.6,12759.0,469.0,5,83.6,228,1
4667,80832,2024-11-22,29,F,68562.0,self_employed,9.6,Ural,branch,car,550000,12,14.9,49616.0,625.0,2,67.3,162,1
4668,56561,2024-04-16,27,F,47614.0,self_employed,2.2,Ural,branch,car,390000,60,15.9,9463.0,564.0,0,55.1,142,1
4669,63260,2024-04-26,19,M,118000.0,employed,0.1,Moscow,branch,consumer,300000,12,20.2,27819.0,548.0,0,39.7,5,0
4670,16438,2023-01-23,23,M,71261.0,employed,1.7,South,partner,car,700000,36,16.2,24679.0,615.0,2,67.8,11,0
4671,49442,2024-07-13,21,F,38201.0,self_employed,1.7,Siberia,online,car,350000,36,15.8,12270.0,536.0,1,75.0,161,1
4672,3994,2023-04-19,37,M,88731.0,employed,17.5,SPb,partner,consumer,440000,24,19.9,22373.0,608.0,1,52.8,0,0
4673,2813,2023-10-23,20,M,53557.0,employed,13.0,Moscow,branch,car,350000,36,14.7,12082.0,644.0,2,51.4,9,0
4674,94027,2023-01-06,37,F,93124.0,employed,11.8,Ural,online,consumer,210000,24,19.5,10637.0,623.0,0,37.0,26,0
4675,85381,2024-07-03,30,F,45614.0,employed,11.5,Ural,online,car,460000,60,15.8,11137.0,547.0,2,58.4,18,0
4676,56276,2024-11-11,37,F,71016.0,self_employed,18.0,Ural,partner,renovation,370000,36,17.5,13284.0,585.0,1,55.7,94,1
4677,42243,2023-07-22,34,M,25427.0,unemployed,0.8,Ural,online,consumer,70000,12,21.4,6531.0,590.0,0,43.9,100,1
4678,63912,2023-11-21,34,F,80697.0,self_employed,13.1,Moscow,partner,consumer,190000,60,19.1,4939.0,661.0,1,38.1,3,0
4679,61272,2023-09-01,44,F,95723.0,freelance,24.1,SPb,partner,consumer,410000,12,21.4,38255.0,563.0,0,63.7,168,1
4680,43051,2023-11-23,31,M,58355.0,self_employed,8.1,Moscow,partner,car,370000,36,14.3,12700.0,722.0,5,53.4,9,0
4681,79854,2023-02-16,33,F,58163.0,self_employed,10.6,South,branch,consumer,130000,48,20.1,3963.0,577.0,0,37.8,17,0
4682,83736,2024-08-13,61,F,117288.0,employed,41.4,Siberia,online,car,930000,48,15.7,26214.0,611.0,2,84.8,15,0
4683,66618,2024-09-13,30,F,76292.0,employed,11.9,South,branch,consumer,260000,36,17.5,9335.0,665.0,1,49.9,45,0
4684,2920,2023-01-13,39,F,84594.0,self_employed,20.4,Moscow,partner,consumer,250000,36,20.9,9406.0,578.0,1,59.7,32,0
4685,78219,2024-01-15,35,M,62153.0,employed,15.0,Ural,partner,consumer,270000,36,19.3,9938.0,592.0,2,45.1,0,0
4686,77872,2023-12-31,64,M,73386.0,freelance,38.1,Siberia,online,consumer,250000,60,19.4,6540.0,685.0,3,46.3,21,0
4687,82132,2024-08-24,21,F,73012.0,employed,0.5,Moscow,partner,renovation,500000,24,17.5,24841.0,611.0,2,64.9,23,0
4688,3093,2023-12-08,25,F,56341.0,freelance,4.7,Siberia,partner,car,520000,48,17.3,15085.0,539.0,3,81.0,112,1
4689,13905,2023-08-09,64,F,33107.0,unemployed,0.0,Ural,online,renovation,230000,36,21.4,8713.0,479.0,3,81.5,178,1
4690,25351,2023-03-14,29,M,76798.0,employed,10.5,South,online,consumer,290000,24,20.1,14774.0,607.0,2,50.9,4,0
4691,31981,2024-09-16,29,M,76890.0,employed,10.5,Moscow,online,consumer,280000,12,18.7,25764.0,616.0,2,62.6,20,0
4692,74903,2023-02-15,32,M,53842.0,self_employed,12.7,Ural,partner,consumer,130000,36,21.4,4924.0,518.0,3,53.5,134,1
4693,71821,2024-05-18,49,F,87496.0,employed,15.2,South,branch,renovation,460000,36,17.0,16400.0,621.0,0,59.4,34,0
4694,83289,2023-10-01,34,M,66680.0,employed,9.7,Siberia,partner,car,620000,36,15.8,21736.0,606.0,2,81.6,184,1
4695,85021,2024-07-08,35,F,80325.0,freelance,13.6,SPb,online,car,460000,60,13.4,10561.0,718.0,1,50.9,14,0
4696,79513,2023-07-27,39,M,45843.0,unemployed,0.3,Moscow,partner,consumer,170000,24,23.3,8929.0,464.0,1,66.8,175,1
4697,20874,2024-09-06,33,M,22160.0,freelance,12.6,South,branch,renovation,180000,36,20.8,6763.0,443.0,2,76.3,174,1
4698,51931,2023-05-04,44,M,87984.0,employed,24.9,Moscow,online,education,180000,24,14.4,8676.0,686.0,1,40.2,9,0
4699,8674,2023-01-10,30,F,63222.0,employed,8.6,South,partner,car,510000,48,13.9,13911.0,704.0,2,53.4,12,0
4700,51516,2023-11-25,60,F,112945.0,employed,40.4,SPb,online,consumer,360000,48,19.2,10802.0,675.0,3,49.5,19,0
4701,95574,2023-07-06,29,F,81830.0,employed,10.6,South,online,consumer,250000,48,18.8,7449.0,682.0,2,71.1,7,0
4702,61686,2024-06-26,34,F,84539.0,employed,15.3,Ural,partner,renovation,410000,36,17.7,14761.0,610.0,3,71.7,22,0
4703,95851,2024-10-29,28,M,69998.0,employed,7.2,South,online,consumer,200000,36,19.5,7382.0,614.0,1,45.6,20,0
4704,70212,2023-03-01,21,M,18487.0,unemployed,0.5,SPb,online,car,350000,60,17.4,8774.0,545.0,0,58.3,143,1
4705,3426,2024-03-17,25,F,55208.0,freelance,6.7,Siberia,online,car,360000,24,15.2,17489.0,637.0,2,51.7,189,1
4706,91009,2023-08-05,52,F,82785.0,self_employed,29.0,Moscow,partner,education,240000,12,17.1,21901.0,651.0,1,46.8,0,0
4707,69498,2023-01-02,35,M,28316.0,unemployed,0.5,SPb,partner,consumer,140000,60,22.2,3883.0,499.0,1,63.2,109,1
4708,30943,2024-06-19,27,F,81220.0,employed,5.1,Siberia,branch,consumer,210000,12,18.6,19313.0,614.0,0,25.7,33,0
4709,67395,2024-12-18,22,M,87099.0,employed,0.5,Moscow,partner,consumer,200000,12,19.5,18479.0,588.0,4,57.6,2,0
4710,45816,2024-12-11,29,M,45772.0,freelance,10.2,Siberia,online,renovation,450000,24,18.3,22531.0,555.0,0,59.8,165,1
4711,5138,2023-12-22,39,M,27998.0,unemployed,0.5,SPb,branch,consumer,110000,12,22.6,10327.0,479.0,1,56.7,149,1
4712,92176,2024-09-17,27,F,70681.0,self_employed,8.1,Ural,partner,renovation,480000,12,17.2,43824.0,631.0,1,55.1,10,0
4713,76945,2024-10-28,34,M,108888.0,employed,15.4,Ural,branch,consumer,340000,24,17.3,16859.0,695.0,2,39.9,0,0
4714,5017,2023-06-14,30,M,80020.0,freelance,8.9,Moscow,branch,renovation,720000,24,18.9,36259.0,632.0,2,82.0,0,0
4715,11451,2023-04-01,64,M,73714.0,employed,44.6,Moscow,branch,education,290000,36,14.4,9968.0,738.0,0,29.9,11,0
4716,63956,2023-06-16,33,M,95295.0,employed,6.9,Moscow,partner,car,1190000,36,15.9,41778.0,651.0,0,80.4,22,0
4717,94863,2023-07-26,35,M,87338.0,employed,15.2,SPb,partner,car,690000,48,15.2,19273.0,687.0,2,62.6,15,0
4718,11278,2023-10-09,29,M,22296.0,unemployed,0.6,Moscow,branch,car,350000,24,17.2,17338.0,540.0,0,64.9,232,1
4719,91480,2023-03-06,24,M,80480.0,employed,0.0,Ural,online,education,220000,36,15.8,7713.0,594.0,2,54.2,41,0
4720,44764,2024-05-30,67,F,80618.0,freelance,45.0,Siberia,branch,car,590000,36,15.0,20453.0,705.0,0,48.2,0,0
4721,2134,2023-06-06,28,M,90079.0,employed,7.8,Ural,branch,consumer,260000,12,17.6,23787.0,751.0,0,20.6,3,0
4722,63943,2023-11-02,45,M,78156.0,employed,25.5,Ural,partner,car,560000,60,15.6,13499.0,648.0,0,55.8,140,1
4723,96667,2024-01-30,27,M,33898.0,unemployed,0.1,Ural,partner,consumer,100000,12,21.3,9326.0,555.0,2,52.5,0,0
4724,55318,2023-03-15,34,F,81872.0,employed,15.0,Moscow,partner,renovation,500000,36,16.4,17677.0,675.0,1,59.8,12,0
4725,61128,2023-07-06,25,F,53027.0,self_employed,7.0,Siberia,branch,consumer,180000,36,20.4,6726.0,535.0,0,50.0,0,0
4726,89056,2024-07-27,33,M,83168.0,employed,12.9,Moscow,online,education,300000,48,14.2,8228.0,710.0,0,43.0,28,0
4727,22869,2023-12-03,32,F,101841.0,freelance,6.2,SPb,branch,renovation,780000,48,18.7,23199.0,650.0,1,75.5,226,1
4728,6039,2024-11-06,54,F,166727.0,employed,35.0,Moscow,online,consumer,510000,24,15.9,24947.0,786.0,1,41.3,0,0
4729,22281,2024-07-21,49,F,100430.0,employed,30.1,Ural,partner,consumer,340000,60,19.7,8951.0,561.0,2,58.3,0,0
4730,11442,2024-09-14,49,M,94603.0,self_employed,27.0,SPb,branch,car,740000,48,16.6,21200.0,521.0,0,70.3,153,1
4731,74788,2024-12-30,56,M,103389.0,employed,33.5,Moscow,online,consumer,360000,24,18.0,17973.0,667.0,1,45.9,0,0
4732,28586,2023-08-28,34,F,111939.0,employed,14.3,Moscow,online,car,970000,60,13.7,22420.0,739.0,1,73.5,38,0
4733,54053,2024-06-16,34,F,95167.0,self_employed,10.6,Moscow,online,car,820000,24,16.1,40189.0,560.0,1,84.7,0,0
4734,51489,2023-05-21,34,F,102573.0,employed,15.4,Ural,branch,consumer,330000,48,19.9,10024.0,617.0,3,53.4,0,0
4735,84104,2023-09-22,25,M,91437.0,employed,5.6,Siberia,branch,car,640000,36,15.5,22343.0,572.0,1,64.5,15,0
4736,87346,2023-05-19,29,M,73966.0,self_employed,9.4,Moscow,online,consumer,210000,12,20.9,19544.0,558.0,2,49.0,15,0
4737,68087,2024-04-03,19,F,32594.0,unemployed,0.1,Moscow,online,education,100000,36,16.8,3555.0,599.0,3,54.0,22,0
4738,13625,2023-03-11,59,F,212905.0,employed,40.3,Ural,partner,consumer,530000,12,20.1,49122.0,624.0,0,59.5,17,0
4739,35397,2024-01-20,33,M,100607.0,self_employed,13.8,South,branch,consumer,350000,24,20.1,17831.0,554.0,2,63.7,152,1
4740,59671,2024-09-21,30,M,62286.0,self_employed,11.9,Ural,branch,education,170000,48,17.1,4914.0,524.0,2,56.0,161,1
4741,92785,2023-07-17,46,M,132159.0,employed,13.0,Siberia,partner,consumer,350000,48,21.3,10895.0,546.0,3,75.2,142,1
4742,67897,2023-07-24,29,F,45411.0,employed,7.5,Ural,branch,education,130000,48,15.0,3618.0,689.0,1,36.1,165,1
4743,27149,2024-12-26,49,F,131410.0,employed,29.2,Moscow,online,consumer,360000,6,16.8,62974.0,767.0,4,41.7,18,0
4744,61030,2024-07-21,29,F,61003.0,freelance,9.8,South,online,consumer,190000,6,19.4,33482.0,632.0,1,45.7,8,0
4745,70906,2024-11-17,46,F,72565.0,employed,26.3,Moscow,branch,consumer,190000,36,17.1,6783.0,685.0,0,29.4,19,0
4746,6283,2024-10-01,25,M,34208.0,freelance,0.0,Siberia,online,education,120000,48,17.3,3481.0,554.0,2,52.8,164,1
4747,8610,2024-03-06,35,F,70320.0,self_employed,14.2,South,partner,consumer,250000,48,20.2,7634.0,645.0,0,62.8,13,0
4748,44326,2023-11-21,36,F,100122.0,employed,14.1,SPb,branch,car,850000,36,14.1,29092.0,734.0,4,73.8,0,0
4749,15924,2024-03-17,34,F,87547.0,employed,15.2,Moscow,online,consumer,360000,6,19.2,63404.0,601.0,0,48.0,6,0
4750,77162,2023-10-15,47,F,23654.0,unemployed,0.8,Ural,branch,renovation,180000,12,20.5,16717.0,520.0,2,53.3,173,1
4751,1869,2023-08-14,19,M,44275.0,employed,0.7,Siberia,partner,consumer,170000,48,19.4,5119.0,663.0,0,36.6,0,0
4752,98088,2023-03-05,28,F,80380.0,employed,8.1,South,branch,consumer,170000,36,19.5,6275.0,597.0,1,35.1,0,0
4753,2014,2024-07-13,24,F,55180.0,self_employed,2.2,Ural,branch,renovation,390000,60,17.5,9798.0,630.0,0,56.8,15,0
4754,11103,2024-12-14,32,F,109334.0,employed,9.5,SPb,branch,car,620000,60,13.6,14298.0,661.0,2,57.2,34,0
4755,83522,2024-05-12,29,M,80070.0,employed,7.2,SPb,online,consumer,330000,48,17.5,9608.0,708.0,2,50.1,2,0
4756,97007,2023-03-01,26,F,101530.0,employed,0.7,Siberia,online,consumer,310000,24,18.0,15476.0,685.0,0,35.3,0,0
4757,34458,2024-02-01,31,M,74522.0,employed,12.8,Siberia,online,education,240000,12,15.4,21707.0,653.0,0,48.5,0,0
4758,91605,2023-09-14,45,M,111196.0,employed,21.2,Moscow,online,consumer,390000,36,20.0,14494.0,617.0,2,61.7,33,0
4759,83409,2024-07-30,30,M,80695.0,freelance,8.8,Ural,partner,consumer,250000,24,21.0,12846.0,585.0,2,78.4,19,0
4760,24248,2023-08-27,33,F,20174.0,unemployed,0.4,South,online,consumer,90000,6,22.9,16018.0,490.0,1,60.8,0,0
4761,90160,2023-02-07,33,M,66084.0,employed,11.6,Siberia,online,consumer,180000,24,19.6,9126.0,599.0,0,40.2,25,0
4762,44516,2023-01-25,25,M,142591.0,employed,4.8,Moscow,branch,renovation,620000,60,16.4,15209.0,699.0,2,59.2,0,0
4763,30061,2024-02-14,34,F,86662.0,employed,14.7,Moscow,online,renovation,500000,48,16.8,14376.0,700.0,1,46.0,5,0
4764,25170,2024-04-05,29,F,85778.0,employed,10.1,SPb,partner,consumer,240000,24,18.3,12017.0,692.0,1,36.3,10,0
4765,9024,2024-07-24,39,F,82867.0,employed,19.1,Siberia,partner,renovation,570000,48,16.7,16359.0,743.0,5,83.6,41,0
4766,83214,2024-02-21,52,M,123578.0,employed,33.2,Ural,online,car,990000,24,12.1,46649.0,823.0,1,54.2,33,0
4767,86947,2023-12-23,46,F,51317.0,unemployed,0.4,Moscow,partner,consumer,220000,12,22.9,20686.0,518.0,2,78.2,122,1
4768,44803,2024-01-18,19,M,33505.0,employed,0.0,Siberia,online,consumer,90000,6,20.2,15896.0,523.0,3,38.3,0,0
4769,20296,2023-06-07,29,M,63484.0,employed,8.3,Siberia,partner,car,660000,48,15.4,18502.0,636.0,4,75.5,10,0
4770,92829,2024-07-22,48,M,94726.0,employed,28.6,Moscow,partner,renovation,590000,48,15.7,16630.0,775.0,3,49.2,7,0
4771,93708,2024-03-08,26,F,147441.0,employed,6.2,Moscow,branch,consumer,550000,24,18.1,27485.0,743.0,2,42.9,11,0
4772,87664,2023-02-17,45,M,85392.0,freelance,21.0,Siberia,online,consumer,260000,24,21.3,13399.0,533.0,0,59.1,143,1
4773,19257,2023-11-24,45,M,66764.0,employed,25.8,Ural,branch,renovation,530000,48,16.5,15156.0,717.0,4,48.8,5,0
4774,13855,2024-03-08,25,M,23181.0,unemployed,1.0,Siberia,branch,consumer,60000,24,21.2,3089.0,566.0,5,52.6,4,0
4775,86178,2024-03-06,37,M,69511.0,employed,14.6,Ural,online,consumer,290000,36,18.3,10528.0,685.0,0,35.9,27,0
4776,21025,2023-02-25,23,F,60114.0,self_employed,4.3,SPb,branch,car,450000,24,15.7,21969.0,633.0,3,68.0,19,0
4777,5458,2024-07-30,34,F,20461.0,unemployed,0.2,South,branch,car,350000,60,17.9,8869.0,440.0,3,83.1,135,1
4778,64610,2023-09-25,26,M,90544.0,employed,6.3,Siberia,online,education,310000,24,16.7,15282.0,583.0,1,55.5,6,0
4779,71843,2023-03-10,30,M,110068.0,employed,9.9,SPb,branch,consumer,290000,24,19.6,14703.0,637.0,2,55.2,164,1
4780,84961,2024-12-28,28,M,52901.0,freelance,5.4,South,partner,consumer,170000,24,21.2,8752.0,543.0,4,67.8,22,0
4781,50831,2024-08-23,48,F,81326.0,employed,15.1,South,partner,consumer,290000,24,18.5,14548.0,654.0,1,50.5,2,0
4782,44427,2024-03-24,29,M,81409.0,self_employed,5.7,SPb,partner,consumer,230000,24,20.4,11751.0,586.0,1,64.6,19,0
4783,94809,2023-09-14,30,M,61462.0,employed,11.5,South,partner,education,170000,12,15.9,15416.0,691.0,0,39.1,12,0
4784,39506,2024-11-02,23,M,67228.0,employed,4.2,Moscow,online,education,270000,24,16.2,13246.0,572.0,1,53.6,56,0
4785,6668,2024-05-04,30,M,78125.0,employed,10.4,Moscow,online,consumer,290000,24,19.0,14618.0,655.0,3,55.0,0,0
4786,92470,2024-10-04,32,M,56630.0,unemployed,0.5,Moscow,branch,consumer,160000,24,22.7,8356.0,407.0,0,56.2,0,0
4787,48195,2023-02-18,54,M,110685.0,employed,33.9,SPb,branch,consumer,550000,36,17.7,19801.0,804.0,4,54.4,17,0
4788,74233,2024-10-20,22,M,83274.0,employed,0.0,Ural,online,renovation,500000,24,18.5,25083.0,501.0,2,82.2,219,1
4789,25417,2023-11-12,24,M,51002.0,self_employed,5.9,Siberia,online,car,350000,60,17.7,8831.0,511.0,2,67.2,118,1
4790,82982,2024-02-17,32,F,93812.0,employed,13.1,South,branch,consumer,360000,24,18.6,18077.0,694.0,1,43.6,18,0
4791,11751,2024-03-09,26,M,95017.0,employed,7.3,Moscow,branch,renovation,490000,24,17.6,24368.0,678.0,0,53.8,26,0
4792,47218,2023-01-02,47,M,72084.0,employed,24.9,Ural,branch,education,170000,12,15.2,15360.0,657.0,1,32.1,0,0
4793,8352,2023-05-25,21,F,55687.0,self_employed,1.1,Ural,branch,renovation,540000,36,18.5,19658.0,605.0,1,61.8,3,0
4794,80052,2024-01-01,65,F,112073.0,self_employed,45.0,SPb,partner,consumer,300000,12,18.3,27547.0,729.0,1,45.1,39,0
4795,89835,2024-02-24,49,M,110660.0,employed,26.5,Ural,online,renovation,770000,36,17.9,27799.0,571.0,0,64.0,186,1
4796,98493,2024-07-26,31,F,55652.0,employed,11.7,Ural,branch,education,170000,24,12.5,8042.0,774.0,3,29.4,0,0
4797,29927,2024-07-14,19,M,55533.0,self_employed,0.1,Ural,branch,car,350000,60,13.8,8108.0,661.0,1,44.2,18,0
4798,42094,2024-03-19,42,F,59572.0,freelance,23.4,South,branch,consumer,260000,24,19.5,13169.0,673.0,2,57.5,27,0
4799,55122,2024-03-09,35,F,61197.0,employed,8.2,South,online,consumer,140000,24,19.6,7098.0,597.0,2,41.9,14,0
4800,30493,2024-10-04,31,M,59852.0,employed,4.5,Ural,branch,consumer,210000,12,20.2,19473.0,557.0,1,59.3,36,0
4801,93247,2024-07-08,33,M,114635.0,employed,14.8,Moscow,partner,car,1000000,60,14.1,23320.0,694.0,5,84.5,206,1
4802,74539,2023-02-26,39,M,89935.0,self_employed,20.2,South,partner,education,190000,36,16.5,6727.0,615.0,1,45.3,0,0
4803,32707,2024-07-15,56,F,68645.0,unemployed,0.1,Ural,branch,car,560000,36,16.0,19688.0,606.0,2,68.0,195,1
4804,69814,2023-06-27,29,F,68629.0,employed,7.7,Siberia,online,consumer,210000,36,17.7,7560.0,700.0,0,24.6,22,0
4805,8296,2023-10-20,24,F,83834.0,employed,4.4,Moscow,online,car,940000,48,14.6,25971.0,687.0,0,58.8,0,0
4806,26398,2023-02-15,41,M,75434.0,employed,20.5,South,partner,consumer,290000,12,18.2,26615.0,716.0,0,34.6,6,0
4807,36842,2023-06-19,28,M,76645.0,employed,6.4,Ural,partner,consumer,280000,36,21.3,10592.0,499.0,1,62.7,25,0
4808,14261,2023-09-28,20,F,51950.0,employed,0.0,Ural,online,renovation,320000,36,17.6,11505.0,619.0,2,48.6,0,0
4809,77709,2024-02-21,40,M,32603.0,unemployed,2.0,Moscow,online,consumer,110000,24,21.0,5652.0,606.0,0,46.5,28,0
4810,96985,2023-05-19,40,M,51734.0,employed,21.6,Siberia,branch,consumer,90000,24,19.3,4550.0,636.0,1,33.0,10,0
4811,57704,2023-09-04,34,M,73809.0,freelance,12.2,Moscow,partner,car,650000,60,16.9,16119.0,571.0,0,63.4,188,1
4812,68173,2023-05-28,33,F,113362.0,employed,14.8,Moscow,online,car,860000,48,15.4,24109.0,627.0,0,73.8,23,0
4813,32781,2023-08-18,43,F,72432.0,freelance,22.9,SPb,online,renovation,340000,36,18.7,12412.0,615.0,0,54.7,150,1
4814,14652,2024-09-28,35,F,99467.0,employed,14.8,Moscow,online,consumer,490000,48,18.9,14625.0,656.0,1,52.2,0,0
4815,6103,2024-12-04,50,M,117667.0,employed,27.5,Moscow,branch,consumer,340000,60,16.8,8413.0,794.0,0,46.4,26,0
4816,26500,2024-01-09,41,F,21446.0,unemployed,1.2,Siberia,partner,car,350000,24,18.5,17558.0,510.0,1,75.7,214,1
4817,36529,2023-03-21,30,F,62390.0,employed,5.8,Siberia,partner,consumer,260000,36,19.2,9557.0,623.0,1,39.9,8,0
4818,19452,2024-08-28,35,M,76189.0,self_employed,13.7,Moscow,branch,consumer,230000,24,18.4,11527.0,648.0,0,41.4,29,0
4819,50393,2023-03-06,51,M,40013.0,freelance,32.9,Siberia,online,consumer,100000,36,20.2,3727.0,599.0,1,49.1,0,0
4820,32174,2023-03-29,28,M,113615.0,employed,9.5,SPb,branch,consumer,400000,24,18.7,20105.0,655.0,0,52.1,9,0
4821,65450,2023-03-29,59,F,65376.0,self_employed,40.9,South,branch,car,530000,60,14.7,12525.0,722.0,2,72.0,11,0
4822,36436,2024-12-13,27,M,46300.0,freelance,4.6,Moscow,branch,car,420000,48,16.0,11903.0,576.0,1,64.6,18,0
4823,48406,2024-12-26,42,M,29589.0,unemployed,0.9,Moscow,partner,car,350000,60,17.8,8850.0,455.0,1,80.8,196,1
4824,64059,2023-07-23,24,M,58355.0,self_employed,5.9,Siberia,online,renovation,290000,12,17.6,26532.0,674.0,0,40.3,11,0
4825,16954,2024-01-17,37,F,91347.0,employed,18.6,SPb,online,car,560000,60,15.1,13352.0,665.0,0,52.0,0,0
4826,83722,2024-08-23,24,M,71884.0,self_employed,3.5,SPb,partner,consumer,200000,6,19.0,35205.0,661.0,1,61.4,3,0
4827,13356,2024-04-20,27,M,63592.0,self_employed,6.9,Ural,partner,consumer,150000,36,21.0,5651.0,555.0,2,48.3,157,1
4828,99499,2024-07-26,20,M,46336.0,self_employed,1.2,Siberia,branch,car,350000,24,14.6,16904.0,623.0,1,44.3,0,0
4829,3187,2024-08-28,46,M,121208.0,freelance,19.4,Moscow,branch,consumer,530000,36,18.7,19347.0,705.0,2,51.5,3,0
4830,78243,2024-06-22,20,M,51688.0,employed,0.0,Ural,branch,consumer,240000,24,18.9,12086.0,621.0,2,37.2,17,0
4831,36098,2023-08-02,61,M,167909.0,employed,41.9,SPb,branch,renovation,950000,24,17.1,47016.0,702.0,2,68.2,27,0
4832,93471,2023-03-15,26,F,49761.0,self_employed,6.1,SPb,partner,consumer,190000,60,19.7,5002.0,613.0,3,54.4,10,0
4833,22225,2023-03-02,47,F,29682.0,unemployed,0.1,SPb,partner,car,380000,36,18.1,13757.0,531.0,1,77.0,179,1
4834,4606,2024-11-28,59,F,111982.0,employed,13.0,South,branch,consumer,290000,36,18.4,10542.0,625.0,0,44.5,15,0
4835,58620,2024-06-26,25,M,40391.0,unemployed,0.4,Moscow,online,consumer,100000,24,19.9,5085.0,601.0,0,55.9,17,0
4836,33828,2023-08-07,54,F,41818.0,unemployed,0.2,SPb,branch,education,150000,36,16.3,5296.0,675.0,0,32.3,8,0
4837,27489,2023-01-12,26,M,44235.0,unemployed,0.1,SPb,branch,education,180000,12,20.4,16709.0,432.0,0,80.5,244,1
4838,15387,2024-02-19,35,M,31228.0,unemployed,0.3,Siberia,branch,education,100000,24,18.8,5031.0,449.0,1,54.3,204,1
4839,70463,2023-02-01,35,F,66496.0,freelance,14.6,Ural,partner,car,580000,48,15.4,16260.0,684.0,2,71.7,6,0
4840,72832,2023-06-09,42,F,73857.0,freelance,18.7,Ural,online,consumer,240000,36,19.6,8870.0,697.0,2,50.9,20,0
4841,96980,2023-08-25,29,F,67411.0,self_employed,10.8,SPb,partner,consumer,220000,36,19.9,8165.0,617.0,0,44.6,17,0
4842,3591,2023-06-30,23,F,89109.0,employed,0.0,Siberia,partner,consumer,330000,24,19.7,16747.0,594.0,2,45.7,10,0
4843,49516,2024-07-11,33,F,75540.0,employed,9.9,SPb,online,consumer,340000,24,18.0,16974.0,651.0,3,60.7,0,0
4844,92683,2023-12-07,44,F,131045.0,employed,20.9,Moscow,partner,consumer,420000,60,18.0,10665.0,736.0,2,52.3,22,0
4845,63061,2024-04-02,44,F,115259.0,employed,25.5,Siberia,branch,car,710000,60,14.3,16631.0,676.0,0,70.3,38,0
4846,67736,2023-03-21,54,F,108005.0,employed,35.1,Siberia,partner,consumer,360000,12,18.6,33108.0,746.0,2,43.7,20,0
4847,82257,2024-10-08,27,M,23905.0,unemployed,0.1,Ural,branch,education,80000,24,17.5,3975.0,532.0,1,46.7,34,0
4848,62753,2024-04-17,34,M,69724.0,self_employed,7.0,Ural,partner,car,450000,36,15.7,15754.0,615.0,1,75.0,10,0
4849,85774,2024-11-01,39,F,101868.0,employed,20.2,Moscow,partner,consumer,340000,36,16.7,12071.0,747.0,1,40.0,2,0
4850,12087,2024-12-15,30,M,45644.0,freelance,10.3,South,partner,consumer,140000,48,19.3,4208.0,604.0,0,46.4,0,0
4851,31816,2023-04-22,34,M,130671.0,employed,15.5,Moscow,partner,consumer,360000,36,18.1,13033.0,693.0,1,41.9,0,0
4852,24408,2023-10-19,38,M,110421.0,employed,19.1,SPb,online,renovation,680000,48,18.7,20225.0,610.0,1,66.6,7,0
4853,1136,2024-09-22,20,M,56057.0,freelance,1.4,South,partner,consumer,200000,24,20.6,10238.0,528.0,1,54.0,0,0
4854,18413,2024-01-18,21,F,51803.0,employed,2.7,Ural,branch,consumer,190000,24,19.6,9633.0,610.0,0,55.5,1,0
4855,60500,2023-01-17,37,F,145198.0,self_employed,16.4,SPb,online,renovation,950000,24,18.0,47428.0,667.0,1,83.8,19,0
4856,85514,2024-05-07,35,M,61017.0,employed,16.2,Siberia,partner,consumer,160000,36,18.1,5792.0,701.0,3,42.6,20,0
4857,57358,2023-11-27,57,F,94925.0,employed,24.4,South,online,consumer,320000,36,19.5,11811.0,671.0,3,57.2,28,0
4858,67197,2024-04-30,35,F,82319.0,freelance,14.8,Moscow,branch,consumer,430000,24,22.6,22435.0,472.0,1,80.9,166,1
4859,93789,2024-02-10,53,M,101577.0,employed,33.7,Moscow,partner,renovation,440000,24,17.7,21903.0,647.0,0,52.0,1,0
4860,93420,2023-04-27,21,F,35136.0,unemployed,0.1,SPb,branch,consumer,120000,24,22.7,6267.0,452.0,2,61.4,165,1
4861,33854,2024-07-08,23,M,80549.0,employed,2.1,Moscow,online,renovation,510000,48,20.0,15519.0,489.0,2,83.2,128,1
4862,77240,2023-04-25,33,M,81790.0,employed,14.6,Ural,online,consumer,200000,24,19.5,10130.0,633.0,3,60.5,0,0
4863,91063,2024-07-02,58,M,53990.0,unemployed,0.3,SPb,partner,consumer,170000,48,20.4,5209.0,579.0,3,59.7,38,0
4864,17322,2024-09-16,65,F,46683.0,unemployed,0.5,SPb,partner,consumer,180000,24,21.4,9285.0,513.0,2,50.0,13,0
4865,7968,2024-06-30,39,M,78548.0,employed,16.7,SPb,online,consumer,240000,36,18.6,8749.0,653.0,3,41.3,15,0
4866,28518,2024-10-05,46,F,122187.0,employed,24.4,Moscow,online,consumer,420000,24,19.5,21274.0,607.0,0,59.7,183,1
4867,52925,2023-12-02,50,F,126550.0,self_employed,30.6,Moscow,partner,car,790000,60,15.7,19086.0,657.0,2,80.8,21,0
4868,60848,2023-12-02,28,M,58633.0,employed,8.1,SPb,online,car,550000,36,17.4,19719.0,491.0,4,67.4,5,0
4869,94422,2023-05-27,57,M,140003.0,employed,36.8,Ural,online,car,960000,24,15.2,46638.0,701.0,1,83.8,44,0
4870,2700,2023-05-02,35,M,43967.0,freelance,15.4,SPb,branch,car,430000,24,15.9,21034.0,620.0,3,67.4,38,0
4871,94782,2023-03-22,19,M,48377.0,self_employed,0.7,SPb,partner,consumer,160000,36,20.1,5954.0,618.0,3,58.8,3,0
4872,24199,2024-11-15,24,F,68388.0,employed,0.0,SPb,online,education,300000,48,14.1,8213.0,719.0,0,27.1,0,0
4873,45589,2024-10-27,30,F,58675.0,employed,8.7,South,online,renovation,290000,48,16.3,8263.0,682.0,3,39.6,15,0
4874,33115,2024-10-23,33,F,22937.0,unemployed,0.1,Moscow,branch,renovation,180000,48,17.7,5259.0,598.0,0,41.1,0,0
4875,62934,2024-01-10,45,M,144226.0,self_employed,24.5,Moscow,online,car,1230000,24,15.2,59756.0,666.0,1,84.1,9,0
4876,55316,2024-07-23,33,F,73516.0,self_employed,14.3,Moscow,online,renovation,520000,48,17.1,15032.0,666.0,2,66.9,12,0
4877,6520,2023-03-04,59,F,144640.0,employed,38.7,South,branch,car,1090000,36,15.1,37839.0,668.0,0,82.2,10,0
4878,37455,2024-05-18,28,F,122168.0,employed,5.9,SPb,partner,car,760000,36,14.7,26234.0,658.0,1,74.4,39,0
4879,87465,2024-10-29,53,F,145650.0,employed,32.7,Ural,partner,renovation,820000,12,18.4,75334.0,599.0,0,81.9,8,0
4880,42605,2024-03-24,31,F,79879.0,employed,11.0,Moscow,branch,car,690000,48,13.3,18614.0,787.0,2,63.0,0,0
4881,15955,2024-03-03,35,M,103657.0,employed,15.1,Moscow,online,consumer,520000,36,20.4,19431.0,572.0,3,68.3,167,1
4882,45049,2024-03-02,23,F,80177.0,employed,0.7,SPb,branch,education,230000,24,16.2,11284.0,652.0,2,48.7,12,0
4883,14917,2024-02-25,29,F,70194.0,self_employed,6.8,Ural,online,consumer,230000,48,19.1,6889.0,658.0,1,41.7,48,0
4884,71293,2023-11-18,30,M,93137.0,self_employed,7.8,Ural,online,car,570000,60,15.2,13620.0,688.0,3,62.1,0,0
4885,79581,2024-11-10,33,M,55980.0,employed,14.2,Siberia,online,consumer,230000,36,18.0,8315.0,698.0,3,40.3,7,0
4886,65925,2023-06-15,41,M,44062.0,freelance,20.1,South,branch,consumer,140000,48,20.0,4260.0,597.0,1,43.6,176,1
4887,71269,2024-08-19,33,F,57608.0,self_employed,10.5,Moscow,branch,renovation,260000,12,16.4,23639.0,675.0,3,42.1,0,0
4888,31954,2024-10-10,30,M,50189.0,employed,9.5,Moscow,online,car,540000,48,14.1,14783.0,662.0,3,70.8,16,0
4889,97671,2024-04-05,32,M,77521.0,employed,9.5,Siberia,partner,renovation,480000,48,16.1,13628.0,725.0,0,47.2,16,0
4890,73617,2024-04-03,20,F,90780.0,self_employed,0.0,SPb,partner,car,710000,48,15.5,19940.0,650.0,3,70.9,13,0
4891,42458,2023-07-08,47,F,74303.0,employed,28.4,South,partner,renovation,430000,36,19.2,15806.0,527.0,0,55.3,174,1
4892,90037,2024-04-08,65,M,121614.0,employed,45.0,South,branch,renovation,470000,60,14.9,11157.0,757.0,1,43.9,17,0
4893,22113,2024-01-14,50,M,149115.0,employed,29.2,Moscow,branch,consumer,410000,36,16.6,14536.0,821.0,2,36.2,0,0
4894,91226,2023-01-02,51,M,136836.0,employed,32.0,Ural,online,consumer,500000,6,19.1,88037.0,604.0,0,66.4,131,1
4895,44939,2024-09-09,24,M,48643.0,unemployed,0.8,Moscow,branch,renovation,580000,24,19.4,29350.0,566.0,3,82.1,178,1
4896,30345,2023-12-30,46,M,96116.0,self_employed,27.4,SPb,online,consumer,260000,24,20.0,13233.0,622.0,2,51.2,12,0
4897,47313,2023-03-13,47,M,74338.0,employed,27.7,Siberia,partner,renovation,390000,36,18.2,14139.0,592.0,1,56.3,3,0
4898,93365,2024-03-02,40,F,29153.0,unemployed,0.0,SPb,branch,car,350000,60,17.2,8736.0,584.0,3,68.9,9,0
4899,70166,2024-09-29,27,F,98025.0,self_employed,8.4,Moscow,partner,car,780000,24,16.3,38303.0,563.0,3,81.9,19,0
4900,48861,2023-06-19,42,M,204329.0,self_employed,22.2,Moscow,branch,consumer,550000,60,20.1,14602.0,646.0,1,54.6,18,0
4901,98406,2023-07-24,39,M,129570.0,employed,19.9,Moscow,branch,consumer,380000,24,18.2,19008.0,699.0,0,43.3,19,0
4902,50298,2023-12-03,50,F,112021.0,self_employed,27.0,SPb,online,consumer,330000,24,19.4,16699.0,647.0,2,66.9,18,0
4903,48221,2024-04-16,20,M,70655.0,employed,0.9,Ural,online,consumer,230000,24,18.9,11583.0,563.0,2,54.3,92,1
4904,45942,2023-07-14,30,M,61829.0,employed,11.5,Ural,partner,renovation,370000,60,18.1,9416.0,608.0,4,60.7,0,0
4905,4453,2024-10-31,21,F,69655.0,employed,0.0,Siberia,online,consumer,180000,12,20.1,16683.0,521.0,0,49.7,0,0
4906,55935,2024-10-14,34,F,99119.0,employed,14.9,SPb,online,car,1000000,60,14.6,23580.0,651.0,1,75.5,144,1
4907,44370,2023-10-02,33,M,82763.0,employed,10.9,Moscow,online,car,780000,36,13.6,26507.0,769.0,2,59.6,25,0
4908,9328,2023-01-07,53,F,196324.0,employed,34.0,Moscow,partner,education,450000,24,13.9,21585.0,772.0,1,36.7,22,0
4909,16534,2024-07-19,35,F,62825.0,freelance,16.4,South,partner,renovation,380000,24,19.0,19155.0,646.0,0,56.9,162,1
4910,86280,2024-09-07,55,F,86568.0,employed,32.1,Moscow,online,car,990000,24,13.7,47393.0,703.0,2,75.3,19,0
4911,85925,2024-07-26,21,M,76076.0,freelance,2.8,Moscow,partner,renovation,450000,60,19.4,11773.0,570.0,3,75.8,183,1
4912,37320,2024-08-21,64,F,169643.0,self_employed,44.8,Moscow,online,renovation,950000,48,16.6,27216.0,728.0,4,80.0,3,0
4913,50170,2023-06-27,57,M,75619.0,employed,34.5,SPb,online,consumer,360000,36,18.3,13069.0,728.0,5,50.2,40,0
4914,81201,2023-08-30,49,F,94902.0,employed,28.8,Siberia,branch,education,230000,48,14.9,6389.0,658.0,1,34.4,21,0
4915,9640,2023-07-22,34,F,24706.0,unemployed,0.3,SPb,branch,car,350000,60,17.4,8774.0,540.0,0,55.6,203,1
4916,92057,2024-06-26,29,M,50890.0,employed,10.8,Ural,online,car,460000,36,14.8,15901.0,660.0,3,57.5,110,1
4917,31049,2024-04-06,53,F,87286.0,self_employed,30.8,South,branch,renovation,670000,60,19.0,17380.0,570.0,2,82.5,31,0
4918,6618,2023-03-21,40,M,40995.0,self_employed,21.4,South,online,consumer,140000,12,19.3,12922.0,606.0,2,51.6,12,0
4919,57053,2024-06-06,49,M,62329.0,employed,26.0,Moscow,online,consumer,160000,48,17.9,4692.0,692.0,1,32.5,0,0
4920,2920,2024-02-21,27,M,100570.0,employed,6.5,SPb,branch,consumer,480000,48,19.4,14454.0,604.0,0,58.3,0,0
4921,44937,2024-01-19,25,F,47775.0,employed,3.0,Siberia,online,renovation,300000,24,18.9,15108.0,547.0,2,67.5,0,0
4922,70724,2024-01-26,56,M,90140.0,freelance,37.3,South,online,car,900000,24,14.6,43467.0,728.0,1,66.4,0,0
4923,13207,2024-11-18,29,F,54471.0,freelance,9.5,Siberia,branch,consumer,190000,12,19.0,17510.0,700.0,2,46.8,21,0
4924,66774,2023-05-06,35,F,40790.0,unemployed,1.6,Moscow,online,consumer,130000,36,21.8,4951.0,493.0,3,58.9,1,0
4925,33972,2024-05-08,33,F,117733.0,employed,7.7,Moscow,online,renovation,640000,60,17.4,16044.0,619.0,1,60.9,23,0
4926,11799,2023-02-16,28,M,97979.0,employed,9.2,SPb,online,car,870000,48,13.5,23556.0,719.0,2,65.4,0,0
4927,72088,2024-12-18,50,F,111280.0,employed,27.3,Moscow,online,car,770000,48,13.6,20887.0,690.0,1,71.0,0,0
4928,29916,2024-04-20,23,M,28772.0,unemployed,0.0,Moscow,branch,consumer,90000,12,20.3,8350.0,608.0,2,57.6,29,0
4929,71463,2024-09-10,61,F,189956.0,employed,41.3,Ural,branch,consumer,550000,6,17.8,96484.0,712.0,3,52.4,0,0
4930,94500,2024-04-08,45,F,118557.0,employed,18.6,Ural,branch,consumer,300000,6,18.7,52762.0,602.0,1,43.0,0,0
4931,77700,2023-05-03,35,M,40750.0,unemployed,0.6,Moscow,partner,renovation,260000,48,20.8,8023.0,536.0,3,79.4,118,1
4932,38158,2024-04-18,28,F,136391.0,employed,8.9,Moscow,online,consumer,470000,36,18.9,17205.0,644.0,0,42.8,0,0
4933,85607,2023-05-14,35,M,64581.0,self_employed,16.4,Moscow,online,consumer,280000,12,19.0,25804.0,690.0,1,43.7,1,0
4934,72696,2024-09-10,33,M,119399.0,employed,14.5,Moscow,online,education,260000,24,13.7,12447.0,750.0,1,36.8,0,0
4935,62510,2024-07-15,35,M,126902.0,employed,15.0,South,online,consumer,380000,24,19.8,19303.0,566.0,0,64.6,33,0
4936,59692,2024-08-29,28,F,32765.0,unemployed,0.4,Siberia,partner,consumer,100000,36,22.2,3829.0,467.0,0,60.2,198,1
4937,62744,2023-01-23,32,F,105758.0,self_employed,12.7,SPb,partner,consumer,480000,6,19.7,84659.0,611.0,0,55.8,30,0
4938,16810,2024-07-19,29,F,73551.0,employed,10.9,Siberia,online,renovation,560000,24,17.4,27795.0,614.0,2,65.3,18,0
4939,6126,2023-08-23,24,F,78299.0,employed,5.1,SPb,branch,renovation,380000,60,17.9,9629.0,576.0,1,50.8,25,0
4940,31009,2023-02-28,36,M,84620.0,employed,11.1,Siberia,online,education,330000,36,17.2,11798.0,551.0,1,56.4,9,0
4941,91932,2023-06-13,43,F,76477.0,self_employed,23.2,Moscow,online,car,510000,24,15.1,24752.0,683.0,1,49.7,26,0
4942,1192,2023-08-04,41,M,106106.0,employed,22.8,Moscow,online,consumer,320000,6,17.9,56152.0,766.0,2,33.8,19,0
4943,37413,2023-07-02,66,F,82148.0,self_employed,44.9,Moscow,online,consumer,240000,24,18.3,12017.0,765.0,3,45.7,11,0
4944,13816,2024-07-22,44,F,113382.0,employed,16.7,Moscow,branch,renovation,620000,12,16.4,56371.0,663.0,1,47.5,0,0
4945,40082,2024-10-18,26,M,82652.0,freelance,6.1,Moscow,branch,education,330000,48,15.5,9268.0,648.0,3,56.2,31,0
4946,66048,2023-03-31,67,M,135551.0,employed,45.0,Siberia,branch,education,400000,36,15.1,13886.0,745.0,1,46.1,10,0
4947,51940,2023-11-07,20,M,84954.0,freelance,0.0,Moscow,partner,renovation,520000,36,20.2,19378.0,557.0,1,84.5,90,1
4948,33130,2024-07-10,40,F,91357.0,employed,20.4,Ural,branch,renovation,810000,24,17.2,40126.0,620.0,2,68.4,17,0
4949,41142,2023-09-14,49,M,178061.0,employed,27.7,Siberia,partner,car,1500000,60,17.0,37279.0,555.0,1,84.8,181,1
4950,37468,2024-06-16,47,M,27639.0,unemployed,0.4,Ural,online,renovation,210000,36,20.0,7804.0,504.0,1,66.5,138,1
4951,31698,2024-06-16,26,F,83331.0,employed,0.0,Moscow,branch,consumer,330000,48,19.1,9884.0,622.0,3,54.1,133,1
4952,11655,2023-02-21,40,M,107970.0,employed,19.9,Moscow,partner,consumer,400000,60,18.3,10223.0,706.0,1,45.5,14,0
4953,48897,2023-12-04,27,M,69017.0,employed,2.5,South,online,car,550000,48,15.2,15363.0,623.0,0,52.0,23,0
4954,31075,2023-06-20,49,F,92455.0,employed,28.9,Ural,online,car,640000,24,15.6,31214.0,596.0,1,67.6,190,1
4955,10359,2023-03-08,46,M,95115.0,self_employed,13.9,Siberia,branch,consumer,290000,36,18.6,10572.0,688.0,1,40.5,7,0
4956,43056,2024-09-16,38,F,106299.0,employed,18.5,SPb,branch,consumer,440000,36,17.8,15863.0,674.0,1,49.8,29,0
4957,52831,2023-10-27,24,M,97076.0,self_employed,0.0,Moscow,online,car,620000,48,14.0,16942.0,758.0,2,58.0,4,0
4958,60191,2024-11-02,41,M,68373.0,self_employed,19.9,Ural,online,consumer,190000,60,18.2,4845.0,689.0,0,28.5,13,0
4959,34272,2023-08-20,48,F,75677.0,freelance,29.9,Moscow,online,consumer,330000,36,19.7,12214.0,661.0,2,59.5,26,0
4960,15671,2023-03-09,38,M,92583.0,employed,20.0,Siberia,online,education,280000,48,15.5,7864.0,684.0,1,44.8,0,0
4961,28048,2024-05-20,29,F,73597.0,employed,7.6,Ural,branch,education,250000,24,14.9,12110.0,642.0,1,44.3,0,0
4962,77274,2023-01-28,52,F,128971.0,self_employed,33.6,Siberia,partner,consumer,440000,24,19.9,22373.0,669.0,0,63.2,0,0
4963,26963,2024-09-19,29,M,70326.0,employed,7.2,Ural,partner,car,610000,60,14.9,14480.0,606.0,1,66.0,0,0
4964,44954,2023-02-20,39,M,66436.0,self_employed,19.8,Ural,partner,renovation,280000,48,17.5,8152.0,636.0,1,38.9,3,0
4965,73309,2024-11-23,32,M,77952.0,employed,11.7,Ural,online,car,680000,24,14.3,32745.0,685.0,0,68.3,129,1
4966,96430,2023-09-17,36,M,76434.0,employed,17.4,Siberia,partner,consumer,210000,24,18.8,10565.0,656.0,0,35.5,23,0
4967,1717,2024-08-13,49,M,77048.0,freelance,30.2,Moscow,online,renovation,410000,36,17.2,14658.0,671.0,1,56.8,6,0
4968,12676,2024-09-11,35,F,36324.0,freelance,15.3,Ural,partner,car,380000,48,15.8,10730.0,608.0,0,54.0,0,0
4969,5434,2024-08-08,40,M,54570.0,self_employed,18.7,Ural,online,consumer,170000,36,18.9,6223.0,632.0,1,53.8,3,0
4970,50810,2024-11-17,49,M,61281.0,freelance,30.5,SPb,online,car,420000,60,15.4,10080.0,639.0,3,58.7,21,0
4971,95636,2023-07-03,23,M,77435.0,self_employed,13.9,Ural,online,consumer,190000,24,18.5,9532.0,683.0,2,37.6,11,0
4972,5994,2023-01-23,59,M,107953.0,employed,40.3,Moscow,branch,car,790000,24,12.5,37373.0,777.0,1,56.2,0,0
4973,5234,2023-05-09,63,F,31074.0,unemployed,0.0,Moscow,branch,renovation,200000,48,19.8,6065.0,570.0,3,65.4,0,0
4974,70300,2023-10-18,26,M,51688.0,self_employed,4.9,Siberia,partner,consumer,150000,12,20.8,13953.0,603.0,0,42.8,9,0
4975,44949,2024-05-15,41,M,74133.0,self_employed,21.1,South,branch,consumer,230000,12,19.2,21218.0,672.0,5,62.3,14,0
4976,38405,2023-07-05,49,M,93058.0,employed,22.2,SPb,branch,renovation,490000,24,17.7,24392.0,634.0,0,64.6,151,1
4977,35872,2024-04-23,40,F,18000.0,unemployed,0.1,Siberia,branch,car,350000,36,17.0,12478.0,564.0,1,55.0,3,0
4978,43215,2024-07-24,34,M,71333.0,employed,13.0,Ural,online,consumer,320000,36,18.9,11714.0,625.0,4,57.3,0,0
4979,24185,2024-05-06,66,F,125375.0,employed,45.0,South,online,car,1110000,12,13.2,99246.0,749.0,1,74.7,18,0
4980,44442,2024-05-27,66,M,118004.0,employed,45.0,Ural,online,car,1040000,36,13.4,35242.0,744.0,0,68.0,32,0
4981,52759,2024-10-04,36,F,92531.0,employed,14.6,Moscow,partner,car,690000,48,14.8,19133.0,627.0,1,59.1,0,0
4982,42153,2023-03-08,34,F,74152.0,employed,15.3,South,branch,car,600000,24,14.2,28864.0,737.0,0,48.7,16,0
4983,78535,2024-04-11,43,M,46995.0,freelance,23.7,Siberia,branch,consumer,170000,36,20.9,6396.0,550.0,2,61.0,165,1
4984,3581,2023-10-12,31,F,56428.0,self_employed,10.9,SPb,online,renovation,310000,12,18.8,28539.0,581.0,4,81.0,173,1
4985,52717,2024-08-23,23,F,55779.0,employed,4.5,Siberia,branch,consumer,220000,24,17.8,10962.0,669.0,3,47.5,0,0
4986,3763,2024-02-21,67,M,50609.0,freelance,45.0,Moscow,partner,consumer,130000,12,19.7,12024.0,652.0,0,46.6,12,0
4987,93910,2023-04-10,32,M,97775.0,employed,12.8,Siberia,online,renovation,810000,24,18.2,40517.0,592.0,4,79.9,138,1
4988,56480,2023-07-08,44,F,140001.0,employed,20.8,Ural,online,consumer,360000,24,19.8,18287.0,626.0,2,55.6,0,0
4989,39759,2024-01-23,21,F,60233.0,employed,3.0,SPb,branch,education,180000,48,15.0,5010.0,653.0,2,39.7,17,0
4990,77067,2023-08-29,21,F,36849.0,freelance,2.7,Siberia,partner,car,350000,60,16.1,8530.0,615.0,1,53.4,167,1
4991,26307,2024-02-21,45,F,84130.0,employed,22.1,Moscow,online,renovation,530000,48,15.5,14885.0,772.0,1,45.6,0,0
4992,97371,2023-06-25,19,F,80524.0,employed,0.0,Moscow,online,car,630000,48,15.5,17693.0,576.0,1,69.1,9,0
4993,12064,2024-01-22,28,F,68127.0,employed,1.6,Ural,online,renovation,420000,60,20.2,11174.0,496.0,1,81.5,169,1
4994,77848,2024-04-15,34,F,60227.0,self_employed,14.6,South,partner,consumer,210000,36,20.4,7847.0,561.0,3,62.3,0,0
4995,38548,2023-08-21,20,M,98868.0,self_employed,0.0,Moscow,branch,car,830000,60,15.5,19964.0,681.0,1,67.1,8,0
4996,37945,2024-10-24,44,F,105510.0,employed,25.1,Ural,branch,car,690000,36,15.0,23919.0,654.0,3,71.7,0,0
4997,48937,2024-03-27,22,M,78235.0,employed,3.8,Siberia,branch,education,160000,12,15.3,14464.0,606.0,0,43.2,1,0
4998,7476,2023-10-04,59,M,83253.0,self_employed,34.6,Siberia,online,consumer,260000,6,21.4,46078.0,535.0,0,59.7,7,0
4999,52756,2023-08-17,25,F,80445.0,self_employed,0.0,Ural,branch,consumer,420000,36,20.2,15652.0,567.0,1,60.9,157,1
5000,91101,2023-06-20,42,M,91952.0,employed,20.3,South,online,car,630000,36,15.2,21901.0,659.0,4,63.7,0,0
5001,3382,2023-08-01,49,M,76313.0,freelance,26.6,SPb,online,consumer,270000,12,19.9,24998.0,677.0,3,61.6,32,0
5002,50683,2023-10-09,37,M,26218.0,unemployed,0.8,South,online,car,350000,48,17.1,10117.0,532.0,0,62.0,156,1
5003,88999,2023-02-10,54,F,83309.0,employed,31.8,Ural,online,consumer,360000,24,19.3,18200.0,677.0,0,44.6,6,0
5004,46276,2023-05-02,28,F,109645.0,self_employed,8.1,Siberia,online,car,1340000,60,17.2,33447.0,534.0,0,84.6,183,1
5005,34402,2023-08-15,34,F,65743.0,employed,14.2,SPb,partner,car,490000,48,16.3,13962.0,656.0,2,58.2,10,0
5006,92881,2023-10-21,28,M,76716.0,self_employed,7.7,Moscow,branch,consumer,350000,24,19.3,17694.0,619.0,1,44.0,3,0
5007,27946,2024-08-22,31,M,117685.0,employed,12.1,Moscow,online,education,290000,36,15.0,10053.0,606.0,1,47.6,12,0
5008,80698,2023-09-24,56,M,109530.0,employed,34.4,Ural,online,renovation,600000,24,18.0,29954.0,660.0,4,73.5,155,1
5009,74933,2024-06-24,48,M,89144.0,freelance,28.9,SPb,branch,renovation,300000,60,16.3,7343.0,684.0,2,42.6,23,0
5010,23335,2024-03-26,30,M,48415.0,freelance,9.5,Ural,branch,car,430000,36,17.3,15395.0,496.0,4,81.7,194,1
5011,46095,2024-03-24,64,M,153700.0,employed,45.0,Siberia,partner,consumer,550000,48,18.0,16156.0,743.0,0,52.5,35,0
5012,80930,2023-03-02,24,M,56388.0,employed,2.6,Siberia,online,car,710000,12,15.5,64251.0,611.0,2,82.4,25,0
5013,28197,2024-05-16,23,M,99000.0,employed,4.4,Ural,branch,renovation,480000,24,17.9,23940.0,614.0,0,69.2,126,1
5014,23010,2023-05-27,25,F,104521.0,self_employed,6.4,SPb,partner,consumer,450000,36,21.6,17093.0,568.0,2,68.4,125,1
5015,25123,2024-11-16,27,F,58166.0,freelance,8.9,Siberia,online,car,480000,60,15.1,11444.0,625.0,1,67.1,25,0
5016,88923,2023-11-30,66,F,95038.0,employed,45.0,SPb,online,education,250000,36,14.1,8557.0,785.0,0,28.4,13,0
5017,3890,2023-05-22,57,F,122139.0,self_employed,38.2,South,online,renovation,920000,48,18.6,27314.0,635.0,0,71.5,150,1
5018,94305,2023-02-13,61,M,89596.0,freelance,42.2,Siberia,branch,car,720000,24,16.7,35495.0,616.0,4,82.2,42,0
5019,9026,2023-05-24,58,F,91591.0,employed,38.8,Siberia,branch,consumer,380000,36,17.8,13700.0,743.0,2,42.6,2,0
5020,65925,2023-11-29,38,M,97518.0,self_employed,19.8,Moscow,branch,car,760000,24,16.3,37321.0,589.0,3,80.1,190,1
5021,69842,2024-05-11,67,F,139407.0,employed,40.8,SPb,online,renovation,790000,24,15.9,38643.0,774.0,0,54.0,12,0
5022,34665,2024-01-31,19,F,40908.0,freelance,0.6,Siberia,partner,car,430000,24,15.8,21013.0,641.0,2,67.7,30,0
5023,10277,2023-02-24,25,F,64966.0,employed,3.4,Moscow,online,renovation,470000,36,17.3,16827.0,614.0,0,52.5,3,0
5024,43239,2023-11-03,23,F,43054.0,employed,2.7,Siberia,branch,consumer,120000,36,19.0,4399.0,632.0,1,27.4,23,0
5025,48664,2024-02-27,22,F,78687.0,employed,1.6,SPb,online,car,680000,48,15.9,19237.0,558.0,1,73.2,2,0
5026,49008,2024-02-21,20,F,32041.0,freelance,1.7,Siberia,partner,car,350000,60,16.4,8586.0,562.0,1,62.0,26,0
5027,15683,2024-11-03,51,M,115357.0,employed,32.2,Ural,branch,consumer,320000,6,17.4,56072.0,686.0,0,51.3,144,1
5028,1670,2023-11-21,63,F,93073.0,employed,40.5,Ural,partner,consumer,360000,24,18.4,18042.0,719.0,5,58.2,178,1
5029,90211,2024-12-10,65,M,48541.0,unemployed,0.2,Siberia,branch,consumer,150000,24,20.2,7649.0,597.0,0,53.4,20,0
5030,18889,2024-11-01,49,F,18916.0,unemployed,0.3,Siberia,branch,consumer,50000,60,19.7,1316.0,560.0,2,52.2,6,0
5031,56612,2023-03-21,49,M,39500.0,unemployed,0.1,Ural,online,consumer,190000,12,22.1,17792.0,502.0,2,56.8,0,0
5032,45535,2023-01-31,24,M,84856.0,employed,4.3,SPb,branch,car,600000,48,14.5,16547.0,655.0,1,49.7,0,0
5033,79542,2023-04-22,29,F,53473.0,freelance,6.1,SPb,partner,car,350000,36,17.1,12496.0,580.0,1,67.1,138,1
5034,55319,2024-07-11,25,M,115206.0,employed,2.9,Siberia,partner,consumer,240000,48,18.2,7075.0,674.0,0,38.7,0,0
5035,93067,2024-12-17,30,F,83354.0,employed,10.9,Ural,online,education,370000,36,14.8,12790.0,640.0,1,42.7,13,0
5036,22639,2024-07-17,30,M,96996.0,employed,7.0,Siberia,branch,car,1060000,60,16.6,26116.0,493.0,1,83.9,121,1
5037,65712,2024-10-11,24,F,56268.0,employed,3.8,South,branch,car,440000,60,15.2,10514.0,532.0,0,54.5,6,0
5038,17633,2024-04-16,48,F,91031.0,employed,27.0,Ural,online,consumer,360000,36,19.1,13214.0,618.0,1,48.3,205,1
5039,35660,2023-03-15,32,F,73921.0,employed,8.0,Moscow,branch,consumer,280000,48,19.6,8461.0,607.0,4,51.1,0,0
5040,69975,2024-07-06,53,M,108809.0,freelance,33.1,South,online,car,1440000,60,16.2,35171.0,553.0,2,84.8,165,1
5041,33172,2024-04-23,52,M,144761.0,employed,29.8,Moscow,branch,consumer,510000,12,18.1,46781.0,690.0,0,46.3,0,0
5042,60197,2024-08-11,35,F,131519.0,employed,14.0,Moscow,online,consumer,460000,36,17.6,16538.0,692.0,1,41.1,23,0
5043,59847,2024-01-22,49,M,137173.0,employed,13.0,Moscow,branch,consumer,370000,36,17.6,13302.0,772.0,1,39.3,0,0
5044,12577,2024-11-29,48,M,32612.0,unemployed,0.9,Moscow,branch,car,350000,36,17.5,12566.0,502.0,5,68.4,15,0
5045,78299,2024-07-17,31,F,64613.0,employed,12.7,South,online,consumer,290000,36,16.9,10325.0,768.0,4,51.2,0,0
5046,21176,2024-03-08,65,M,136372.0,employed,44.4,Moscow,online,consumer,550000,36,18.1,19911.0,748.0,2,61.2,149,1
5047,45386,2024-02-16,29,M,87306.0,employed,10.9,Moscow,online,renovation,610000,36,18.2,22114.0,594.0,0,74.5,129,1
5048,64972,2024-04-11,28,M,61157.0,freelance,9.5,SPb,branch,consumer,210000,36,17.9,7581.0,749.0,0,36.6,0,0
5049,90791,2024-08-21,33,M,91558.0,employed,12.3,Siberia,branch,consumer,300000,24,19.5,15196.0,568.0,2,47.4,36,0
5050,42003,2024-09-12,25,F,73102.0,employed,5.9,SPb,branch,consumer,210000,24,19.1,10596.0,605.0,2,66.2,0,0
5051,20996,2023-09-05,22,M,74575.0,employed,3.1,SPb,online,education,250000,24,15.6,12193.0,684.0,0,44.9,0,0
5052,87598,2024-08-03,45,F,84637.0,freelance,17.6,SPb,branch,consumer,240000,48,19.0,7176.0,665.0,0,44.5,7,0
5053,36931,2023-04-30,48,M,122466.0,employed,28.6,Moscow,partner,consumer,360000,24,19.9,18305.0,620.0,1,46.0,0,0
5054,36710,2023-03-08,40,M,62021.0,self_employed,19.5,SPb,partner,car,550000,48,15.2,15363.0,662.0,3,66.9,1,0
5055,35693,2024-07-26,26,F,46181.0,employed,5.7,South,partner,education,150000,60,14.8,3553.0,654.0,1,41.5,15,0
5056,36740,2023-11-23,41,M,25244.0,unemployed,0.6,Siberia,partner,education,80000,48,19.1,2396.0,494.0,1,52.7,124,1
5057,78241,2024-12-03,30,F,81753.0,self_employed,8.6,Moscow,online,consumer,330000,12,18.5,30333.0,689.0,0,51.5,10,0
5058,94583,2024-04-14,19,F,46398.0,self_employed,0.0,Ural,partner,consumer,200000,60,21.5,5467.0,447.0,0,43.8,5,0
5059,77502,2024-05-07,25,M,77367.0,employed,5.6,SPb,online,consumer,240000,6,19.2,42270.0,638.0,1,41.9,0,0
5060,18374,2024-12-01,42,F,76655.0,employed,23.8,Siberia,branch,consumer,250000,60,17.9,6335.0,685.0,2,40.8,9,0
5061,77674,2024-10-24,29,M,113962.0,employed,10.0,Moscow,partner,renovation,580000,24,16.9,28649.0,653.0,1,55.8,18,0
5062,82471,2023-10-13,47,M,84959.0,self_employed,22.5,Moscow,online,renovation,590000,36,17.5,21182.0,645.0,1,56.1,17,0
5063,46913,2024-08-30,45,M,25982.0,unemployed,2.0,Siberia,branch,education,80000,24,16.3,3929.0,607.0,1,55.2,1,0
5064,67025,2023-11-08,35,F,80236.0,employed,16.3,Siberia,partner,car,570000,36,15.6,19927.0,637.0,1,57.8,11,0
5065,45516,2023-11-05,19,M,46175.0,freelance,0.3,Ural,partner,consumer,140000,24,20.8,7180.0,561.0,2,66.9,19,0
5066,88796,2023-04-07,59,F,155200.0,employed,34.4,Moscow,online,car,1380000,48,15.0,38406.0,697.0,2,84.8,240,1
5067,27069,2023-04-23,27,M,18483.0,unemployed,0.5,South,online,consumer,70000,24,23.6,3687.0,440.0,4,68.3,134,1
5068,57233,2024-09-28,33,M,74082.0,employed,8.6,SPb,online,car,1140000,36,15.5,39798.0,587.0,3,84.2,21,0
5069,85811,2024-03-31,31,M,84179.0,employed,5.6,Moscow,online,education,220000,36,15.2,7648.0,671.0,2,40.9,0,0
5070,60049,2024-04-07,55,F,103536.0,employed,29.1,Siberia,branch,car,1300000,60,15.8,31475.0,568.0,2,84.5,0,0
5071,40178,2023-05-12,37,F,81653.0,self_employed,17.0,SPb,partner,consumer,390000,36,19.2,14335.0,669.0,1,45.1,5,0
5072,33821,2023-05-01,36,M,96185.0,self_employed,16.1,Moscow,branch,renovation,610000,36,17.4,21870.0,674.0,5,64.6,15,0
5073,52727,2023-07-16,35,F,96905.0,employed,11.7,Siberia,branch,consumer,330000,24,20.7,16909.0,552.0,3,55.6,0,0
5074,61935,2024-04-26,40,M,90642.0,employed,20.8,SPb,partner,consumer,290000,24,17.8,14450.0,728.0,0,32.0,7,0
5075,17999,2024-09-25,33,F,93165.0,employed,14.9,Ural,branch,renovation,460000,36,16.8,16355.0,651.0,1,55.3,27,0
5076,63522,2023-02-08,33,F,88969.0,employed,13.8,Siberia,partner,consumer,410000,48,19.2,12302.0,678.0,1,48.1,0,0
5077,39712,2024-07-19,34,F,119335.0,employed,12.2,Ural,partner,consumer,270000,12,18.6,24831.0,613.0,1,42.5,8,0
5078,65551,2024-05-26,53,F,197228.0,self_employed,34.6,Moscow,branch,consumer,550000,36,18.3,19967.0,686.0,1,51.9,13,0
5079,41172,2024-04-18,24,M,54966.0,self_employed,1.4,South,partner,renovation,230000,48,17.1,6649.0,656.0,1,47.2,13,0
5080,34722,2023-06-10,54,F,97962.0,self_employed,30.9,Moscow,online,consumer,440000,24,19.5,22287.0,668.0,2,56.7,20,0
5081,11625,2023-10-16,20,F,80299.0,self_employed,1.7,South,branch,car,700000,48,13.2,18849.0,817.0,3,61.5,18,0
5082,68165,2023-07-19,42,M,85236.0,employed,23.7,Moscow,online,consumer,360000,24,19.0,18147.0,680.0,1,43.9,8,0
5083,77509,2024-06-11,43,F,47139.0,freelance,24.3,SPb,partner,car,380000,48,16.4,10847.0,573.0,1,63.6,0,0
5084,7859,2024-11-15,66,M,78425.0,employed,45.0,Siberia,online,consumer,300000,12,16.4,27276.0,811.0,1,29.2,30,0
5085,42609,2024-05-17,21,M,42232.0,self_employed,0.7,South,online,renovation,270000,24,19.9,13729.0,459.0,0,61.1,0,0
5086,44307,2023-09-05,27,M,68582.0,employed,7.0,Siberia,branch,car,480000,36,13.8,16359.0,671.0,1,52.2,5,0
5087,22839,2024-01-18,47,M,99511.0,self_employed,23.2,Moscow,online,consumer,310000,24,20.0,15778.0,626.0,1,58.0,140,1
5088,28216,2023-08-06,56,M,181195.0,employed,37.5,Moscow,branch,education,450000,24,14.6,21734.0,762.0,4,47.0,0,0
5089,53953,2023-03-28,39,F,79725.0,employed,17.4,SPb,branch,education,150000,36,14.7,5178.0,680.0,1,31.8,0,0
5090,85481,2023-03-23,36,M,71450.0,self_employed,15.6,Moscow,online,consumer,310000,24,20.1,15793.0,572.0,0,47.4,4,0
5091,61593,2023-03-03,48,F,136543.0,employed,26.0,Ural,online,consumer,440000,24,19.4,22265.0,635.0,0,41.7,1,0
5092,73075,2024-05-14,51,M,63430.0,employed,31.7,South,branch,car,660000,24,14.0,31689.0,681.0,1,72.2,178,1
5093,50522,2023-02-11,44,M,62855.0,self_employed,24.1,Ural,online,car,430000,36,14.7,14843.0,662.0,0,49.1,21,0
5094,5886,2023-01-12,38,M,59861.0,freelance,19.9,Ural,branch,consumer,200000,24,20.5,10228.0,588.0,1,53.9,18,0
5095,8485,2024-10-04,33,M,71277.0,employed,13.0,Ural,partner,renovation,470000,36,16.0,16524.0,691.0,3,59.1,0,0
5096,32455,2023-04-25,35,F,98998.0,employed,15.6,Ural,online,consumer,320000,6,17.7,56120.0,724.0,2,51.0,0,0
5097,17767,2023-08-06,20,F,83018.0,employed,0.0,Siberia,online,consumer,210000,12,19.4,19393.0,644.0,2,52.7,35,0
5098,29453,2024-10-10,58,M,76846.0,self_employed,39.7,Siberia,online,car,620000,24,13.2,29534.0,695.0,1,54.5,174,1
5099,77280,2023-04-16,29,M,95145.0,employed,5.8,Ural,branch,renovation,590000,36,17.5,21182.0,612.0,2,63.4,195,1
5100,54442,2024-11-21,47,F,55470.0,freelance,20.2,Siberia,online,renovation,390000,48,16.6,11173.0,677.0,5,63.1,34,0
5101,52877,2024-06-11,48,M,101921.0,employed,27.3,South,partner,consumer,300000,24,16.8,14804.0,769.0,1,32.1,0,0
5102,13226,2024-04-16,27,M,79537.0,employed,8.8,South,partner,consumer,310000,12,18.9,28554.0,675.0,2,53.7,0,0
5103,94405,2024-01-22,23,F,75266.0,employed,1.0,Siberia,online,consumer,330000,24,20.1,16812.0,571.0,0,51.9,117,1
5104,23588,2023-08-14,31,M,110574.0,employed,12.3,Moscow,partner,consumer,360000,48,20.1,10974.0,626.0,0,56.8,0,0
5105,79976,2024-04-25,33,F,74066.0,self_employed,11.0,Ural,online,renovation,440000,36,16.6,15600.0,715.0,5,67.5,0,0
5106,32709,2024-02-12,27,F,83815.0,employed,7.3,SPb,branch,consumer,350000,48,18.5,10373.0,689.0,0,42.6,4,0
5107,48788,2024-04-01,27,M,43637.0,unemployed,0.0,Ural,online,car,610000,48,19.5,18400.0,403.0,0,79.5,150,1
5108,89031,2024-10-14,29,M,52894.0,employed,10.0,Ural,partner,consumer,190000,24,20.3,9698.0,563.0,1,44.1,0,0
5109,38019,2024-12-11,21,F,66428.0,employed,1.3,Siberia,online,education,240000,48,17.3,6963.0,551.0,2,65.1,9,0
5110,45948,2024-09-15,29,M,55248.0,employed,7.0,South,branch,consumer,260000,6,18.7,45727.0,621.0,0,31.4,240,1
5111,66133,2024-09-30,33,F,86674.0,freelance,14.6,South,partner,car,610000,48,16.3,17381.0,555.0,1,78.1,93,1
5112,67458,2023-01-21,42,F,49745.0,freelance,23.0,Ural,partner,consumer,120000,48,19.2,3601.0,684.0,1,43.1,32,0
5113,28526,2024-10-20,25,M,73553.0,employed,6.7,South,branch,consumer,280000,24,19.3,14155.0,585.0,1,61.5,101,1
5114,74493,2024-08-23,21,F,18000.0,unemployed,0.1,Siberia,online,car,350000,48,17.2,10136.0,483.0,1,68.7,61,0
5115,53198,2023-07-22,29,M,89810.0,employed,9.1,Moscow,branch,renovation,580000,60,16.5,14259.0,650.0,0,47.5,4,0
5116,44395,2024-02-21,34,M,74664.0,self_employed,8.1,Moscow,branch,consumer,300000,24,20.9,15401.0,589.0,2,74.6,0,0
5117,25031,2024-02-20,21,F,56473.0,freelance,0.0,Moscow,branch,consumer,210000,24,20.2,10709.0,561.0,2,56.6,163,1
5118,76542,2024-03-23,62,F,77557.0,self_employed,39.5,Ural,branch,car,770000,36,15.3,26806.0,645.0,0,66.7,24,0
5119,38701,2024-05-26,21,F,22804.0,unemployed,0.3,Ural,online,car,350000,60,17.2,8736.0,517.0,2,83.3,214,1
5120,26939,2023-03-26,64,M,86297.0,freelance,45.0,Ural,branch,renovation,500000,48,17.4,14531.0,697.0,2,54.0,1,0
5121,50145,2023-06-16,23,F,31946.0,unemployed,0.7,Siberia,partner,education,110000,36,20.3,4105.0,408.0,0,66.6,205,1
5122,21324,2024-01-19,28,M,68185.0,employed,10.0,Moscow,partner,consumer,220000,36,19.5,8120.0,609.0,2,47.8,15,0
5123,23867,2024-04-12,31,F,73561.0,employed,6.9,South,online,renovation,250000,48,17.2,7240.0,675.0,1,49.0,25,0
5124,1203,2023-03-13,21,F,82109.0,self_employed,0.0,Moscow,branch,consumer,230000,48,19.8,6974.0,577.0,2,54.9,0,0
5125,17544,2024-06-04,22,F,82653.0,self_employed,3.8,South,partner,car,640000,24,15.8,31275.0,636.0,2,69.8,7,0
5126,16899,2024-04-17,19,F,75596.0,employed,0.0,South,online,car,470000,24,14.1,22588.0,631.0,2,52.1,29,0
5127,30063,2023-09-15,30,F,71414.0,employed,12.0,Ural,online,consumer,170000,36,19.1,6240.0,674.0,0,37.5,10,0
5128,91880,2023-10-02,49,F,55995.0,freelance,30.6,SPb,branch,consumer,170000,24,18.2,8504.0,732.0,1,33.0,38,0
5129,4748,2023-01-20,35,F,36376.0,unemployed,0.1,Moscow,branch,education,90000,24,16.6,4433.0,645.0,1,65.8,6,0
5130,67629,2024-05-04,32,F,74833.0,employed,12.0,Siberia,partner,consumer,260000,24,18.4,13031.0,696.0,0,36.1,11,0
5131,81764,2024-05-04,24,F,65163.0,employed,1.4,Moscow,online,consumer,330000,12,18.3,30302.0,665.0,1,40.4,1,0
5132,21884,2023-11-22,45,F,65097.0,employed,13.0,SPb,partner,renovation,300000,24,18.2,15006.0,663.0,2,56.8,14,0
5133,26183,2024-06-12,62,F,127175.0,employed,39.6,Ural,partner,consumer,530000,48,18.1,15596.0,717.0,0,51.5,8,0
5134,82570,2023-03-30,47,M,110238.0,self_employed,28.4,Ural,branch,car,670000,60,14.0,15590.0,734.0,2,72.3,7,0
5135,72246,2024-04-30,62,M,23868.0,unemployed,0.8,SPb,partner,consumer,90000,48,21.2,2797.0,570.0,1,54.4,15,0
5136,20259,2024-12-08,45,F,119921.0,employed,21.2,Ural,partner,consumer,420000,36,17.5,15079.0,752.0,1,44.5,5,0
5137,36959,2023-12-16,29,M,47070.0,self_employed,7.0,Siberia,partner,consumer,160000,60,20.6,4293.0,527.0,0,39.1,19,0
5138,34457,2023-03-25,63,F,97027.0,self_employed,42.3,Siberia,online,consumer,260000,36,19.2,9557.0,664.0,1,50.0,183,1
5139,86679,2024-01-22,45,M,112386.0,employed,26.2,Moscow,branch,consumer,420000,12,17.8,38466.0,693.0,1,42.1,0,0
5140,3103,2023-03-28,25,M,80583.0,self_employed,6.6,South,branch,consumer,240000,24,19.7,12180.0,650.0,5,60.7,7,0
5141,66901,2023-11-03,29,F,97083.0,self_employed,9.1,Ural,branch,renovation,720000,60,19.7,18956.0,526.0,2,83.4,140,1
5142,45535,2023-06-03,42,F,62224.0,freelance,22.5,SPb,partner,car,500000,24,16.5,24601.0,588.0,2,71.0,0,0
5143,17103,2024-03-15,59,M,188597.0,employed,37.6,Ural,partner,consumer,550000,60,18.9,14237.0,747.0,5,71.1,32,0
5144,99046,2023-09-21,30,F,52691.0,self_employed,11.4,SPb,partner,consumer,120000,24,19.6,6084.0,663.0,0,48.8,4,0
5145,91012,2024-02-25,37,F,106560.0,employed,16.5,Siberia,partner,education,370000,48,16.5,10581.0,585.0,3,73.5,236,1
5146,79278,2024-05-07,44,M,95996.0,employed,22.5,SPb,online,consumer,370000,36,19.9,13732.0,566.0,2,55.3,167,1
5147,13391,2024-09-24,27,M,66166.0,employed,7.9,Siberia,online,education,250000,48,15.0,6958.0,676.0,0,36.7,11,0
5148,29901,2024-02-15,20,M,46285.0,employed,0.0,Siberia,online,renovation,330000,60,16.9,8184.0,591.0,1,48.9,15,0
5149,98537,2023-06-22,33,M,85031.0,employed,13.3,Moscow,branch,car,590000,36,14.9,20424.0,652.0,1,53.5,0,0
5150,82159,2023-01-04,28,M,133928.0,employed,9.5,Moscow,online,car,860000,24,14.0,41291.0,747.0,0,80.4,211,1
5151,68914,2024-10-01,60,M,91039.0,self_employed,41.4,South,branch,consumer,210000,48,19.4,6323.0,598.0,1,43.3,24,0
5152,51357,2024-04-16,56,M,160618.0,self_employed,37.0,Moscow,branch,consumer,550000,6,18.5,96676.0,700.0,3,54.6,12,0
5153,87908,2023-04-20,34,F,67793.0,employed,13.0,Moscow,online,renovation,490000,36,17.1,17494.0,681.0,0,51.5,41,0
5154,39437,2023-02-06,39,F,83920.0,employed,18.5,SPb,online,renovation,430000,48,18.5,12744.0,577.0,3,66.6,161,1
5155,36503,2024-08-05,30,F,85624.0,self_employed,13.9,Moscow,online,car,800000,60,16.9,19839.0,503.0,3,84.4,161,1
5156,97282,2023-01-31,48,M,98053.0,employed,23.2,Moscow,online,renovation,670000,12,16.5,60948.0,722.0,0,52.1,9,0
5157,94459,2024-01-16,36,F,92978.0,employed,16.8,Moscow,branch,renovation,490000,48,16.5,14013.0,680.0,3,63.5,33,0
5158,76403,2023-09-25,35,F,53579.0,self_employed,11.0,Siberia,partner,consumer,200000,12,20.6,18584.0,603.0,2,59.8,10,0
5159,42258,2023-01-11,20,M,69465.0,employed,0.0,Siberia,partner,car,700000,48,15.6,19695.0,601.0,4,84.3,11,0
5160,34724,2023-12-10,46,F,137853.0,employed,27.0,Moscow,partner,consumer,480000,36,19.5,17716.0,651.0,4,61.2,0,0
5161,65286,2024-06-27,35,F,55099.0,employed,9.9,Ural,partner,consumer,170000,48,19.4,5119.0,653.0,0,49.4,13,0
5162,75842,2024-07-22,41,F,90298.0,employed,5.1,Moscow,branch,car,820000,36,13.6,27867.0,702.0,1,54.8,2,0
5163,15908,2023-06-15,44,F,59586.0,unemployed,1.2,SPb,partner,car,640000,60,18.5,16426.0,523.0,1,80.5,179,1
5164,93617,2024-11-30,27,M,73269.0,employed,7.5,SPb,partner,consumer,380000,36,19.0,13929.0,620.0,2,56.8,33,0
5165,51626,2023-12-08,33,M,161907.0,employed,12.2,Moscow,branch,consumer,500000,24,18.3,25035.0,750.0,2,71.7,7,0
5166,38228,2024-04-26,24,M,34045.0,self_employed,4.6,South,branch,consumer,110000,36,19.9,4082.0,555.0,4,51.6,16,0
5167,24386,2023-01-19,43,M,47354.0,employed,8.5,South,partner,renovation,270000,36,16.8,9599.0,697.0,1,58.8,122,1
5168,47754,2024-09-19,66,M,90904.0,employed,45.0,Ural,branch,consumer,270000,12,18.0,24754.0,691.0,1,47.6,18,0
5169,29302,2023-07-03,28,F,57458.0,freelance,3.3,Moscow,partner,car,410000,60,16.3,10036.0,655.0,5,58.7,0,0
5170,61815,2024-06-28,22,M,56108.0,freelance,3.8,Ural,branch,consumer,180000,36,19.5,6644.0,624.0,2,50.1,15,0
5171,85748,2023-01-10,21,F,74736.0,employed,2.9,South,online,consumer,240000,12,19.0,22118.0,646.0,1,35.7,45,0
5172,64344,2024-08-14,51,F,114017.0,employed,24.6,SPb,online,renovation,520000,48,16.3,14817.0,668.0,1,56.9,24,0
5173,36618,2023-07-11,49,M,69031.0,freelance,24.9,Moscow,partner,renovation,530000,24,18.3,26537.0,676.0,2,56.3,0,0
5174,77234,2023-11-16,39,M,69191.0,employed,19.7,Ural,online,car,620000,60,14.8,14685.0,683.0,3,56.8,13,0
5175,62114,2024-12-02,36,M,92146.0,employed,8.5,Ural,branch,renovation,820000,12,17.1,74827.0,643.0,0,64.5,16,0
5176,71130,2024-08-02,46,F,121689.0,employed,22.1,Moscow,online,renovation,740000,36,18.0,26753.0,586.0,1,69.5,20,0
5177,26525,2024-04-19,40,F,75586.0,employed,15.0,South,branch,consumer,300000,48,17.4,8719.0,657.0,0,37.5,19,0
5178,80818,2024-09-28,19,M,42823.0,employed,0.0,Ural,online,car,350000,48,14.6,9670.0,588.0,1,52.2,13,0
5179,15334,2024-03-02,26,F,61681.0,employed,0.0,Moscow,online,renovation,340000,60,18.5,8727.0,533.0,3,64.9,18,0
5180,95715,2023-02-28,25,F,61258.0,self_employed,2.0,Moscow,branch,car,530000,60,16.0,12889.0,624.0,2,60.8,6,0
5181,63767,2024-03-11,30,M,65236.0,employed,3.6,South,online,renovation,630000,36,18.7,22998.0,545.0,3,77.3,145,1
5182,7644,2023-04-07,56,F,97843.0,employed,37.0,Siberia,branch,car,630000,60,15.6,15187.0,621.0,2,68.8,235,1
5183,33933,2024-05-10,22,F,63529.0,employed,1.7,SPb,partner,consumer,230000,24,18.6,11549.0,656.0,5,69.7,131,1
5184,44469,2024-10-22,43,M,71073.0,self_employed,18.9,SPb,branch,car,530000,24,13.7,25372.0,666.0,2,52.9,9,0
5185,34687,2023-10-05,55,F,108069.0,employed,34.4,Ural,online,car,840000,24,14.8,40649.0,696.0,2,68.8,1,0
5186,53656,2023-09-22,35,M,107873.0,employed,12.2,Siberia,partner,car,840000,60,16.5,20651.0,537.0,3,84.0,34,0
5187,18375,2023-01-09,47,M,77259.0,employed,18.2,Moscow,partner,consumer,200000,24,17.7,9956.0,707.0,1,31.7,8,0
5188,66206,2024-04-01,40,M,120991.0,employed,17.1,Moscow,online,consumer,420000,60,18.8,10849.0,667.0,1,44.8,13,0
5189,97462,2023-09-30,28,F,34140.0,unemployed,0.6,Moscow,online,renovation,220000,24,20.1,11208.0,547.0,0,58.8,1,0
5190,37607,2023-01-08,28,F,68364.0,self_employed,9.6,South,online,consumer,270000,60,20.5,7229.0,576.0,2,54.1,0,0
5191,84178,2023-07-27,41,M,95163.0,employed,22.0,South,partner,consumer,350000,12,19.8,32389.0,630.0,3,56.9,0,0
5192,24993,2024-09-28,50,M,98681.0,self_employed,28.7,Ural,branch,consumer,300000,36,19.4,11058.0,601.0,1,49.1,20,0
5193,45386,2023-05-03,36,M,115033.0,employed,18.0,SPb,branch,consumer,350000,6,19.6,61713.0,642.0,0,44.5,40,0
5194,47287,2023-02-02,22,F,80177.0,employed,3.4,Moscow,online,consumer,290000,36,18.5,10557.0,700.0,3,57.6,21,0
5195,87724,2024-05-27,66,M,95759.0,employed,45.0,Ural,online,education,280000,24,15.3,13616.0,696.0,2,67.1,7,0
5196,99132,2023-07-23,63,F,76119.0,self_employed,38.8,Ural,branch,renovation,420000,24,18.9,21151.0,641.0,3,56.1,10,0
5197,94308,2024-06-01,48,F,181999.0,employed,29.8,Ural,online,consumer,520000,24,18.2,26011.0,697.0,3,60.6,16,0
5198,97393,2024-05-31,35,F,80437.0,employed,16.8,Moscow,branch,renovation,410000,48,16.9,11809.0,649.0,1,53.9,25,0
5199,77312,2024-03-18,24,M,91038.0,employed,3.6,Siberia,branch,car,880000,48,14.8,24402.0,642.0,2,73.1,12,0
5200,99371,2024-08-14,36,M,78018.0,employed,17.4,South,partner,consumer,210000,60,19.5,5505.0,589.0,3,51.6,194,1
5201,76324,2024-11-19,35,M,98663.0,self_employed,16.2,Moscow,online,renovation,950000,36,17.0,33870.0,652.0,0,77.4,16,0
5202,72196,2023-12-05,19,F,64248.0,freelance,0.4,Siberia,branch,consumer,210000,24,22.3,10926.0,541.0,3,79.3,12,0
5203,71014,2024-03-13,33,F,101938.0,self_employed,12.4,Siberia,partner,renovation,540000,60,18.3,13801.0,600.0,1,69.0,177,1
5204,9210,2024-03-20,39,F,58570.0,self_employed,20.8,Moscow,branch,education,130000,48,15.4,3644.0,677.0,1,37.0,12,0
5205,11922,2023-05-16,21,M,22022.0,unemployed,0.4,Siberia,branch,education,90000,24,18.8,4528.0,459.0,0,58.2,0,0
5206,37289,2024-01-22,44,F,86782.0,employed,25.6,Moscow,partner,renovation,560000,24,17.2,27742.0,675.0,0,58.6,15,0
5207,34340,2023-01-25,22,M,55303.0,employed,0.0,Ural,branch,education,170000,60,14.2,3973.0,718.0,2,39.7,19,0
5208,40850,2024-05-20,45,M,66974.0,employed,22.5,Ural,partner,renovation,390000,24,16.9,19264.0,658.0,3,61.5,0,0
5209,57984,2023-11-21,36,F,71179.0,employed,12.7,Siberia,online,car,550000,36,15.1,19093.0,615.0,4,63.6,29,0
5210,85178,2024-11-25,27,M,91621.0,employed,8.4,SPb,online,consumer,180000,12,18.1,16511.0,656.0,0,47.5,6,0
5211,12094,2024-11-10,31,F,124280.0,employed,9.7,SPb,online,consumer,330000,48,19.7,9989.0,638.0,1,67.9,154,1
5212,88959,2023-12-04,49,F,111537.0,employed,25.9,South,online,renovation,690000,60,17.7,17409.0,644.0,3,71.9,10,0
5213,34418,2024-11-20,47,F,58884.0,employed,26.6,South,partner,education,150000,48,14.1,4106.0,703.0,0,32.8,0,0
5214,6741,2023-04-05,31,M,35487.0,unemployed,0.9,Moscow,branch,renovation,180000,12,19.1,16597.0,558.0,0,49.1,11,0
5215,73374,2024-06-28,38,M,104835.0,employed,19.5,SPb,partner,car,1170000,48,16.2,33278.0,627.0,1,84.1,144,1
5216,69798,2024-09-14,26,M,71657.0,employed,6.4,Moscow,partner,consumer,230000,24,19.1,11605.0,648.0,2,78.6,7,0
5217,71532,2023-05-26,37,M,89893.0,self_employed,18.5,Moscow,online,education,310000,48,15.2,8659.0,692.0,0,51.7,13,0
5218,23164,2023-08-19,25,F,78489.0,employed,0.0,Ural,branch,car,740000,60,13.7,17104.0,723.0,1,63.6,15,0
5219,36595,2024-05-09,30,F,70912.0,employed,8.5,Moscow,branch,car,520000,60,15.0,12371.0,640.0,3,72.8,17,0
5220,31257,2023-02-07,30,M,77911.0,employed,11.9,Moscow,branch,renovation,470000,24,17.3,23306.0,611.0,2,56.3,24,0
5221,15211,2024-02-29,22,F,68726.0,self_employed,2.1,Siberia,branch,education,210000,24,15.7,10252.0,684.0,2,37.6,0,0
5222,96989,2024-10-08,41,F,65393.0,freelance,20.0,Ural,branch,consumer,270000,24,20.3,13781.0,598.0,2,62.9,25,0
5223,6232,2024-03-12,32,M,59815.0,self_employed,13.7,South,online,car,560000,60,14.4,13147.0,667.0,1,60.2,11,0
5224,68753,2024-01-03,56,M,98623.0,employed,34.7,Ural,online,consumer,230000,36,19.3,8466.0,666.0,2,47.5,11,0
5225,53691,2023-12-11,30,M,73483.0,employed,11.4,South,partner,education,170000,48,14.5,4688.0,759.0,3,28.0,0,0
5226,90765,2023-06-09,38,F,83156.0,employed,18.4,Ural,online,consumer,240000,24,17.8,11959.0,760.0,1,43.8,8,0
5227,80768,2024-07-03,29,M,30198.0,unemployed,0.3,SPb,branch,education,110000,36,18.3,3993.0,555.0,2,60.3,13,0
5228,26613,2024-10-23,38,F,111249.0,self_employed,18.6,Ural,branch,consumer,510000,24,19.3,25783.0,619.0,5,71.6,99,1
5229,15026,2024-06-24,41,M,88792.0,employed,21.6,Siberia,online,education,220000,60,15.4,5280.0,609.0,2,48.7,127,1
5230,54535,2023-05-24,35,F,104359.0,self_employed,13.9,SPb,online,car,740000,24,15.6,36091.0,652.0,0,81.4,19,0
5231,95090,2024-08-10,30,M,67887.0,employed,10.9,SPb,online,car,480000,24,13.9,23024.0,680.0,3,67.2,0,0
5232,31908,2024-10-18,30,F,40944.0,unemployed,0.3,Ural,branch,consumer,170000,36,21.5,6448.0,454.0,0,61.7,32,0
5233,53113,2024-07-29,35,F,48822.0,freelance,11.3,SPb,partner,consumer,220000,6,19.4,38769.0,668.0,1,57.4,0,0
5234,20610,2023-12-11,34,M,90876.0,employed,15.5,Ural,branch,car,890000,48,13.4,24054.0,800.0,3,73.9,17,0
5235,47646,2023-09-26,41,F,82105.0,self_employed,22.9,South,branch,consumer,210000,12,17.6,19213.0,736.0,2,37.8,11,0
5236,64185,2024-11-26,21,F,79254.0,employed,0.0,Moscow,online,car,650000,48,15.2,18156.0,642.0,5,79.9,138,1
5237,73567,2023-09-25,49,F,94082.0,employed,28.6,Ural,online,renovation,410000,36,16.0,14414.0,762.0,1,41.6,15,0
5238,48574,2023-06-18,38,M,51748.0,self_employed,14.7,South,online,consumer,140000,36,21.6,5318.0,539.0,1,56.5,0,0
5239,92051,2023-02-02,41,M,157216.0,employed,22.3,Moscow,branch,car,1200000,60,15.4,28800.0,678.0,1,84.8,0,0
417,79657,2023-12-24,65,F,-133116.0,self_employed,13.9,Moscow,branch,car,1500000,48,16.1,42587.0,651.0,3,84.8,0,0
5241,1570,2023-08-02,40,F,99023.0,self_employed,21.7,SPb,branch,renovation,680000,36,17.6,24447.0,646.0,1,68.6,0,0
5242,98790,2024-07-15,49,M,120568.0,self_employed,24.6,Moscow,online,consumer,350000,24,21.3,18037.0,503.0,1,67.0,135,1
5243,20288,2024-03-15,61,F,99315.0,employed,37.8,Ural,online,consumer,290000,12,17.9,26573.0,708.0,2,45.6,17,0
5244,79824,2024-05-06,46,M,100868.0,employed,25.5,Ural,online,renovation,730000,36,16.4,25809.0,681.0,5,69.7,15,0
5245,30877,2024-01-28,39,F,107811.0,self_employed,18.2,Siberia,partner,consumer,310000,36,20.7,11632.0,602.0,0,58.7,29,0
5246,85425,2024-05-03,41,M,153323.0,employed,21.7,Moscow,branch,consumer,550000,12,19.5,50817.0,651.0,3,68.3,205,1
5247,1917,2024-12-22,21,M,42515.0,freelance,2.3,SPb,online,car,350000,48,17.1,10117.0,516.0,4,80.0,149,1
5248,76602,2023-01-29,50,M,73729.0,employed,30.2,Siberia,branch,renovation,370000,36,17.4,13265.0,616.0,2,56.0,16,0
5249,96040,2023-02-08,61,M,80714.0,employed,39.8,Siberia,online,car,770000,36,13.1,25981.0,719.0,1,56.5,19,0
5250,65575,2024-09-03,22,M,92941.0,employed,0.0,Moscow,online,consumer,310000,48,19.1,9285.0,576.0,0,57.7,155,1
5251,73518,2023-06-22,30,M,124688.0,employed,6.9,Moscow,online,consumer,490000,12,17.7,44853.0,717.0,0,36.6,4,0
5252,40104,2023-01-17,48,M,74791.0,self_employed,28.3,Siberia,branch,education,260000,60,16.5,6392.0,650.0,2,54.5,23,0
5253,19062,2023-02-25,29,M,120941.0,employed,6.9,Moscow,online,car,860000,36,14.7,29686.0,726.0,2,77.6,24,0
5254,17999,2023-08-14,23,F,40519.0,employed,4.7,Ural,partner,consumer,130000,36,19.8,4818.0,631.0,1,38.0,13,0
5255,62845,2024-07-11,63,M,115251.0,freelance,43.4,Moscow,partner,renovation,500000,36,15.6,17480.0,772.0,1,44.9,12,0
5256,10941,2023-03-08,21,M,101139.0,employed,1.3,Moscow,branch,consumer,350000,48,19.7,10595.0,561.0,1,38.2,25,0
5257,62169,2023-07-16,19,F,88234.0,employed,0.0,Moscow,online,consumer,240000,36,18.7,8761.0,691.0,3,50.7,90,1
5258,24470,2024-10-15,21,F,67157.0,employed,1.5,Siberia,branch,consumer,220000,60,17.6,5539.0,673.0,2,43.0,7,0
5259,60821,2023-01-23,59,F,124665.0,employed,40.7,Ural,online,car,1170000,48,15.4,32800.0,638.0,2,84.4,16,0
5260,87669,2024-08-28,48,M,106228.0,employed,29.8,Moscow,online,car,830000,36,13.9,28327.0,683.0,3,80.7,8,0
5261,45435,2023-08-25,34,F,75575.0,employed,12.4,Moscow,branch,renovation,460000,36,16.6,16309.0,685.0,0,46.5,31,0
5262,5529,2024-07-19,29,F,75500.0,employed,10.0,SPb,online,consumer,270000,12,19.9,24998.0,518.0,1,56.3,20,0
5263,84055,2023-05-18,45,M,65653.0,freelance,20.9,Moscow,partner,consumer,270000,48,22.8,8624.0,512.0,3,79.8,162,1
5264,13192,2024-04-17,29,F,105776.0,employed,13.0,Moscow,branch,consumer,400000,36,17.1,14281.0,761.0,4,50.6,0,0
5265,75102,2024-07-06,24,M,83438.0,freelance,4.8,Moscow,partner,education,190000,60,15.9,4610.0,630.0,3,63.3,173,1
5266,73762,2024-09-01,28,M,78208.0,self_employed,5.7,Moscow,branch,consumer,210000,24,19.4,10627.0,644.0,3,55.1,5,0
5267,87795,2024-11-25,66,M,90449.0,employed,45.0,Ural,partner,car,820000,36,13.7,27906.0,711.0,0,71.8,19,0
5268,35087,2024-10-01,67,F,82647.0,employed,45.0,South,branch,consumer,170000,36,17.5,6103.0,715.0,2,43.9,0,0
5269,67677,2023-08-17,23,M,71374.0,employed,1.2,Moscow,branch,consumer,210000,24,17.8,10464.0,720.0,0,26.8,4,0
5270,5627,2023-11-13,41,M,118262.0,employed,19.1,Moscow,branch,consumer,260000,6,19.6,45844.0,625.0,2,45.6,0,0
5271,57541,2024-08-20,34,M,29486.0,unemployed,0.0,SPb,partner,education,80000,36,16.5,2832.0,599.0,0,41.5,13,0
5272,69226,2024-12-21,38,M,115375.0,self_employed,14.3,Moscow,online,consumer,320000,24,18.3,16022.0,699.0,1,46.6,0,0
5273,4255,2024-12-27,48,M,52849.0,freelance,26.7,South,online,consumer,330000,36,20.1,12281.0,540.0,2,63.6,112,1
5274,58433,2024-09-03,22,F,69201.0,freelance,0.0,Moscow,branch,consumer,290000,48,21.0,8980.0,500.0,0,64.2,28,0
5275,6213,2024-07-14,40,M,119191.0,employed,21.9,Moscow,branch,car,900000,48,13.2,24234.0,735.0,2,62.2,38,0
5276,20404,2023-07-20,53,F,94408.0,employed,27.0,Ural,online,education,300000,60,15.9,7279.0,693.0,0,48.3,4,0
5277,26380,2023-09-15,35,M,51749.0,employed,16.5,Ural,branch,consumer,170000,12,17.9,15578.0,746.0,3,40.5,21,0
5278,92056,2024-04-24,56,M,74991.0,freelance,37.3,Ural,partner,renovation,440000,48,19.7,13319.0,516.0,2,61.3,0,0
5279,20173,2023-06-27,35,M,42242.0,freelance,11.9,South,online,car,430000,60,15.8,10411.0,597.0,0,51.0,48,0
5280,54027,2023-05-03,25,M,66403.0,employed,5.5,SPb,branch,car,530000,48,15.0,14750.0,630.0,1,57.6,26,0
5281,24989,2023-12-08,45,M,116629.0,employed,25.3,SPb,branch,consumer,280000,48,17.8,8196.0,732.0,1,34.1,0,0
5282,25519,2023-06-20,35,F,76096.0,employed,16.1,SPb,branch,consumer,300000,48,18.7,8923.0,693.0,2,44.8,0,0
5283,23439,2024-10-09,26,F,89330.0,freelance,7.2,Ural,branch,consumer,290000,6,19.5,51119.0,631.0,2,68.6,14,0
5284,77949,2023-02-28,44,M,28324.0,unemployed,0.4,Ural,branch,consumer,120000,36,21.5,4552.0,486.0,3,59.9,194,1
5285,15995,2024-12-05,31,M,53636.0,employed,12.3,Ural,online,consumer,160000,12,19.3,14768.0,530.0,1,38.2,10,0
5286,24559,2024-04-09,20,M,69569.0,employed,0.0,SPb,partner,education,200000,48,15.8,5648.0,554.0,0,54.2,2,0
5287,90049,2023-09-17,31,F,56459.0,employed,9.3,SPb,branch,consumer,190000,60,19.5,4981.0,612.0,1,49.9,40,0
5288,6021,2024-01-08,28,F,65764.0,employed,6.0,Siberia,partner,car,630000,48,13.3,16995.0,686.0,0,48.4,202,1
5289,99000,2023-04-05,52,M,55787.0,freelance,32.6,Ural,online,car,450000,36,16.0,15821.0,595.0,3,70.7,6,0
5290,22119,2023-05-05,48,M,81114.0,employed,22.3,Siberia,partner,consumer,250000,24,18.7,12566.0,720.0,0,56.0,12,0
5291,52539,2023-02-10,26,F,75071.0,self_employed,6.8,Moscow,online,car,920000,60,17.2,22963.0,566.0,1,84.2,122,1
5292,95835,2023-09-11,39,M,141356.0,employed,20.6,South,branch,consumer,450000,12,19.6,41599.0,715.0,0,52.1,30,0
5293,40350,2023-01-07,26,M,72754.0,employed,0.0,Moscow,partner,education,170000,48,16.9,4897.0,585.0,1,68.0,180,1
5294,47223,2024-04-15,39,M,78980.0,employed,18.7,Ural,branch,car,630000,60,14.5,14823.0,641.0,0,60.1,0,0
5295,26517,2024-12-28,31,F,51920.0,freelance,2.3,Siberia,branch,consumer,170000,24,19.6,8619.0,587.0,2,59.8,212,1
5296,79653,2024-05-25,56,F,99305.0,self_employed,36.5,South,partner,car,830000,36,16.0,29180.0,620.0,1,76.2,97,1
5297,23250,2024-08-03,47,F,83796.0,employed,24.8,SPb,branch,consumer,290000,12,17.9,26573.0,724.0,1,57.8,33,0
5298,85486,2023-03-10,24,F,85404.0,employed,5.7,SPb,online,renovation,530000,24,18.6,26614.0,568.0,4,77.9,167,1
5299,83895,2023-03-22,23,M,57072.0,employed,0.0,Moscow,partner,education,140000,24,17.1,6929.0,603.0,1,63.1,0,0
5300,90132,2024-06-25,32,M,102798.0,employed,13.4,Siberia,online,education,330000,24,15.3,16048.0,639.0,1,51.5,0,0
5301,92066,2024-08-07,50,M,140409.0,self_employed,31.8,Moscow,online,consumer,440000,48,19.1,13179.0,635.0,2,59.3,0,0
5302,67798,2023-09-19,30,F,68551.0,employed,11.7,SPb,online,renovation,380000,24,19.4,19229.0,513.0,1,58.1,183,1
5303,55199,2023-03-30,24,F,50354.0,employed,3.6,South,online,consumer,140000,24,19.0,7057.0,635.0,3,42.4,40,0
5304,60546,2023-07-27,36,M,41516.0,freelance,17.0,South,partner,consumer,120000,36,20.4,4484.0,594.0,1,57.2,6,0
5305,89151,2023-08-01,40,M,121029.0,employed,12.3,SPb,online,renovation,670000,24,17.7,33352.0,638.0,0,62.5,0,0
5306,4327,2023-09-23,41,M,113768.0,employed,17.3,Moscow,online,car,880000,48,14.8,24402.0,660.0,1,69.7,19,0
5307,30768,2023-10-20,53,F,97476.0,employed,30.1,Moscow,online,education,200000,24,15.6,9754.0,649.0,1,46.4,17,0
5308,65418,2023-07-26,64,M,122519.0,freelance,41.0,Ural,online,education,360000,48,16.6,10313.0,689.0,2,50.4,0,0
5309,95386,2023-11-29,40,M,86114.0,self_employed,15.4,Siberia,partner,consumer,250000,36,20.7,9380.0,575.0,2,71.3,204,1
5310,43788,2023-03-18,40,M,105243.0,employed,16.0,Moscow,branch,consumer,370000,48,19.9,11240.0,640.0,2,79.9,134,1
5311,83384,2023-10-15,56,M,125987.0,self_employed,30.1,Moscow,online,consumer,390000,36,17.3,13963.0,776.0,3,38.5,26,0
5312,47830,2023-02-16,40,F,155664.0,employed,13.8,SPb,online,car,1130000,60,14.0,26293.0,735.0,0,81.5,29,0
5313,53446,2024-09-13,59,F,74617.0,freelance,39.9,SPb,branch,consumer,250000,36,18.8,9139.0,691.0,1,75.7,145,1
5314,16160,2023-07-19,27,F,18000.0,unemployed,0.2,South,partner,car,350000,60,17.9,8869.0,575.0,1,71.5,0,0
5315,57583,2024-03-02,21,F,89736.0,self_employed,0.0,Moscow,partner,consumer,360000,24,20.3,18375.0,638.0,5,69.4,106,1
5316,34998,2023-07-29,24,F,70234.0,self_employed,5.6,Ural,branch,car,570000,36,16.4,20152.0,552.0,5,81.4,38,0
5317,28230,2024-02-24,27,F,57828.0,employed,8.3,South,branch,consumer,220000,24,19.1,11101.0,616.0,1,35.9,26,0
5318,10076,2023-06-03,41,M,76837.0,self_employed,18.6,Siberia,online,car,740000,36,14.5,25472.0,711.0,0,60.4,21,0
5319,70341,2024-06-05,50,F,68121.0,freelance,28.9,Moscow,branch,consumer,230000,24,17.8,11460.0,729.0,3,34.5,0,0
5320,32085,2024-02-19,25,M,59937.0,employed,3.8,SPb,partner,car,460000,36,14.8,15901.0,642.0,0,59.0,90,1
5321,56571,2023-12-19,35,F,102237.0,self_employed,8.0,South,branch,education,280000,60,14.4,6573.0,751.0,1,35.8,0,0
5322,15715,2023-06-06,37,M,92295.0,freelance,15.7,Moscow,partner,consumer,220000,36,20.2,8198.0,660.0,1,64.5,4,0
5323,6750,2023-09-18,50,M,83542.0,employed,30.3,South,online,renovation,520000,36,17.1,18565.0,662.0,0,46.4,0,0
5324,79768,2023-03-18,24,F,82791.0,employed,5.0,Moscow,online,car,920000,60,15.0,21887.0,647.0,1,81.2,11,0
5325,36903,2024-05-02,32,F,68033.0,self_employed,12.8,Moscow,branch,renovation,340000,48,17.6,9917.0,644.0,2,56.9,106,1
5326,73489,2023-05-11,56,M,87044.0,freelance,37.0,Siberia,partner,consumer,230000,36,20.1,8559.0,664.0,2,43.3,21,0
5327,33093,2024-08-01,57,M,68347.0,freelance,38.9,Siberia,branch,consumer,320000,36,20.1,11909.0,618.0,2,57.9,9,0
5328,92036,2024-03-30,34,F,71678.0,self_employed,15.1,Moscow,branch,education,180000,36,15.8,6311.0,679.0,2,47.7,0,0
5329,88954,2023-06-12,39,F,61690.0,freelance,15.6,Moscow,branch,consumer,150000,24,19.5,7598.0,611.0,1,34.7,0,0
5330,35314,2023-01-15,35,M,73355.0,self_employed,13.1,South,online,consumer,230000,48,19.1,6889.0,666.0,0,57.9,15,0
5331,49225,2023-08-20,23,F,69307.0,employed,2.1,Moscow,branch,education,180000,48,16.0,5101.0,625.0,2,32.3,0,0
5332,88985,2023-07-14,23,M,40509.0,freelance,0.0,Moscow,online,consumer,150000,48,20.2,4581.0,641.0,2,43.8,0,0
5333,84014,2024-06-25,22,M,66353.0,employed,3.1,Moscow,partner,car,520000,36,14.1,17798.0,657.0,2,62.2,8,0
5334,36179,2023-12-25,49,F,134636.0,employed,28.4,Siberia,online,renovation,950000,36,18.3,34488.0,582.0,4,83.9,10,0
5335,26338,2023-11-27,55,M,140362.0,employed,36.9,South,branch,renovation,690000,36,17.4,24738.0,617.0,0,59.5,0,0
5336,93435,2024-03-02,31,M,90292.0,employed,6.3,Moscow,branch,consumer,330000,48,20.9,10201.0,519.0,2,59.3,158,1
5337,70681,2024-05-11,32,M,117611.0,employed,12.2,Moscow,branch,consumer,300000,60,18.0,7618.0,683.0,0,40.8,0,0
5338,33101,2024-04-30,50,M,85840.0,employed,31.4,SPb,partner,education,170000,60,14.7,4018.0,672.0,2,38.9,21,0
5339,3775,2024-03-24,60,M,92508.0,employed,41.2,Siberia,branch,car,790000,48,14.9,21946.0,592.0,0,71.0,99,1
5340,98183,2024-02-17,40,M,75451.0,employed,16.3,Ural,branch,car,530000,36,15.0,18373.0,615.0,1,69.7,3,0
5341,46619,2023-11-26,32,M,100329.0,employed,13.7,SPb,partner,consumer,460000,24,18.9,23166.0,697.0,1,50.5,0,0
5342,46838,2023-05-27,32,M,86947.0,freelance,6.2,Moscow,online,renovation,730000,60,19.5,19138.0,597.0,3,83.1,29,0
5343,20539,2023-09-16,52,M,85953.0,freelance,32.6,Moscow,online,consumer,290000,24,20.9,14888.0,609.0,1,56.7,111,1
5344,58124,2023-10-19,33,M,47806.0,freelance,14.1,Moscow,partner,consumer,240000,36,20.8,9017.0,593.0,1,50.9,6,0
5345,66149,2023-05-23,33,F,137432.0,employed,13.8,Moscow,online,education,340000,24,14.6,16421.0,727.0,0,47.9,234,1
5346,27616,2024-09-18,45,F,84456.0,self_employed,25.4,South,branch,consumer,250000,48,16.5,7149.0,751.0,1,28.5,18,0
5347,80655,2023-12-31,45,M,130581.0,employed,24.6,Moscow,partner,education,330000,12,14.7,29739.0,681.0,2,43.4,16,0
5348,91695,2023-03-31,30,F,74770.0,employed,9.3,Siberia,branch,education,230000,36,14.2,7883.0,688.0,3,38.1,0,0
5349,55567,2024-12-20,31,F,114455.0,self_employed,11.2,SPb,online,renovation,530000,48,18.2,15624.0,591.0,0,53.8,16,0
5350,38099,2023-06-13,40,F,74379.0,self_employed,20.2,South,partner,car,790000,60,16.5,19422.0,607.0,0,82.7,16,0
5351,76831,2024-04-25,34,M,84695.0,freelance,15.0,Moscow,partner,consumer,240000,48,17.1,6938.0,793.0,1,33.2,7,0
5352,62799,2023-03-25,31,F,166475.0,self_employed,11.5,Moscow,online,car,1430000,48,16.7,41041.0,566.0,3,84.8,94,1
5353,91221,2023-03-18,42,M,117478.0,employed,22.1,Moscow,online,renovation,950000,48,18.4,28105.0,616.0,0,80.7,158,1
5354,26479,2024-11-03,41,M,67334.0,freelance,20.3,Siberia,branch,renovation,330000,24,18.8,16603.0,531.0,2,69.2,171,1
5355,47172,2024-05-31,67,M,149139.0,self_employed,45.0,SPb,online,consumer,550000,24,18.1,27485.0,722.0,3,53.1,0,0
5356,56863,2024-04-29,47,M,73468.0,freelance,24.7,South,branch,car,950000,36,16.2,33493.0,588.0,0,81.0,25,0
417,79657,2023-12-24,65,F,-133116.0,self_employed,13.9,Moscow,branch,car,1500000,48,16.1,42587.0,651.0,3,84.8,0,0
5358,83569,2024-08-25,25,F,66709.0,employed,5.9,Ural,online,car,550000,60,14.0,12798.0,673.0,0,56.7,12,0
5359,16408,2024-08-21,37,F,93103.0,employed,17.2,SPb,online,renovation,600000,48,16.1,17035.0,706.0,0,65.5,0,0
5360,58980,2023-04-14,30,M,91990.0,employed,3.2,Moscow,branch,car,940000,24,15.5,45801.0,611.0,1,79.8,13,0
5361,83956,2024-03-27,32,M,112680.0,employed,13.9,Moscow,online,consumer,400000,60,18.6,10288.0,682.0,2,56.8,40,0
5362,17351,2024-05-01,43,M,133243.0,employed,20.0,SPb,branch,consumer,550000,36,18.3,19967.0,661.0,4,56.3,15,0
5363,5131,2023-12-05,29,M,152272.0,employed,8.8,Moscow,branch,consumer,510000,24,20.5,26082.0,587.0,1,71.9,57,0
5364,45825,2024-11-17,46,F,30256.0,unemployed,0.4,South,branch,consumer,110000,36,19.9,4082.0,566.0,1,44.6,175,1
5365,12349,2024-07-19,37,F,68424.0,freelance,15.5,Siberia,partner,consumer,190000,48,21.0,5883.0,543.0,2,58.3,137,1
5366,61931,2024-04-22,45,F,94871.0,self_employed,25.2,Ural,online,consumer,300000,24,20.2,15298.0,601.0,4,53.3,12,0
5367,45254,2024-12-23,51,F,103142.0,employed,32.4,SPb,partner,consumer,330000,24,17.3,16364.0,734.0,0,37.6,0,0
5368,39225,2024-08-29,45,M,102514.0,employed,19.8,SPb,online,consumer,390000,12,16.9,35551.0,773.0,0,37.4,4,0
5369,13453,2023-08-11,26,M,81178.0,self_employed,4.0,SPb,branch,consumer,220000,48,19.6,6648.0,640.0,3,46.4,20,0
5370,19814,2023-01-09,57,M,127933.0,employed,36.5,Siberia,branch,education,400000,12,15.2,36141.0,661.0,0,42.5,0,0
5371,19263,2023-02-22,25,M,58624.0,freelance,5.2,Moscow,branch,education,200000,60,16.8,4949.0,563.0,1,48.2,0,0
5372,78694,2023-03-18,29,F,18000.0,unemployed,0.4,Ural,partner,consumer,70000,24,24.0,3701.0,411.0,2,79.7,119,1
5373,16735,2024-12-18,32,M,158735.0,employed,8.8,Siberia,branch,renovation,920000,60,16.8,22766.0,670.0,1,75.8,14,0
5374,16830,2024-05-17,42,M,69380.0,self_employed,24.0,Ural,branch,car,600000,36,13.8,20448.0,736.0,2,57.5,20,0
5375,48893,2023-11-12,21,F,88277.0,employed,0.0,Moscow,partner,car,800000,36,16.3,28244.0,629.0,2,79.4,146,1
5376,45673,2024-09-15,43,F,54231.0,self_employed,24.9,Moscow,branch,car,350000,60,12.5,7874.0,789.0,1,28.6,13,0
5377,90462,2023-06-14,42,M,105555.0,employed,21.1,Ural,online,education,260000,12,13.6,23296.0,741.0,0,32.8,0,0
5378,46066,2023-10-06,31,F,73436.0,employed,11.8,South,branch,car,700000,48,14.1,19164.0,695.0,0,53.2,15,0
5379,4373,2023-01-27,31,M,61910.0,self_employed,9.6,South,partner,consumer,160000,36,20.3,5971.0,623.0,5,61.2,23,0
5380,11335,2023-03-11,47,M,48581.0,self_employed,13.9,Siberia,online,renovation,370000,24,16.8,18258.0,689.0,3,49.5,6,0
5381,24741,2023-08-06,34,M,77447.0,self_employed,13.6,South,online,car,740000,48,16.9,21314.0,552.0,1,82.6,178,1
5382,11692,2023-12-31,56,M,104182.0,employed,32.2,Moscow,partner,consumer,350000,12,18.7,32205.0,684.0,0,29.6,19,0
5383,48295,2024-12-01,29,F,80874.0,self_employed,9.0,Moscow,online,car,660000,48,16.0,18705.0,555.0,1,73.0,20,0
5384,46541,2023-11-02,40,M,52232.0,freelance,21.7,SPb,partner,car,400000,60,16.2,9770.0,615.0,3,62.6,173,1
5385,35057,2023-05-04,42,F,28842.0,unemployed,0.1,Ural,partner,consumer,100000,24,22.4,5208.0,558.0,2,72.0,32,0
5386,67983,2023-01-19,49,F,67503.0,freelance,28.1,SPb,branch,education,190000,36,15.7,6652.0,689.0,2,39.1,4,0
5387,20583,2023-09-14,28,M,47978.0,freelance,9.8,Moscow,branch,renovation,320000,48,18.7,9517.0,590.0,2,46.7,3,0
5388,23765,2023-10-23,58,F,83433.0,self_employed,39.8,Ural,online,car,790000,48,15.9,22348.0,615.0,3,68.0,0,0
5389,60287,2023-01-22,34,M,66617.0,self_employed,13.9,Moscow,online,consumer,230000,24,19.6,11661.0,653.0,5,55.5,184,1
5390,24906,2024-03-25,48,M,154254.0,employed,29.3,Siberia,partner,car,1050000,36,14.7,36245.0,709.0,2,84.8,18,0
5391,86103,2024-07-05,59,F,97591.0,employed,40.3,Moscow,branch,consumer,320000,12,17.2,29216.0,730.0,2,37.0,9,0
5392,80675,2024-07-03,48,F,65988.0,freelance,28.0,South,online,renovation,300000,24,19.9,15254.0,480.0,0,62.2,29,0
5393,47525,2023-02-17,67,M,74847.0,freelance,45.0,South,online,consumer,200000,36,19.7,7402.0,640.0,4,56.4,0,0
5394,39230,2024-11-25,23,F,45684.0,self_employed,4.3,South,online,car,350000,36,15.0,12133.0,626.0,0,49.9,45,0
5395,20520,2024-08-09,26,M,84604.0,employed,5.8,Siberia,branch,car,880000,36,13.7,29948.0,731.0,2,68.5,27,0
5396,86238,2024-12-21,48,F,94115.0,employed,29.0,Ural,branch,car,780000,60,13.0,17747.0,733.0,2,64.8,7,0
5397,52934,2023-07-02,48,M,116120.0,employed,29.7,Moscow,branch,consumer,260000,36,18.5,9465.0,661.0,1,47.8,0,0
5398,26566,2024-03-10,20,M,71394.0,employed,0.0,Ural,online,car,520000,60,15.1,12398.0,638.0,0,66.8,37,0
5399,74193,2023-04-17,22,M,80236.0,employed,1.4,Siberia,online,car,580000,60,15.2,13859.0,621.0,1,64.8,9,0
5400,31134,2023-07-07,64,M,64538.0,unemployed,0.5,Moscow,branch,education,200000,24,18.4,10024.0,537.0,0,61.4,136,1
5401,11345,2023-03-27,23,F,56512.0,employed,2.4,Ural,online,car,400000,48,13.8,10891.0,718.0,2,42.9,0,0
5402,42185,2024-03-31,40,F,75204.0,employed,12.7,SPb,partner,car,710000,24,14.5,34257.0,648.0,0,58.2,101,1
5403,93949,2023-05-17,53,M,69157.0,employed,25.6,SPb,branch,car,660000,60,12.9,14983.0,809.0,0,45.0,29,0
5404,71744,2023-12-02,31,M,43012.0,unemployed,0.2,Moscow,online,consumer,150000,36,22.4,5760.0,494.0,2,75.7,183,1
5405,34455,2024-08-29,32,M,31849.0,freelance,13.7,Siberia,branch,consumer,120000,36,19.2,4411.0,637.0,0,45.4,0,0
5406,29018,2024-04-13,55,M,107044.0,employed,35.2,South,partner,renovation,450000,24,16.2,22076.0,758.0,1,51.9,18,0
5407,55219,2024-08-24,21,F,34567.0,unemployed,0.2,Siberia,partner,car,450000,48,19.9,13670.0,365.0,3,82.5,186,1
5408,46991,2024-07-24,39,F,94725.0,employed,19.4,SPb,branch,education,240000,36,12.4,8017.0,787.0,0,31.1,15,0
5409,74616,2024-02-07,55,F,92775.0,employed,29.8,South,partner,education,270000,48,15.7,7610.0,575.0,0,45.3,0,0
5410,88438,2024-06-23,25,M,71705.0,self_employed,5.1,SPb,branch,consumer,200000,24,18.9,10072.0,637.0,3,48.5,149,1
5411,10486,2023-03-13,32,M,113476.0,employed,11.6,Moscow,partner,consumer,380000,6,19.7,67022.0,665.0,1,47.3,13,0
5412,39862,2023-01-24,60,F,73185.0,self_employed,41.5,South,online,consumer,270000,36,19.1,9911.0,661.0,1,56.0,22,0
5413,59870,2024-09-15,23,F,21021.0,unemployed,0.6,Siberia,online,consumer,60000,60,21.0,1623.0,509.0,2,57.9,0,0
5414,87694,2024-04-29,39,F,44142.0,freelance,5.9,Siberia,partner,renovation,270000,36,18.7,9856.0,585.0,1,64.6,193,1
5415,44856,2023-02-25,50,M,94249.0,employed,30.8,Moscow,branch,consumer,390000,12,17.5,35662.0,751.0,2,38.5,12,0
5416,87055,2023-08-11,25,M,85789.0,employed,6.0,Moscow,online,renovation,320000,36,18.1,11585.0,623.0,1,43.8,13,0
5417,32379,2024-09-23,22,F,65943.0,employed,1.5,Moscow,branch,consumer,240000,60,17.8,6068.0,645.0,0,28.2,0,0
5418,65729,2023-06-28,23,F,72816.0,employed,0.9,Siberia,online,consumer,230000,60,20.2,6119.0,571.0,2,52.5,23,0
5419,29378,2024-03-09,42,F,90983.0,employed,23.1,Moscow,partner,car,830000,48,13.7,22556.0,743.0,1,69.7,11,0
5420,55353,2024-03-25,44,M,145954.0,employed,23.8,Moscow,partner,car,1500000,48,13.7,40764.0,768.0,1,84.3,11,0
5421,50996,2024-05-06,32,F,53837.0,self_employed,12.8,Moscow,online,renovation,290000,48,18.2,8549.0,582.0,1,64.8,6,0
5422,15031,2023-07-08,54,M,68844.0,freelance,34.0,Ural,partner,consumer,170000,60,19.0,4410.0,714.0,3,33.7,18,0
5423,81072,2024-07-31,33,F,68529.0,employed,14.5,SPb,branch,education,200000,12,14.6,18014.0,672.0,2,43.2,0,0
5424,66982,2024-02-24,30,F,87529.0,employed,9.9,South,online,consumer,440000,48,18.6,13063.0,679.0,0,47.7,0,0
5425,37683,2023-09-06,52,F,101932.0,employed,33.9,SPb,branch,renovation,580000,24,17.4,28788.0,679.0,1,55.6,0,0
5426,18618,2024-08-10,35,F,83747.0,employed,11.5,Siberia,branch,consumer,160000,60,18.1,4072.0,653.0,2,31.2,25,0
5427,7587,2024-10-10,40,M,118806.0,employed,19.0,Ural,online,renovation,760000,24,16.3,37321.0,719.0,1,65.6,1,0
5428,63790,2023-06-13,57,M,75122.0,employed,30.5,Siberia,branch,car,470000,36,13.4,15927.0,750.0,4,47.1,0,0
5429,32480,2023-09-12,30,M,79546.0,self_employed,9.3,Moscow,online,car,510000,36,14.3,17505.0,738.0,2,60.0,8,0
5430,99530,2024-04-20,32,M,60259.0,freelance,13.4,Siberia,partner,consumer,190000,36,18.3,6898.0,678.0,0,34.1,0,0
5431,21527,2024-02-21,63,M,91641.0,employed,43.0,Moscow,online,car,540000,24,14.9,26157.0,650.0,1,57.7,38,0
5432,24569,2023-06-19,20,M,66484.0,self_employed,0.0,Ural,online,education,160000,48,17.8,4683.0,547.0,3,51.6,162,1
5433,12151,2023-11-13,29,F,68284.0,employed,9.6,SPb,online,consumer,280000,48,18.9,8357.0,654.0,1,38.0,24,0
5434,72094,2023-06-23,22,M,59230.0,freelance,1.6,Moscow,partner,consumer,250000,60,22.6,6990.0,519.0,1,71.7,144,1
5435,60174,2024-04-14,36,F,113576.0,employed,17.5,SPb,online,renovation,820000,24,17.0,40543.0,669.0,3,75.5,0,0
5436,45739,2023-12-11,42,F,85695.0,employed,19.5,South,partner,car,800000,24,15.3,38903.0,646.0,0,65.5,13,0
5437,33954,2024-03-20,42,M,113087.0,employed,16.8,Moscow,branch,consumer,320000,24,18.3,16022.0,700.0,0,54.3,21,0
5438,36303,2023-01-18,48,M,156854.0,employed,28.9,Moscow,online,renovation,810000,60,18.7,20878.0,563.0,1,79.2,24,0
5439,35700,2023-03-11,25,M,77957.0,self_employed,2.3,Ural,online,car,690000,60,16.5,16963.0,601.0,2,74.3,10,0
5440,94036,2023-12-04,59,F,48892.0,unemployed,0.1,Ural,online,car,400000,36,17.5,14361.0,522.0,1,73.7,205,1
5441,68568,2024-09-19,42,F,59382.0,freelance,23.2,SPb,online,education,170000,36,16.6,6027.0,596.0,1,64.1,15,0
5442,67788,2024-08-14,37,M,79593.0,employed,17.1,Moscow,online,consumer,300000,36,18.8,10966.0,623.0,1,52.5,26,0
5443,72045,2024-06-10,30,F,63277.0,self_employed,10.5,Moscow,online,consumer,190000,24,19.8,9652.0,577.0,3,51.4,28,0
5444,38842,2024-11-18,48,M,88164.0,self_employed,27.1,Moscow,online,education,200000,60,13.9,4643.0,761.0,2,39.0,0,0
5445,14900,2024-03-31,34,F,57421.0,freelance,13.5,Moscow,partner,renovation,450000,36,19.7,16655.0,546.0,0,69.2,0,0
5446,81059,2023-09-26,23,M,75871.0,self_employed,4.7,South,branch,consumer,300000,12,20.1,27805.0,624.0,3,57.2,8,0
5447,2881,2024-09-22,31,F,100594.0,self_employed,12.6,Moscow,online,consumer,410000,36,19.4,15112.0,599.0,0,48.2,8,0
5448,34037,2023-07-07,43,F,84657.0,self_employed,13.9,Moscow,branch,renovation,500000,36,18.4,18177.0,619.0,1,55.1,7,0
5449,2630,2024-07-22,24,F,79026.0,self_employed,0.0,South,branch,car,710000,60,14.7,16779.0,606.0,2,70.4,28,0
5450,21789,2024-12-11,27,M,55354.0,employed,5.9,South,branch,renovation,330000,60,15.2,7885.0,734.0,1,31.2,23,0
5451,89059,2024-06-12,64,M,146915.0,employed,40.2,Moscow,online,education,350000,24,15.2,17004.0,669.0,1,58.3,0,0
5452,84494,2024-03-09,28,F,83205.0,self_employed,7.7,Ural,online,consumer,200000,48,20.3,6118.0,604.0,3,49.2,9,0
5453,47151,2023-10-15,21,M,91335.0,freelance,2.4,Ural,branch,education,230000,24,17.4,11416.0,572.0,2,59.5,22,0
5454,49920,2024-07-20,50,M,82345.0,employed,13.0,Moscow,partner,renovation,720000,24,16.5,35426.0,680.0,1,62.8,12,0
5455,68231,2024-05-13,24,F,21336.0,unemployed,0.0,Siberia,branch,renovation,220000,36,21.5,8345.0,394.0,4,72.5,153,1
5456,81357,2024-03-16,27,M,68599.0,employed,7.4,South,partner,car,400000,24,16.3,19643.0,590.0,3,74.5,161,1
5457,4262,2023-10-30,40,M,96104.0,employed,20.6,SPb,branch,consumer,270000,6,18.1,47405.0,685.0,1,26.8,32,0
5458,67981,2023-03-28,36,F,104602.0,employed,14.8,SPb,online,car,1290000,24,15.2,62670.0,684.0,1,82.7,0,0
5459,82972,2024-03-13,33,M,22065.0,unemployed,1.2,Ural,online,car,350000,60,18.3,8945.0,499.0,1,66.0,20,0
5460,76485,2024-06-24,41,M,67447.0,employed,22.5,Siberia,online,education,220000,24,14.3,10594.0,714.0,1,32.4,0,0
5461,55722,2023-01-22,35,F,75932.0,employed,11.9,Siberia,online,car,1070000,60,15.8,25907.0,562.0,0,82.4,185,1
5462,90499,2024-07-13,48,F,165772.0,employed,27.0,Moscow,partner,consumer,550000,12,19.8,50896.0,604.0,2,76.4,7,0
5463,51818,2024-05-31,29,M,65580.0,employed,8.7,Siberia,online,car,460000,48,14.4,12663.0,612.0,1,62.0,7,0
5464,30932,2024-11-05,32,F,76220.0,freelance,9.9,South,partner,consumer,200000,48,19.8,6065.0,587.0,1,49.5,29,0
5465,7901,2024-05-17,65,F,169186.0,employed,45.0,Moscow,branch,education,380000,60,12.1,8472.0,825.0,1,32.5,3,0
5466,9597,2024-12-14,33,M,69936.0,freelance,7.4,Moscow,branch,car,640000,60,16.5,15734.0,579.0,2,82.3,100,1
5467,64909,2024-04-11,32,M,30403.0,unemployed,0.0,Ural,partner,education,90000,24,18.9,4532.0,501.0,3,64.1,11,0
5468,73391,2023-04-11,49,M,66708.0,employed,30.1,SPb,branch,consumer,200000,24,17.4,9927.0,763.0,4,32.0,25,0
5469,85214,2024-08-05,39,F,45733.0,freelance,15.9,South,branch,car,350000,60,15.0,8326.0,639.0,1,51.1,22,0
5470,9263,2024-11-05,25,F,60208.0,employed,5.8,Moscow,branch,consumer,180000,24,17.6,8952.0,687.0,3,39.9,9,0
5471,64293,2024-11-15,32,M,100478.0,employed,8.7,Ural,online,car,910000,60,14.5,21411.0,681.0,1,83.7,6,0
5472,26805,2023-05-21,24,F,45375.0,self_employed,4.8,Ural,online,car,400000,48,15.5,11234.0,654.0,4,62.8,4,0
5473,92679,2023-05-18,22,F,69361.0,self_employed,1.6,Ural,branch,car,750000,36,16.2,26442.0,549.0,2,78.8,133,1
5474,12874,2024-07-31,53,M,89531.0,employed,34.2,Ural,branch,consumer,310000,36,17.5,11130.0,670.0,2,33.3,12,0
5475,94065,2024-12-10,30,F,52391.0,employed,8.1,Ural,online,consumer,120000,48,18.6,3563.0,639.0,1,46.1,15,0
5476,87402,2023-08-16,22,M,23182.0,unemployed,0.1,Moscow,branch,consumer,60000,24,22.6,3130.0,470.0,1,56.5,219,1
5477,15079,2023-10-08,59,F,85069.0,self_employed,34.1,Siberia,branch,renovation,410000,24,16.1,20094.0,730.0,3,55.4,0,0
5478,50850,2024-11-14,24,F,56045.0,employed,4.6,Moscow,online,renovation,310000,36,18.3,11254.0,504.0,2,59.0,0,0
5479,73779,2024-03-06,41,F,82454.0,employed,21.1,Moscow,branch,renovation,830000,24,15.7,40521.0,792.0,0,51.2,17,0
5480,96408,2023-02-09,50,F,93406.0,employed,31.9,Ural,branch,consumer,240000,12,17.0,21889.0,758.0,1,32.1,0,0
5481,10018,2024-06-02,40,F,61698.0,employed,10.8,SPb,online,consumer,290000,36,18.3,10528.0,651.0,0,43.1,0,0
5482,50500,2024-11-16,31,F,83722.0,employed,8.0,Ural,partner,consumer,260000,24,18.4,13031.0,686.0,0,36.4,2,0
5483,13100,2024-10-24,60,F,141180.0,employed,40.2,SPb,branch,car,1140000,24,12.7,54037.0,779.0,5,84.1,6,0
5484,58021,2023-07-30,26,F,67016.0,employed,0.4,SPb,branch,car,580000,36,16.4,20506.0,577.0,1,56.4,53,0
5485,20800,2023-10-29,50,F,62105.0,freelance,24.0,SPb,online,consumer,230000,60,21.0,6222.0,591.0,3,59.4,0,0
5486,64400,2023-03-27,34,M,123319.0,employed,13.0,Moscow,branch,consumer,470000,12,18.1,43112.0,744.0,1,52.3,39,0
5487,93446,2024-02-01,34,F,88064.0,self_employed,15.2,South,online,car,810000,12,16.4,73645.0,617.0,2,83.6,186,1
5488,30437,2023-09-10,21,F,57414.0,employed,1.0,Ural,partner,car,420000,36,16.5,14870.0,572.0,5,64.0,90,1
5489,77537,2024-06-16,33,F,73684.0,employed,13.8,Moscow,branch,renovation,300000,48,16.7,8610.0,621.0,2,42.9,0,0
5490,47675,2024-01-16,32,F,65391.0,employed,12.2,Siberia,online,car,480000,48,16.1,13628.0,552.0,0,52.6,0,0
5491,20942,2024-03-19,38,M,82395.0,self_employed,12.7,South,partner,consumer,220000,12,20.0,20380.0,616.0,2,53.0,19,0
5492,21862,2023-02-02,39,M,121321.0,employed,20.0,Moscow,partner,car,1040000,36,14.9,36001.0,688.0,4,84.8,10,0
5493,12669,2023-09-17,48,M,156581.0,employed,24.5,SPb,online,consumer,530000,36,20.2,19751.0,591.0,1,58.8,28,0
5494,54772,2023-08-22,28,F,83223.0,employed,1.8,SPb,branch,car,1070000,36,15.0,37092.0,644.0,0,84.5,196,1
5495,16916,2024-05-29,21,F,86302.0,employed,0.0,Moscow,online,consumer,240000,48,17.8,7025.0,721.0,1,38.2,29,0
5496,11878,2023-11-04,29,F,73636.0,employed,8.8,Siberia,online,consumer,290000,48,17.8,8488.0,681.0,0,41.2,9,0
5497,3985,2023-03-11,38,M,77317.0,self_employed,17.5,Ural,partner,car,650000,60,15.1,15498.0,674.0,0,63.1,32,0
5498,98905,2024-03-29,30,F,76469.0,employed,6.9,Moscow,partner,consumer,200000,36,19.8,7412.0,631.0,2,64.2,1,0
5499,74648,2024-03-14,62,F,73768.0,self_employed,43.9,South,online,renovation,530000,36,17.4,19002.0,668.0,1,63.3,3,0
5500,42235,2023-12-30,35,F,27897.0,unemployed,0.5,Ural,online,consumer,100000,36,22.1,3824.0,528.0,3,77.7,182,1
5501,19931,2024-04-25,28,M,62608.0,employed,7.7,South,online,consumer,250000,24,18.7,12566.0,630.0,1,39.2,27,0
5502,93876,2023-05-24,29,F,31466.0,freelance,9.5,Ural,branch,renovation,180000,60,17.1,4483.0,688.0,3,45.9,6,0
5503,1336,2023-01-24,23,F,49856.0,freelance,0.6,Ural,branch,consumer,180000,6,20.1,31783.0,594.0,0,48.8,20,0
5504,43933,2024-02-29,37,F,30551.0,unemployed,0.1,SPb,online,consumer,160000,12,21.2,14914.0,534.0,0,63.1,40,0
5505,85899,2023-06-24,66,F,121693.0,employed,41.2,SPb,branch,consumer,370000,6,19.2,65166.0,634.0,2,54.7,0,0
5506,46536,2023-11-21,27,F,53140.0,freelance,5.5,Moscow,branch,renovation,290000,36,18.0,10484.0,630.0,2,48.3,4,0
417,79657,2023-12-24,65,F,-133116.0,self_employed,13.9,Moscow,branch,car,1500000,48,16.1,42587.0,651.0,3,84.8,0,0
5508,52148,2023-12-14,61,M,97012.0,employed,40.8,Moscow,partner,car,730000,36,14.5,25127.0,700.0,1,75.3,168,1
5509,17279,2023-01-18,50,F,111561.0,employed,31.3,Ural,online,consumer,490000,12,18.5,45040.0,693.0,0,45.9,29,0
5510,69665,2023-02-13,48,M,29240.0,unemployed,0.5,Moscow,branch,renovation,180000,36,20.0,6689.0,473.0,0,61.7,193,1
5511,72386,2023-06-04,38,M,72210.0,self_employed,16.1,South,partner,consumer,240000,60,19.6,6305.0,676.0,3,52.8,2,0
5512,87124,2024-01-12,30,M,84408.0,employed,12.0,Ural,online,renovation,650000,48,18.5,19264.0,638.0,4,78.9,20,0
5513,78485,2024-02-06,37,F,51800.0,freelance,17.6,Siberia,online,consumer,210000,12,19.3,19383.0,679.0,4,45.8,17,0
5514,75055,2023-08-13,34,F,99512.0,employed,10.6,Ural,online,car,870000,60,16.3,21296.0,599.0,1,72.3,157,1
5515,92911,2023-08-05,24,M,88599.0,employed,3.0,Siberia,online,car,570000,60,15.6,13740.0,660.0,2,62.0,9,0
5516,99618,2024-07-21,21,F,58934.0,employed,0.1,Ural,online,consumer,200000,48,19.5,6033.0,563.0,1,47.0,135,1
5517,78273,2023-01-31,57,F,70134.0,self_employed,38.2,SPb,branch,consumer,200000,48,18.4,5917.0,682.0,3,60.8,17,0
5518,67670,2023-02-28,19,M,58344.0,freelance,0.0,SPb,branch,car,430000,36,17.5,15438.0,531.0,2,67.0,178,1
5519,77474,2023-12-19,36,M,98403.0,employed,13.4,Moscow,online,renovation,730000,48,18.8,21750.0,586.0,3,82.1,7,0
5520,55028,2024-03-20,47,F,80638.0,freelance,27.5,SPb,branch,education,160000,12,15.9,14509.0,671.0,2,37.6,14,0
5521,91022,2023-08-23,34,F,54035.0,employed,15.4,South,online,car,600000,60,16.3,14687.0,599.0,0,60.3,0,0
5522,92632,2023-04-17,33,M,84983.0,self_employed,14.8,Ural,partner,consumer,420000,12,20.8,39067.0,630.0,0,70.7,0,0
5523,72128,2023-07-10,46,M,97020.0,employed,25.9,South,partner,education,270000,60,16.8,6681.0,584.0,5,67.7,31,0
5524,19108,2024-06-13,62,M,91815.0,employed,40.5,Moscow,partner,consumer,330000,48,17.7,9642.0,777.0,1,31.6,2,0
5525,53495,2024-11-09,50,M,78406.0,freelance,31.5,SPb,branch,consumer,270000,48,17.8,7903.0,738.0,1,42.0,3,0
5526,83806,2024-08-05,47,M,89501.0,employed,27.4,Moscow,online,education,260000,48,14.1,7118.0,708.0,3,38.6,15,0
5527,94185,2024-07-19,21,F,63352.0,freelance,0.5,Ural,online,consumer,220000,48,19.0,6578.0,635.0,0,50.5,30,0
5528,77533,2023-09-02,22,F,76301.0,employed,3.5,Siberia,partner,car,530000,36,16.8,18843.0,541.0,1,62.8,113,1
5529,57830,2023-03-17,24,F,37140.0,employed,5.1,Siberia,online,consumer,120000,24,18.3,6008.0,661.0,1,28.4,19,0
5530,75640,2024-06-30,32,M,130453.0,employed,11.2,Moscow,branch,renovation,430000,48,16.9,12385.0,660.0,0,38.3,34,0
5531,53509,2023-09-24,63,F,144177.0,self_employed,41.1,Moscow,branch,education,450000,36,15.1,15621.0,724.0,2,46.7,0,0
5532,67406,2023-11-13,49,M,136461.0,employed,28.0,Ural,online,education,390000,36,17.0,13905.0,581.0,3,63.2,24,0
5533,95220,2023-05-01,46,M,79710.0,self_employed,24.2,Siberia,online,consumer,290000,12,21.4,27059.0,551.0,4,63.7,0,0
5534,40519,2023-01-25,30,F,57906.0,self_employed,9.4,Moscow,branch,renovation,310000,24,16.7,15282.0,701.0,2,38.8,38,0
5535,50649,2024-03-07,30,F,68675.0,employed,6.6,SPb,partner,car,590000,36,14.9,20424.0,666.0,0,60.4,10,0
5536,35524,2023-06-09,45,M,168806.0,employed,21.7,SPb,online,renovation,870000,12,17.9,79720.0,628.0,1,71.6,55,0
5537,97493,2024-08-18,23,F,64075.0,employed,0.2,Moscow,branch,consumer,240000,12,17.5,21946.0,711.0,1,43.2,0,0
5538,34885,2023-04-24,50,F,30648.0,unemployed,0.1,Ural,branch,consumer,130000,36,21.6,4938.0,568.0,4,61.4,14,0
5539,45369,2024-05-16,32,F,67862.0,employed,0.0,Ural,online,consumer,300000,48,18.9,8954.0,649.0,1,46.4,17,0
5540,96402,2023-06-15,42,F,160544.0,employed,23.9,Moscow,online,renovation,920000,48,16.2,26167.0,782.0,1,61.3,19,0
5541,31676,2024-12-03,55,F,67471.0,employed,36.3,Ural,branch,renovation,510000,60,14.7,12053.0,779.0,4,52.5,5,0
5542,65093,2023-06-24,47,F,95241.0,self_employed,24.0,Moscow,branch,consumer,350000,36,19.6,12936.0,620.0,1,68.0,106,1
5543,48764,2023-01-01,21,F,53915.0,self_employed,0.0,Siberia,branch,car,520000,60,16.4,12756.0,570.0,4,64.2,0,0
5544,51799,2023-03-27,23,M,23416.0,unemployed,0.8,SPb,partner,consumer,100000,24,22.0,5188.0,485.0,1,60.4,136,1
5545,80414,2024-07-27,32,M,62659.0,freelance,7.8,South,branch,consumer,220000,36,20.2,8198.0,592.0,2,64.4,4,0
5546,94095,2023-11-16,66,F,109537.0,employed,13.0,Ural,partner,car,670000,36,14.7,23127.0,724.0,3,73.4,0,0
5547,73307,2024-02-05,59,F,159526.0,employed,32.9,Moscow,partner,renovation,670000,36,16.6,23754.0,726.0,3,63.6,29,0
5548,83062,2024-01-17,34,M,120256.0,self_employed,15.3,Siberia,branch,education,300000,24,16.3,14732.0,594.0,1,53.8,16,0
5549,96432,2024-12-18,29,F,18000.0,unemployed,0.0,Siberia,online,car,350000,36,17.1,12496.0,511.0,5,76.0,215,1
5550,32923,2024-09-08,34,M,141280.0,employed,13.6,Moscow,online,renovation,820000,24,17.1,40582.0,690.0,2,64.9,0,0
5551,79388,2023-11-14,30,F,79416.0,employed,11.5,Moscow,partner,consumer,280000,6,20.6,49510.0,573.0,0,51.1,218,1
5552,48574,2023-09-07,27,M,79959.0,freelance,5.0,Moscow,online,renovation,520000,48,18.9,15521.0,589.0,2,69.7,153,1
5553,44391,2024-06-08,55,M,118537.0,employed,35.9,Siberia,online,renovation,690000,48,16.4,19696.0,722.0,3,60.2,0,0
5554,54664,2024-11-05,21,F,89830.0,employed,2.3,SPb,online,consumer,270000,12,17.1,24638.0,708.0,0,28.0,0,0
5555,68384,2024-07-08,25,M,33048.0,unemployed,0.9,Ural,branch,car,350000,48,17.5,10190.0,490.0,0,71.0,27,0
5556,32027,2024-09-14,49,M,67086.0,freelance,30.9,Ural,branch,consumer,270000,48,19.0,8073.0,729.0,0,61.7,28,0
5557,36464,2024-12-17,19,M,57021.0,employed,0.0,Siberia,online,consumer,170000,12,18.9,15659.0,593.0,1,39.1,6,0
5558,35485,2023-09-13,60,M,135855.0,employed,40.0,Siberia,branch,education,400000,60,15.1,9537.0,680.0,2,41.0,0,0
5559,20456,2023-11-03,28,F,68677.0,employed,0.0,Ural,branch,consumer,180000,36,18.6,6562.0,698.0,1,36.4,0,0
5560,75795,2023-05-24,33,F,32954.0,unemployed,0.6,SPb,online,consumer,130000,12,21.7,12149.0,525.0,0,46.8,199,1
5561,36554,2024-10-19,52,M,56940.0,unemployed,1.0,Moscow,partner,consumer,160000,60,21.8,4401.0,522.0,1,57.7,134,1
5562,47922,2024-01-26,52,F,72475.0,freelance,23.7,Ural,partner,car,550000,36,15.3,19147.0,689.0,2,66.0,34,0
5563,14409,2024-11-06,44,F,100831.0,employed,25.9,Ural,partner,consumer,440000,24,19.0,22180.0,607.0,0,50.5,30,0
5564,70327,2023-06-18,29,F,79204.0,employed,10.7,Moscow,online,consumer,320000,36,18.3,11617.0,725.0,2,44.9,0,0
5565,92400,2023-10-25,55,F,149947.0,self_employed,35.7,SPb,partner,education,450000,24,17.6,22379.0,629.0,2,64.3,146,1
5566,37639,2023-08-21,26,F,49556.0,employed,1.9,Siberia,online,renovation,270000,36,18.1,9775.0,634.0,2,57.3,0,0
5567,64627,2023-09-28,31,M,69263.0,self_employed,7.5,Ural,online,consumer,310000,36,20.3,11568.0,597.0,1,44.4,7,0
5568,84424,2023-03-01,39,M,98477.0,self_employed,19.6,SPb,branch,consumer,320000,24,20.3,16334.0,604.0,4,70.7,111,1
5569,20692,2023-10-23,43,M,190019.0,employed,24.3,Moscow,partner,car,1480000,48,15.4,41490.0,632.0,5,84.8,184,1
5570,90037,2024-04-11,23,F,26589.0,unemployed,0.1,Ural,online,education,90000,24,18.7,4524.0,458.0,3,60.9,30,0
5571,79840,2023-08-23,27,F,76659.0,employed,6.3,Ural,online,education,260000,36,17.2,9296.0,564.0,0,51.1,17,0
5572,55200,2024-11-07,60,F,118894.0,self_employed,41.9,SPb,branch,consumer,360000,24,18.2,18007.0,691.0,1,48.0,15,0
5573,94063,2024-12-06,25,F,95979.0,employed,2.1,Moscow,online,car,730000,36,13.0,24597.0,662.0,0,49.1,0,0
5574,58415,2023-08-22,33,M,79249.0,self_employed,5.6,Moscow,partner,consumer,260000,48,20.7,8009.0,573.0,0,61.0,122,1
5575,19074,2024-01-03,22,F,48750.0,self_employed,3.9,SPb,partner,consumer,110000,60,20.0,2914.0,648.0,3,50.4,2,0
5576,16549,2024-11-25,41,M,88946.0,employed,22.0,South,partner,renovation,700000,36,17.5,25131.0,607.0,0,79.8,34,0
5577,30963,2023-08-20,35,M,97399.0,employed,11.9,Siberia,online,renovation,530000,48,17.4,15403.0,628.0,1,44.4,0,0
5578,92456,2024-05-05,26,M,55642.0,employed,5.4,South,branch,education,190000,48,15.3,5317.0,616.0,1,33.5,0,0
5579,97362,2024-09-10,19,F,83988.0,employed,0.0,Siberia,online,consumer,240000,36,19.5,8858.0,605.0,2,55.2,25,0
5580,53265,2024-05-17,33,M,89458.0,self_employed,7.6,SPb,online,consumer,240000,36,18.6,8749.0,660.0,1,51.9,0,0
5581,17061,2024-08-14,33,F,109730.0,employed,14.4,Ural,branch,renovation,660000,12,17.8,60446.0,581.0,1,60.5,14,0
5582,59226,2024-01-16,63,M,84025.0,employed,41.6,Moscow,online,consumer,320000,24,18.5,16053.0,718.0,1,57.5,42,0
5583,29810,2024-11-26,45,M,100717.0,employed,23.8,Siberia,branch,car,580000,48,14.8,16083.0,605.0,1,68.9,13,0
5584,61006,2024-03-03,46,F,69921.0,self_employed,27.6,SPb,partner,car,540000,36,15.3,18799.0,628.0,0,74.4,160,1
5585,23800,2024-11-27,33,F,62442.0,self_employed,14.7,Moscow,partner,consumer,230000,24,18.3,11516.0,671.0,2,45.7,15,0
5586,76476,2024-10-07,46,M,100455.0,employed,25.5,Moscow,branch,consumer,320000,24,17.4,15883.0,692.0,3,50.7,0,0
5587,70460,2023-12-30,19,M,61583.0,self_employed,13.9,Ural,online,car,430000,24,16.2,21095.0,581.0,4,69.5,4,0
5588,58767,2023-07-21,30,F,73439.0,freelance,9.6,SPb,online,consumer,380000,24,21.1,19545.0,536.0,2,65.1,0,0
5589,29054,2023-05-26,36,M,120625.0,employed,17.2,Moscow,branch,education,370000,36,17.4,13265.0,564.0,3,61.8,12,0
5590,76319,2024-09-30,21,F,70405.0,self_employed,0.6,Siberia,partner,car,750000,60,16.8,18559.0,506.0,0,83.9,188,1
5591,46397,2024-04-01,26,M,106495.0,employed,6.5,Ural,branch,renovation,520000,60,17.2,12979.0,586.0,1,51.1,11,0
5592,14233,2023-05-15,32,M,103175.0,employed,7.4,Moscow,online,education,330000,48,14.6,9117.0,720.0,1,40.2,4,0
5593,91020,2024-09-17,44,M,118884.0,employed,24.9,SPb,branch,consumer,380000,60,18.3,9712.0,722.0,5,53.2,12,0
5594,26068,2023-09-21,48,F,86963.0,employed,23.9,Siberia,partner,consumer,350000,12,19.6,32355.0,626.0,1,53.9,0,0
5595,66727,2023-03-05,42,F,54443.0,freelance,22.5,Moscow,online,renovation,250000,48,18.7,7436.0,597.0,0,52.6,0,0
5596,91610,2024-05-05,25,M,45906.0,employed,4.4,Siberia,partner,education,140000,36,16.6,4964.0,606.0,2,56.6,10,0
5597,71453,2024-10-08,56,F,130496.0,employed,37.0,Ural,branch,consumer,510000,48,18.3,15061.0,659.0,1,72.5,20,0
5598,26832,2023-02-10,19,F,63148.0,employed,0.0,Siberia,branch,education,200000,36,15.8,7012.0,630.0,0,34.2,4,0
5599,87242,2023-10-23,42,F,82169.0,self_employed,18.4,South,branch,car,610000,36,15.8,21386.0,649.0,2,56.7,40,0
5600,14682,2023-01-03,56,M,77004.0,self_employed,33.0,Siberia,partner,car,740000,36,15.3,25761.0,679.0,1,71.0,0,0
5601,93298,2024-12-06,20,M,71765.0,employed,0.0,Moscow,branch,renovation,400000,48,17.2,11583.0,632.0,2,45.6,22,0
5602,24383,2023-04-20,27,F,75595.0,freelance,7.9,SPb,branch,consumer,170000,60,18.6,4373.0,734.0,2,37.6,1,0
5603,59160,2023-08-09,21,M,35065.0,unemployed,0.0,SPb,online,car,420000,36,18.0,15184.0,512.0,2,74.3,195,1
5604,94332,2024-01-05,29,M,70433.0,employed,1.4,Ural,branch,consumer,270000,36,19.3,9938.0,643.0,2,41.3,14,0
5605,24666,2024-01-03,58,F,107609.0,freelance,36.9,South,partner,consumer,380000,60,20.3,10131.0,642.0,3,61.7,0,0
5606,59817,2024-03-11,23,M,75327.0,employed,0.0,Moscow,branch,consumer,220000,48,18.7,6543.0,630.0,1,40.5,15,0
5607,92198,2023-01-04,21,M,33665.0,employed,1.9,South,online,consumer,120000,24,19.6,6084.0,606.0,4,48.3,45,0
5608,35642,2023-09-01,48,M,85607.0,employed,24.4,South,online,car,770000,36,13.8,26242.0,716.0,0,55.5,9,0
5609,42830,2023-06-15,22,F,54879.0,employed,0.2,South,branch,car,600000,36,15.1,20829.0,690.0,4,66.7,144,1
5610,11234,2023-01-26,27,M,21130.0,unemployed,0.1,Siberia,branch,consumer,80000,24,21.9,4146.0,505.0,0,59.5,182,1
5611,58616,2024-01-30,66,F,114435.0,employed,44.3,SPb,online,consumer,420000,24,17.5,20867.0,734.0,1,54.3,0,0
5612,10221,2024-04-18,25,F,83461.0,self_employed,5.0,Moscow,branch,consumer,290000,48,19.4,8732.0,635.0,1,51.4,11,0
5613,12410,2023-01-17,23,M,61279.0,employed,1.5,Ural,branch,consumer,170000,48,19.6,5137.0,575.0,0,43.2,14,0
5614,81055,2024-12-28,32,M,61158.0,self_employed,5.9,Ural,branch,consumer,170000,12,17.4,15537.0,672.0,0,31.0,0,0
5615,62413,2023-04-02,63,M,156658.0,employed,43.4,SPb,partner,consumer,550000,36,19.8,20384.0,659.0,3,76.7,37,0
417,79657,2023-12-24,65,F,-133116.0,self_employed,13.9,Moscow,branch,car,1500000,48,16.1,42587.0,651.0,3,84.8,0,0
5617,76301,2024-06-26,32,M,84218.0,employed,13.0,Moscow,partner,consumer,280000,12,18.3,25710.0,692.0,0,34.0,3,0
5618,77918,2023-07-24,39,F,55505.0,freelance,21.0,Ural,branch,car,500000,48,16.8,14376.0,539.0,3,65.8,201,1
5619,79116,2024-05-16,31,M,36203.0,freelance,11.0,South,partner,consumer,130000,24,19.1,6559.0,661.0,4,65.2,11,0
5620,57563,2024-02-04,34,M,87519.0,self_employed,10.3,SPb,online,consumer,250000,48,17.6,7292.0,736.0,1,38.6,0,0
5621,98859,2023-07-26,50,M,75746.0,employed,31.1,Siberia,online,consumer,220000,6,19.2,38747.0,620.0,2,40.1,34,0
5622,45757,2024-09-10,26,F,100822.0,employed,13.0,Ural,branch,consumer,270000,24,17.1,13362.0,696.0,0,24.1,0,0
5623,78475,2023-05-26,27,M,104314.0,freelance,6.6,Moscow,branch,consumer,350000,12,20.6,32523.0,610.0,4,70.6,2,0
5624,52257,2023-04-11,27,M,121742.0,employed,8.0,Moscow,online,renovation,650000,36,18.6,23695.0,592.0,0,72.7,11,0
5625,96500,2023-08-29,67,F,104467.0,employed,45.0,Siberia,online,consumer,320000,24,17.7,15929.0,744.0,1,36.5,6,0
5626,1307,2023-06-12,61,F,122376.0,employed,42.8,Moscow,online,consumer,480000,60,17.9,12163.0,767.0,4,49.3,18,0
5627,57889,2023-06-22,42,F,76854.0,employed,21.7,South,branch,consumer,270000,12,17.5,24689.0,771.0,1,35.0,0,0
5628,69895,2024-05-16,28,F,58122.0,employed,8.2,South,online,education,160000,36,13.6,5437.0,718.0,0,24.9,14,0
5629,96184,2024-06-30,61,F,67814.0,self_employed,42.0,SPb,online,consumer,120000,48,19.0,3588.0,657.0,0,36.0,28,0
5630,36944,2023-10-11,33,M,84331.0,employed,4.4,SPb,branch,education,210000,48,14.1,5749.0,723.0,0,22.0,8,0
5631,39134,2023-12-25,45,M,56888.0,employed,21.9,Ural,partner,consumer,190000,36,19.9,7051.0,638.0,1,37.6,16,0
5632,28323,2024-01-16,26,F,100004.0,employed,5.8,Ural,partner,renovation,580000,48,18.5,17189.0,637.0,2,81.3,159,1
5633,72762,2024-06-16,44,M,78669.0,employed,23.8,Moscow,branch,car,710000,48,14.2,19473.0,664.0,1,69.6,11,0
5634,88225,2023-06-12,25,F,99787.0,self_employed,6.4,Moscow,online,car,880000,24,15.6,42920.0,625.0,1,70.5,34,0
5635,97507,2024-08-31,35,M,52242.0,employed,13.9,Ural,online,consumer,170000,36,17.8,6129.0,641.0,0,25.0,17,0
5636,26954,2023-11-03,47,M,83354.0,self_employed,19.8,Siberia,branch,education,280000,24,15.5,13643.0,670.0,2,56.2,15,0
5637,56021,2023-12-05,33,M,141642.0,employed,8.1,Moscow,online,car,1370000,60,16.2,33461.0,584.0,4,84.8,221,1
5638,90959,2023-02-24,34,M,70193.0,employed,15.7,Siberia,branch,car,530000,60,14.4,12442.0,676.0,1,81.2,23,0
5639,96927,2023-11-29,27,F,89872.0,employed,8.8,South,branch,car,850000,36,15.6,29716.0,634.0,1,76.4,20,0
5640,80866,2023-05-07,20,M,70555.0,employed,0.0,Moscow,partner,consumer,280000,36,18.4,10179.0,653.0,0,40.3,0,0
5641,71427,2024-12-05,46,M,65229.0,freelance,27.3,SPb,online,renovation,400000,36,18.6,14582.0,612.0,0,56.0,10,0
5642,5992,2023-08-31,43,F,104071.0,employed,22.6,South,branch,consumer,300000,24,19.1,15137.0,649.0,0,59.0,17,0
5643,2961,2024-08-22,26,M,76084.0,self_employed,7.8,SPb,online,consumer,230000,48,19.1,6889.0,607.0,0,44.8,16,0
5644,13497,2024-02-13,31,F,41407.0,unemployed,0.1,Moscow,partner,car,400000,60,15.4,9600.0,654.0,2,63.3,10,0
5645,33551,2024-05-17,32,F,67930.0,self_employed,13.6,Siberia,branch,consumer,220000,24,20.6,11262.0,534.0,2,48.4,9,0
5646,77384,2024-12-27,21,F,77140.0,employed,0.0,SPb,online,education,210000,48,16.1,5962.0,583.0,5,60.1,0,0
5647,56755,2024-08-26,33,F,136931.0,employed,14.8,Siberia,partner,consumer,550000,36,18.4,19994.0,680.0,5,70.0,106,1
5648,14255,2023-10-30,66,M,48012.0,unemployed,0.6,Moscow,partner,car,540000,48,18.0,15862.0,564.0,1,76.8,184,1
5649,5567,2024-04-08,45,F,79679.0,self_employed,24.8,Ural,online,car,820000,36,15.8,28748.0,619.0,0,71.6,0,0
5650,49847,2023-08-23,51,F,93382.0,self_employed,32.9,SPb,partner,car,880000,60,16.9,21823.0,575.0,1,82.6,242,1
5651,49003,2024-11-26,42,F,74121.0,employed,23.3,South,branch,consumer,220000,36,17.3,7876.0,704.0,3,37.4,0,0
5652,21389,2023-02-07,23,M,61837.0,freelance,4.6,Ural,branch,consumer,250000,48,21.8,7849.0,497.0,2,67.6,146,1
5653,45523,2023-05-19,42,F,88639.0,self_employed,23.9,Ural,branch,education,340000,24,16.7,16761.0,628.0,2,50.3,18,0
5654,62576,2023-07-14,42,F,90205.0,employed,13.4,Moscow,branch,renovation,380000,48,16.7,10906.0,697.0,2,35.1,18,0
5655,44919,2024-06-10,41,F,75837.0,self_employed,21.2,South,branch,car,690000,48,15.0,19203.0,676.0,0,70.7,2,0
5656,83103,2024-10-08,39,M,134343.0,employed,15.1,Moscow,partner,consumer,350000,60,19.6,9195.0,574.0,1,47.6,0,0
5657,4358,2023-01-01,31,M,105932.0,employed,11.7,Moscow,partner,education,240000,24,15.9,11740.0,610.0,0,48.7,0,0
5658,89535,2024-07-14,48,F,64759.0,freelance,29.9,Moscow,branch,car,680000,60,15.6,16392.0,645.0,4,81.2,0,0
5659,77524,2023-04-06,23,M,77123.0,employed,1.4,South,partner,consumer,300000,24,19.9,15254.0,603.0,0,51.2,134,1
5660,98057,2024-12-13,41,M,81603.0,employed,22.9,Siberia,online,consumer,220000,6,17.8,38594.0,653.0,0,36.0,14,0
5661,6698,2024-02-17,36,F,77111.0,employed,15.6,South,branch,car,680000,36,15.3,23672.0,664.0,3,71.8,0,0
5662,67809,2024-06-21,55,M,133108.0,employed,36.6,Moscow,online,car,1100000,48,14.9,30558.0,640.0,4,83.7,19,0
5663,94079,2024-03-04,37,M,105316.0,employed,15.7,Ural,online,consumer,220000,12,17.2,20086.0,819.0,2,39.2,5,0
5664,56805,2023-08-23,49,M,24114.0,unemployed,0.1,Ural,branch,consumer,100000,24,23.0,5237.0,445.0,5,75.1,219,1
5665,32349,2023-12-15,38,M,88657.0,employed,10.6,Ural,partner,consumer,340000,24,19.2,17172.0,672.0,0,33.4,20,0
5666,77777,2024-04-25,19,M,65778.0,employed,0.0,Ural,online,consumer,240000,48,19.2,7201.0,607.0,2,50.3,135,1
5667,51248,2024-01-31,45,M,101268.0,self_employed,24.7,Ural,online,car,1030000,36,15.5,35958.0,631.0,0,74.7,182,1
5668,76033,2023-12-17,38,M,75042.0,employed,19.9,South,partner,consumer,220000,36,19.1,8075.0,643.0,1,48.1,0,0
5669,99239,2024-02-20,44,F,129348.0,employed,21.6,Ural,partner,consumer,360000,36,19.0,13196.0,701.0,1,43.9,16,0
5670,45041,2023-02-20,67,F,136338.0,employed,39.6,South,online,consumer,450000,48,18.0,13219.0,762.0,3,60.4,21,0
5671,32954,2023-03-22,48,M,114169.0,employed,28.3,Siberia,branch,consumer,360000,48,18.7,10707.0,686.0,0,51.6,9,0
5672,9002,2023-02-05,34,M,80229.0,employed,11.3,South,branch,consumer,410000,24,19.6,20787.0,595.0,1,56.7,10,0
5673,70783,2023-03-08,19,M,81483.0,employed,0.0,Ural,online,consumer,210000,24,19.8,10668.0,627.0,2,58.3,2,0
5674,88234,2024-10-02,27,F,46334.0,employed,13.0,Ural,partner,consumer,140000,36,18.6,5104.0,703.0,2,70.3,12,0
5675,20738,2024-10-28,23,F,76127.0,freelance,0.7,Moscow,partner,consumer,280000,6,20.7,49524.0,529.0,1,57.9,170,1
5676,11703,2024-09-14,51,M,99095.0,employed,32.3,Siberia,branch,consumer,330000,48,18.6,9798.0,622.0,3,57.6,30,0
5677,50422,2024-11-10,30,M,38992.0,unemployed,0.7,Moscow,partner,education,110000,60,17.5,2763.0,530.0,0,55.9,174,1
5678,84106,2024-04-25,35,F,100674.0,self_employed,16.5,Moscow,branch,car,1110000,24,14.0,53294.0,723.0,0,81.2,0,0
5679,62899,2024-04-12,27,F,88062.0,employed,5.3,Ural,partner,car,900000,60,15.6,21695.0,596.0,0,75.6,11,0
5680,13392,2023-05-22,33,M,25664.0,unemployed,1.1,Ural,branch,consumer,80000,24,22.2,4158.0,465.0,3,60.0,254,1
5681,45724,2023-12-22,24,F,70298.0,employed,0.0,Ural,branch,renovation,430000,60,17.8,10872.0,621.0,1,42.5,20,0
5682,33299,2024-12-09,28,F,64370.0,employed,4.7,Ural,online,renovation,420000,48,16.3,11968.0,688.0,1,51.6,7,0
5683,16641,2024-04-15,26,F,84757.0,employed,4.6,Ural,online,consumer,260000,48,19.5,7843.0,574.0,0,47.3,146,1
5684,80534,2024-09-12,20,M,59733.0,self_employed,1.7,Siberia,branch,renovation,370000,12,18.3,33974.0,565.0,0,62.3,0,0
5685,7305,2024-08-13,64,F,64851.0,employed,40.8,Siberia,partner,consumer,160000,6,17.1,28012.0,743.0,2,32.6,18,0
5686,99262,2024-11-03,21,M,43922.0,employed,0.0,Siberia,partner,car,350000,12,14.8,31557.0,618.0,2,53.4,10,0
5687,19782,2024-03-14,38,F,116733.0,employed,16.5,SPb,branch,renovation,650000,36,15.9,22820.0,751.0,0,61.0,23,0
5688,79257,2024-06-14,33,F,61896.0,self_employed,3.8,Moscow,online,education,210000,60,15.4,5040.0,672.0,0,39.2,21,0
5689,78963,2023-05-07,41,M,69701.0,employed,22.7,Ural,branch,consumer,170000,12,19.6,15715.0,608.0,2,42.6,0,0
5690,21566,2023-07-24,31,F,108059.0,employed,9.3,Moscow,branch,education,360000,24,15.3,17507.0,673.0,1,58.3,34,0
5691,68766,2023-01-29,19,M,50504.0,employed,0.0,South,partner,consumer,170000,48,19.3,5110.0,647.0,1,45.9,27,0
5692,7511,2024-03-20,19,M,58479.0,freelance,0.5,Siberia,branch,education,140000,60,17.6,3525.0,552.0,1,55.4,234,1
5693,27177,2024-12-19,45,M,56489.0,employed,23.8,Siberia,partner,renovation,390000,36,17.5,14002.0,588.0,0,65.5,9,0
5694,5765,2024-04-08,43,M,106984.0,employed,20.2,Moscow,online,education,250000,60,14.5,5882.0,690.0,0,48.9,0,0
5695,21354,2023-10-07,23,M,66841.0,freelance,4.5,Ural,branch,consumer,170000,6,19.5,29966.0,660.0,1,57.5,216,1
5696,24929,2023-05-31,50,F,164270.0,employed,27.3,Ural,partner,education,450000,60,15.4,10800.0,711.0,1,41.9,0,0
5697,29820,2023-08-28,66,M,168135.0,self_employed,45.0,Moscow,online,renovation,940000,24,17.7,46793.0,676.0,1,75.7,22,0
5698,30523,2023-09-23,33,M,18000.0,unemployed,0.4,Siberia,online,consumer,50000,12,20.8,4651.0,578.0,1,39.8,18,0
5699,72088,2024-11-24,31,M,59481.0,freelance,8.2,Ural,online,consumer,210000,24,19.1,10596.0,670.0,3,65.0,0,0
5700,67163,2023-04-15,67,M,137708.0,employed,45.0,Moscow,branch,consumer,520000,48,19.1,15576.0,684.0,3,60.2,172,1
5701,78525,2024-03-08,64,M,100977.0,employed,43.5,SPb,online,car,740000,36,13.9,25256.0,788.0,0,77.2,0,0
5702,14780,2024-05-11,27,M,60697.0,employed,7.3,Moscow,branch,consumer,220000,24,18.5,11037.0,617.0,1,44.5,28,0
5703,7589,2024-03-15,22,M,33481.0,unemployed,0.9,SPb,online,consumer,110000,24,20.8,5642.0,579.0,0,45.1,7,0
5704,35812,2024-11-15,32,M,20226.0,unemployed,0.8,Moscow,online,consumer,50000,12,20.8,4651.0,519.0,2,49.1,18,0
5705,94664,2023-06-07,29,F,96828.0,employed,10.1,SPb,branch,consumer,210000,12,18.5,19303.0,666.0,1,42.8,5,0
417,79657,2023-12-24,65,F,-133116.0,self_employed,13.9,Moscow,branch,car,1500000,48,16.1,42587.0,651.0,3,84.8,0,0
5707,52493,2024-05-08,38,M,53779.0,freelance,14.0,South,partner,car,470000,36,16.8,16710.0,524.0,0,70.9,29,0
5708,94326,2023-11-07,28,M,67932.0,employed,9.5,Moscow,online,consumer,170000,60,20.0,4504.0,580.0,3,51.8,1,0
5709,41953,2024-02-07,24,F,106850.0,employed,5.6,Moscow,branch,consumer,470000,24,18.8,23646.0,614.0,2,55.6,0,0
5710,66785,2024-10-30,32,M,66937.0,employed,13.7,Moscow,online,consumer,220000,12,17.0,20065.0,688.0,0,30.6,24,0
5711,20309,2024-11-06,31,F,117702.0,employed,12.8,Moscow,online,consumer,270000,24,17.4,13401.0,673.0,0,44.5,0,0
5712,55195,2024-10-20,34,M,79146.0,freelance,16.0,SPb,online,consumer,260000,36,19.2,9557.0,627.0,0,53.5,25,0
5713,26901,2024-10-27,42,M,24259.0,unemployed,0.4,SPb,online,renovation,180000,36,19.0,6598.0,573.0,1,51.8,167,1
5714,24576,2024-04-07,26,F,117771.0,employed,7.4,Moscow,online,consumer,350000,12,17.7,32038.0,712.0,3,48.2,30,0
5715,32508,2024-01-02,36,F,99972.0,employed,17.1,Moscow,partner,consumer,350000,48,18.8,10428.0,650.0,2,48.0,12,0
5716,75711,2024-07-03,35,M,62245.0,employed,16.6,Ural,partner,renovation,290000,60,17.4,7270.0,616.0,2,57.4,28,0
5717,26464,2024-10-04,42,M,73045.0,freelance,23.7,SPb,online,consumer,220000,24,20.2,11219.0,584.0,2,59.5,13,0
5718,61281,2023-09-12,29,M,58386.0,self_employed,8.7,SPb,online,consumer,150000,24,18.5,7525.0,702.0,1,41.7,0,0
5719,17260,2023-07-27,35,F,111281.0,employed,13.2,South,online,car,1200000,36,14.8,41481.0,688.0,2,83.4,0,0
5720,36440,2024-03-25,33,F,81179.0,self_employed,12.0,Ural,branch,car,850000,60,15.8,20580.0,653.0,3,77.7,12,0
5721,96082,2023-04-05,22,M,113150.0,employed,1.6,SPb,branch,consumer,550000,24,20.3,28073.0,528.0,2,56.7,127,1
5722,57683,2024-04-22,38,M,105939.0,employed,18.3,Moscow,branch,car,800000,48,13.3,21581.0,722.0,2,64.8,0,0
5723,42430,2024-11-13,23,M,18039.0,unemployed,1.2,SPb,partner,car,350000,60,18.1,8907.0,459.0,2,78.1,90,1
5724,2987,2023-07-09,34,M,81038.0,employed,9.0,South,partner,car,740000,24,16.5,36410.0,551.0,4,81.9,0,0
5725,26105,2024-12-11,24,M,87653.0,employed,3.0,South,branch,education,230000,24,15.6,11218.0,550.0,1,41.4,0,0
5726,79484,2024-04-28,29,F,81770.0,employed,13.0,SPb,online,education,300000,24,14.5,14475.0,717.0,0,39.3,10,0
5727,14026,2024-06-19,29,M,70445.0,employed,8.5,Moscow,branch,car,580000,36,14.5,19964.0,665.0,3,63.3,0,0
5728,69309,2024-02-27,21,M,75361.0,self_employed,0.8,South,branch,education,230000,24,16.2,11284.0,617.0,0,40.3,48,0
5729,46927,2024-10-01,33,F,69832.0,self_employed,13.2,Moscow,online,car,810000,48,14.0,22134.0,701.0,0,54.7,14,0
5730,76414,2024-08-27,35,M,54707.0,freelance,14.5,Moscow,online,car,600000,24,16.2,29435.0,579.0,0,75.4,0,0
5731,58535,2023-05-13,40,M,115740.0,employed,18.7,Moscow,partner,renovation,950000,60,17.3,23763.0,677.0,0,64.5,27,0
5732,43946,2023-02-24,35,M,75521.0,employed,16.9,Ural,branch,education,290000,12,14.6,26120.0,727.0,1,29.5,11,0
5733,57561,2024-05-24,21,M,72118.0,employed,1.0,SPb,online,education,250000,24,17.4,12409.0,543.0,3,53.9,157,1
5734,11377,2024-10-31,23,F,56845.0,freelance,0.0,Moscow,online,renovation,230000,24,18.7,11560.0,579.0,0,57.6,23,0
5735,54592,2024-06-24,49,F,58420.0,employed,28.7,Siberia,partner,car,650000,48,13.1,17470.0,759.0,0,46.7,11,0
5736,8347,2024-02-14,45,M,64427.0,freelance,26.8,Ural,online,consumer,190000,6,21.3,33663.0,591.0,1,67.2,0,0
5737,34776,2023-07-30,21,M,48360.0,employed,0.0,South,branch,car,430000,12,14.5,38710.0,635.0,1,47.4,22,0
5738,4783,2024-10-27,21,M,94377.0,employed,0.0,SPb,branch,renovation,500000,60,17.8,12642.0,614.0,3,63.2,29,0
5739,56798,2023-10-20,29,F,98832.0,employed,5.3,Siberia,branch,consumer,360000,24,19.7,18270.0,577.0,2,50.0,13,0
5740,5298,2023-04-25,43,M,33764.0,unemployed,0.4,SPb,partner,consumer,160000,24,22.0,8301.0,532.0,0,69.9,22,0
5741,71204,2024-10-31,23,M,95241.0,employed,2.7,Moscow,online,consumer,320000,24,18.4,16038.0,665.0,1,31.2,7,0
5742,87207,2023-09-16,61,M,150262.0,employed,13.0,Moscow,branch,renovation,770000,60,17.9,19511.0,659.0,2,69.8,1,0
5743,56161,2023-05-02,67,M,138892.0,employed,45.0,Ural,online,car,1150000,48,15.5,32298.0,680.0,0,84.0,9,0
5744,61652,2023-10-26,66,F,93497.0,employed,44.7,Siberia,branch,consumer,310000,12,18.3,28465.0,733.0,2,34.2,9,0
5745,35484,2024-01-16,47,F,90524.0,employed,28.3,Moscow,online,education,210000,60,15.3,5029.0,660.0,3,51.1,23,0
5746,99614,2024-07-14,44,F,101900.0,employed,20.4,Siberia,branch,car,910000,48,14.6,25142.0,606.0,3,79.3,2,0
5747,21922,2024-05-15,25,M,75346.0,employed,1.3,Siberia,partner,renovation,470000,24,17.6,23374.0,634.0,0,67.9,34,0
5748,35028,2023-10-24,29,F,79883.0,employed,9.4,Moscow,partner,car,780000,36,14.7,26925.0,727.0,3,70.9,2,0
5749,21316,2023-12-28,21,F,114674.0,employed,2.6,Moscow,partner,renovation,770000,24,17.5,38256.0,635.0,1,69.5,16,0
5750,77996,2024-08-11,49,F,113475.0,employed,28.2,Moscow,branch,renovation,600000,60,15.3,14369.0,766.0,1,51.4,20,0
5751,17968,2024-04-07,32,M,80307.0,self_employed,12.7,Ural,partner,education,220000,12,16.8,20044.0,585.0,2,58.3,33,0
5752,31266,2024-03-13,28,F,55617.0,employed,13.0,Ural,branch,consumer,180000,24,18.1,8995.0,695.0,1,33.5,0,0
5753,96745,2023-05-07,31,M,81041.0,employed,11.9,SPb,partner,consumer,250000,48,19.2,7501.0,641.0,2,50.9,14,0
5754,25000,2023-07-16,29,F,105107.0,employed,10.1,Moscow,branch,renovation,710000,60,17.1,17684.0,698.0,1,63.1,0,0
5755,15011,2023-08-09,30,M,66650.0,employed,5.9,SPb,branch,renovation,330000,24,16.6,16253.0,680.0,2,40.1,0,0
5756,3866,2023-04-01,32,F,77111.0,self_employed,11.1,Ural,partner,consumer,200000,6,20.1,35315.0,627.0,4,47.5,18,0
5757,6898,2024-02-15,19,F,106169.0,self_employed,0.7,Moscow,branch,consumer,490000,24,20.6,25083.0,557.0,0,77.3,15,0
5758,19395,2023-01-08,28,M,87410.0,self_employed,6.5,South,online,renovation,720000,60,18.9,18638.0,575.0,1,83.2,178,1
5759,40019,2024-06-27,37,M,83575.0,employed,14.8,Moscow,online,car,780000,48,14.7,21590.0,672.0,0,82.0,22,0
5760,5006,2024-04-12,29,M,94480.0,employed,13.0,Ural,partner,renovation,610000,60,18.2,15556.0,581.0,1,63.2,116,1
5761,35393,2023-11-16,29,M,118170.0,employed,0.7,Moscow,online,car,800000,48,16.5,22878.0,591.0,1,75.7,6,0
5762,11956,2024-01-29,26,M,95128.0,employed,6.6,Moscow,partner,consumer,380000,60,18.5,9753.0,668.0,2,45.7,18,0
5763,51042,2023-09-26,38,M,117526.0,employed,11.5,SPb,branch,renovation,580000,24,16.9,28649.0,706.0,1,54.7,11,0
5764,97199,2023-07-10,48,F,106603.0,employed,29.0,Ural,partner,car,1060000,60,16.7,26173.0,583.0,3,83.5,1,0
5765,7078,2024-11-05,42,M,71853.0,freelance,21.2,Moscow,online,car,500000,36,15.8,17529.0,636.0,1,65.5,13,0
5766,30631,2023-03-02,27,F,140225.0,employed,6.8,SPb,branch,renovation,850000,24,17.5,42230.0,697.0,2,78.0,0,0
5767,96676,2024-03-13,21,F,37862.0,unemployed,0.9,SPb,branch,consumer,170000,48,21.6,5319.0,520.0,1,62.4,162,1
5768,63901,2023-09-21,19,F,113445.0,employed,0.0,SPb,partner,car,810000,24,15.9,39621.0,600.0,0,76.9,123,1
5769,70497,2023-04-05,19,F,78789.0,freelance,0.4,South,branch,consumer,180000,60,20.6,4829.0,524.0,2,64.4,134,1
5770,95813,2024-07-06,61,M,214191.0,employed,37.6,SPb,partner,consumer,550000,36,16.7,19527.0,797.0,1,43.0,47,0
417,79657,2023-12-24,65,F,-133116.0,self_employed,13.9,Moscow,branch,car,1500000,48,16.1,42587.0,651.0,3,84.8,0,0
5772,32417,2024-10-22,43,M,63708.0,employed,18.5,Ural,branch,car,500000,48,14.5,13789.0,625.0,2,59.8,23,0
5773,89020,2024-12-16,27,F,41212.0,employed,8.6,Siberia,partner,education,160000,24,16.8,7895.0,533.0,1,65.5,185,1
5774,84639,2024-05-28,49,F,57191.0,employed,28.5,SPb,branch,car,550000,36,12.8,18479.0,712.0,1,45.2,0,0
5775,66006,2024-11-20,53,F,36056.0,unemployed,0.3,Moscow,branch,consumer,90000,36,19.1,3304.0,630.0,0,38.3,10,0
5776,95881,2023-07-13,37,M,39292.0,unemployed,0.2,Moscow,online,consumer,180000,48,22.2,5691.0,492.0,0,51.0,0,0
5777,40454,2024-04-26,56,F,119110.0,employed,32.4,Ural,online,consumer,220000,24,18.1,10994.0,724.0,1,40.9,1,0
5778,2587,2023-12-02,38,F,58782.0,self_employed,17.3,South,branch,education,240000,60,17.0,5965.0,564.0,1,47.5,8,0
5779,55710,2024-03-10,35,F,133766.0,employed,15.5,Moscow,online,consumer,420000,24,18.7,21110.0,657.0,2,54.7,12,0
5780,87567,2023-07-15,25,M,45045.0,employed,5.8,Ural,online,car,470000,48,17.1,13586.0,509.0,2,75.9,135,1
5781,92748,2023-09-06,66,F,69887.0,employed,45.0,Ural,branch,consumer,310000,48,17.8,9074.0,734.0,1,27.3,6,0
5782,76886,2024-05-12,43,M,24675.0,unemployed,0.1,Ural,online,car,350000,36,17.1,12496.0,534.0,1,78.3,165,1
5783,19816,2023-07-31,42,F,73449.0,employed,22.6,Moscow,online,consumer,190000,36,18.6,6926.0,696.0,4,42.2,0,0
5784,86824,2024-10-26,28,F,61473.0,employed,8.8,Moscow,branch,car,500000,48,13.6,13563.0,633.0,1,54.7,5,0
5785,30432,2024-10-31,38,M,91059.0,employed,11.0,Moscow,online,car,850000,36,12.8,28558.0,756.0,0,56.3,5,0
5786,49617,2024-04-10,41,M,76076.0,employed,22.0,Moscow,branch,consumer,350000,60,16.2,8549.0,810.0,3,31.2,16,0
5787,73373,2024-10-12,48,F,134230.0,employed,23.7,Moscow,online,consumer,420000,12,17.4,38386.0,701.0,0,48.3,13,0
5788,35217,2023-08-09,44,M,116547.0,employed,14.9,Moscow,branch,renovation,730000,12,17.6,66788.0,703.0,2,54.5,16,0
5789,21884,2023-09-30,23,M,77785.0,employed,0.0,Moscow,online,car,490000,60,16.4,12020.0,565.0,4,78.0,150,1
5790,6454,2023-06-03,64,F,90189.0,employed,45.0,Ural,partner,car,740000,60,15.1,17643.0,670.0,2,63.2,17,0
5791,75960,2023-09-06,35,F,100924.0,employed,10.9,South,online,consumer,420000,24,19.4,21253.0,650.0,3,43.3,0,0
5792,44618,2023-10-06,32,F,71127.0,employed,13.3,South,branch,car,660000,48,15.0,18368.0,643.0,1,57.7,18,0
5793,84948,2024-03-15,41,M,54021.0,freelance,21.7,Moscow,partner,consumer,210000,12,20.4,19493.0,685.0,1,79.3,0,0
5794,63671,2023-10-03,23,M,66741.0,employed,0.0,Moscow,online,consumer,170000,24,20.5,8694.0,594.0,0,41.8,25,0
5795,48111,2024-05-28,20,F,55456.0,freelance,0.4,South,branch,renovation,280000,24,19.6,14196.0,544.0,2,73.6,0,0
5796,40613,2023-03-29,39,F,98776.0,employed,17.8,SPb,online,consumer,290000,48,19.5,8748.0,560.0,2,50.2,0,0
5797,86678,2024-10-03,41,F,58583.0,employed,21.9,South,branch,renovation,390000,60,16.6,9609.0,632.0,1,57.9,38,0
5798,60993,2024-05-19,23,F,58321.0,employed,3.6,Ural,partner,consumer,250000,24,19.9,12712.0,579.0,3,62.5,25,0
5799,9848,2024-08-12,66,M,86875.0,self_employed,45.0,South,online,consumer,240000,36,17.9,8665.0,685.0,0,34.0,10,0
5800,79672,2023-08-29,25,M,84763.0,freelance,0.0,SPb,online,education,310000,12,18.2,28450.0,565.0,0,51.6,0,0
5801,67125,2024-10-14,22,F,92287.0,employed,3.0,Ural,branch,consumer,310000,24,17.4,15387.0,649.0,0,41.2,55,0
5802,87444,2024-11-05,23,M,74170.0,employed,4.1,Ural,partner,consumer,230000,36,18.2,8338.0,658.0,3,52.2,10,0
5803,62602,2023-08-24,35,F,101372.0,self_employed,16.9,Moscow,partner,car,820000,48,15.4,22988.0,670.0,0,71.0,10,0
5804,73045,2023-05-08,35,F,65962.0,employed,16.3,Siberia,partner,education,210000,36,14.0,7177.0,758.0,0,32.2,6,0
5805,43222,2024-05-17,62,F,73989.0,self_employed,43.1,Moscow,branch,car,550000,48,13.9,15002.0,705.0,2,52.9,17,0
5806,50223,2023-07-19,31,F,65812.0,employed,12.8,SPb,partner,education,230000,48,16.8,6613.0,618.0,2,57.5,22,0
5807,66333,2024-06-26,27,M,70084.0,self_employed,6.5,South,branch,car,460000,24,15.9,22501.0,591.0,0,65.3,203,1
5808,53732,2024-05-16,61,F,101300.0,employed,42.6,Ural,branch,consumer,280000,24,17.9,13965.0,681.0,2,51.6,35,0
5809,50420,2024-10-11,42,F,128071.0,employed,21.9,Moscow,online,car,1460000,48,13.3,39386.0,766.0,1,84.7,20,0
5810,76504,2024-05-06,29,M,111896.0,self_employed,10.4,Moscow,online,consumer,300000,48,19.6,9065.0,622.0,0,49.1,0,0
5811,3462,2023-01-21,36,F,79278.0,employed,9.8,Moscow,branch,consumer,200000,48,18.3,5906.0,694.0,0,40.0,20,0
5812,10460,2023-08-22,32,M,122029.0,employed,12.9,Moscow,online,consumer,390000,60,18.8,10074.0,652.0,0,45.3,34,0
5813,10275,2024-12-14,27,F,97370.0,employed,8.7,Moscow,partner,consumer,350000,48,19.9,10632.0,541.0,3,61.8,193,1
5814,95213,2024-10-04,31,M,68292.0,employed,7.6,Siberia,branch,consumer,300000,48,19.6,9065.0,569.0,1,60.0,181,1
5815,14269,2024-02-20,32,F,139151.0,employed,12.5,Ural,online,consumer,380000,48,20.5,11665.0,581.0,1,63.1,18,0
5816,66942,2023-05-28,23,F,24896.0,unemployed,0.4,Moscow,online,consumer,80000,60,21.2,2173.0,560.0,2,47.0,110,1
5817,73920,2023-01-29,26,F,79832.0,self_employed,13.9,SPb,partner,consumer,210000,6,18.6,36923.0,705.0,2,36.1,174,1
5818,23553,2023-12-27,20,F,76086.0,employed,0.0,Moscow,partner,consumer,280000,24,19.7,14210.0,598.0,3,65.5,0,0
5819,25366,2023-11-04,23,F,57191.0,freelance,3.2,SPb,partner,education,210000,48,17.3,6092.0,587.0,0,56.4,0,0
5820,45036,2023-06-11,50,M,75529.0,employed,29.6,Ural,online,car,620000,60,12.9,14075.0,795.0,0,34.8,14,0
5821,18369,2023-03-02,50,M,78744.0,self_employed,30.5,South,online,consumer,170000,48,19.0,5083.0,676.0,3,46.7,27,0
5822,12795,2023-05-05,31,F,43281.0,employed,10.9,South,online,car,350000,24,14.1,16821.0,701.0,4,51.0,0,0
5823,71021,2024-03-31,29,M,71183.0,self_employed,7.6,SPb,online,car,630000,60,15.4,15120.0,709.0,1,72.8,208,1
5824,69154,2023-03-12,48,M,82642.0,self_employed,28.4,SPb,online,consumer,260000,12,20.1,24097.0,595.0,0,49.3,0,0
5825,31143,2024-04-10,33,M,83229.0,self_employed,11.5,Ural,partner,car,630000,24,14.5,30397.0,697.0,0,73.8,0,0
5826,30425,2023-08-31,19,M,73508.0,employed,0.0,SPb,online,renovation,750000,60,19.4,19621.0,535.0,0,77.3,278,1
5827,89209,2024-05-04,53,F,86437.0,employed,30.9,Moscow,partner,car,770000,36,14.8,26617.0,687.0,2,83.7,181,1
5828,76139,2023-08-09,19,F,101009.0,employed,0.0,Ural,branch,education,320000,48,16.7,9184.0,581.0,1,60.4,2,0
5829,6368,2024-04-17,22,M,99803.0,employed,4.0,Ural,online,consumer,210000,24,19.8,10668.0,583.0,1,59.1,4,0
5830,5621,2024-06-16,48,F,102828.0,employed,25.8,SPb,branch,renovation,480000,12,16.6,43687.0,650.0,1,51.5,0,0
5831,59829,2024-05-08,42,M,81158.0,self_employed,16.8,SPb,online,car,700000,48,15.0,19482.0,655.0,0,63.0,194,1
5832,61294,2023-03-23,30,F,54363.0,freelance,8.8,South,partner,car,460000,48,15.4,12896.0,639.0,0,55.3,0,0
5833,15719,2024-06-05,28,M,56255.0,employed,7.8,Ural,partner,car,550000,60,15.2,13142.0,576.0,1,57.5,11,0
5834,30227,2023-01-12,20,F,61617.0,employed,0.0,Siberia,branch,consumer,190000,48,19.3,5711.0,562.0,0,33.1,0,0
5835,8566,2023-09-20,52,M,50229.0,freelance,30.9,South,partner,car,490000,36,15.2,17034.0,714.0,1,51.0,21,0
5836,13306,2024-10-18,31,M,42595.0,freelance,0.0,Siberia,partner,consumer,130000,36,19.7,4811.0,623.0,1,61.1,0,0
5837,54822,2024-03-24,47,F,107970.0,employed,28.8,South,partner,consumer,350000,60,18.7,9022.0,696.0,1,40.6,2,0
5838,25042,2023-07-11,44,M,50762.0,employed,25.9,Siberia,online,consumer,130000,60,17.3,3252.0,788.0,0,22.1,0,0
5839,16086,2023-04-24,36,F,78942.0,self_employed,8.0,Moscow,online,consumer,190000,12,18.1,17428.0,723.0,2,46.4,0,0
5840,18387,2023-01-26,25,F,55859.0,freelance,5.3,Moscow,branch,education,200000,24,17.3,9917.0,580.0,2,74.3,20,0
5841,28042,2024-05-13,44,M,72784.0,employed,23.2,Moscow,online,consumer,210000,36,17.9,7581.0,714.0,2,42.7,2,0
5842,90424,2024-05-22,38,F,97141.0,self_employed,15.8,SPb,branch,consumer,250000,36,19.2,9189.0,628.0,1,38.8,46,0
5843,52618,2024-06-28,37,M,88623.0,self_employed,14.9,SPb,partner,education,210000,48,14.6,5802.0,715.0,1,32.9,36,0
5844,93050,2023-03-03,67,M,81441.0,employed,45.0,Siberia,online,consumer,320000,24,18.5,16053.0,635.0,0,39.7,17,0
5845,19323,2023-08-17,39,F,93769.0,self_employed,19.1,SPb,branch,consumer,310000,12,19.8,28687.0,550.0,1,47.9,0,0
5846,19019,2024-08-29,20,M,59393.0,employed,0.0,Siberia,partner,car,420000,36,14.4,14436.0,633.0,1,46.2,0,0
5847,76426,2023-02-04,29,F,65533.0,self_employed,7.1,South,branch,consumer,210000,48,20.4,6435.0,596.0,0,38.3,11,0
5848,41863,2024-12-05,37,M,114214.0,employed,13.3,Moscow,partner,car,960000,36,14.4,32997.0,683.0,2,77.7,17,0
5849,11283,2024-03-31,62,F,122467.0,employed,43.6,Moscow,branch,consumer,370000,24,19.1,18669.0,646.0,4,63.4,16,0
5850,19279,2024-08-10,40,M,119050.0,self_employed,21.0,South,online,car,1100000,60,15.6,26517.0,625.0,4,84.8,52,0
5851,47999,2024-05-16,33,M,89677.0,self_employed,13.5,Moscow,online,consumer,260000,48,19.0,7774.0,679.0,3,55.0,15,0
5852,63780,2024-08-17,35,F,33468.0,unemployed,0.1,Moscow,partner,renovation,210000,48,18.7,6246.0,589.0,3,66.9,4,0
417,79657,2023-12-24,65,F,-133116.0,self_employed,13.9,Moscow,branch,car,1500000,48,16.1,42587.0,651.0,3,84.8,0,0
5854,62584,2024-07-22,19,F,111612.0,employed,0.2,Moscow,branch,education,400000,12,16.7,36425.0,555.0,1,61.7,0,0
5855,51225,2023-02-01,31,F,26239.0,unemployed,0.0,Siberia,branch,consumer,100000,24,22.0,5188.0,500.0,2,66.1,98,1
5856,38952,2023-01-12,32,F,56045.0,self_employed,8.5,Ural,partner,car,500000,48,14.5,13789.0,674.0,0,53.6,0,0
5857,38663,2023-11-15,48,F,32570.0,unemployed,0.3,Moscow,online,renovation,210000,48,19.8,6368.0,513.0,0,57.7,177,1
5858,62381,2024-08-26,32,M,83358.0,employed,12.8,Ural,partner,education,230000,12,13.6,20608.0,713.0,2,41.1,0,0
5859,48929,2023-01-01,20,M,48799.0,employed,0.0,Moscow,online,car,360000,48,14.6,9946.0,688.0,1,42.3,18,0
5860,10343,2024-03-10,29,F,81441.0,employed,10.6,Moscow,online,education,260000,36,15.5,9077.0,650.0,2,49.4,24,0
5861,77173,2023-05-16,60,F,111095.0,freelance,40.5,Ural,partner,consumer,320000,12,19.7,29597.0,690.0,1,62.3,11,0
5862,40791,2023-07-15,19,M,44238.0,freelance,0.0,Ural,online,consumer,120000,24,22.1,6231.0,520.0,0,55.0,127,1
5863,30134,2023-05-13,46,M,103715.0,employed,24.0,SPb,online,consumer,260000,36,17.0,9270.0,767.0,3,30.8,28,0
5864,48101,2023-03-27,29,F,92726.0,employed,6.6,Siberia,partner,consumer,230000,24,18.9,11583.0,622.0,2,51.6,22,0
5865,70443,2024-04-20,41,F,100942.0,employed,21.1,Siberia,branch,consumer,280000,36,17.2,10011.0,720.0,1,40.7,39,0
5866,58530,2023-11-20,33,F,62295.0,self_employed,13.6,South,partner,car,450000,36,16.0,15821.0,638.0,3,64.8,2,0
5867,47799,2023-06-29,32,F,66474.0,employed,8.7,Ural,branch,car,420000,36,14.5,14457.0,628.0,0,46.8,9,0
5868,5827,2024-05-30,47,M,79389.0,self_employed,28.4,Moscow,online,consumer,200000,24,18.5,10033.0,686.0,1,38.3,50,0
5869,97143,2024-09-29,26,F,59983.0,employed,4.1,Siberia,partner,consumer,160000,24,20.1,8151.0,533.0,0,45.2,0,0
5870,63653,2023-06-24,29,F,66513.0,employed,4.4,Moscow,partner,education,160000,36,15.8,5609.0,683.0,0,45.0,15,0
5871,14699,2023-01-21,42,M,108948.0,employed,23.0,Moscow,branch,consumer,310000,24,18.3,15521.0,679.0,2,42.2,0,0
5872,92419,2023-04-15,32,M,73661.0,self_employed,13.3,Siberia,online,consumer,320000,36,21.3,12105.0,546.0,2,60.8,0,0
5873,6313,2024-07-31,60,M,83380.0,employed,39.8,South,online,consumer,280000,24,18.1,13992.0,702.0,1,40.3,32,0
5874,14598,2024-03-18,19,F,22278.0,unemployed,0.1,Moscow,online,consumer,80000,36,23.2,3105.0,390.0,3,67.1,192,1
5875,29807,2023-02-18,31,M,57834.0,self_employed,6.9,SPb,online,consumer,170000,24,19.7,8627.0,662.0,1,40.5,101,1
5876,71423,2024-06-11,58,M,84067.0,employed,39.2,Ural,partner,consumer,240000,36,19.1,8810.0,637.0,1,41.0,13,0
5877,70390,2023-05-25,30,M,67964.0,employed,10.9,South,partner,consumer,290000,48,19.2,8702.0,658.0,2,46.3,39,0
5878,46226,2023-12-06,30,M,25186.0,unemployed,0.4,Ural,branch,consumer,80000,24,23.1,4194.0,439.0,0,50.8,238,1
5879,60550,2023-12-20,29,M,79637.0,employed,10.3,Siberia,branch,renovation,470000,48,17.5,13684.0,678.0,1,55.5,0,0
5880,81072,2023-03-16,51,F,108767.0,employed,26.5,South,branch,consumer,290000,48,17.3,8413.0,776.0,3,50.1,6,0
5881,4558,2024-07-31,31,M,18688.0,unemployed,0.3,Ural,branch,consumer,90000,12,22.3,8436.0,461.0,0,55.9,11,0
5882,76308,2024-09-28,44,F,64614.0,self_employed,18.7,Siberia,online,renovation,490000,12,18.2,44970.0,605.0,3,78.6,12,0
5883,51113,2023-11-15,49,F,83895.0,employed,29.9,Ural,online,consumer,440000,60,19.5,11535.0,671.0,2,49.1,1,0
5884,53999,2023-03-28,21,F,41983.0,employed,2.2,Ural,online,renovation,220000,36,17.3,7876.0,619.0,3,55.6,29,0
5885,56878,2024-07-06,35,F,48012.0,freelance,15.1,Ural,branch,car,350000,60,15.8,8474.0,626.0,0,70.2,3,0
5886,37343,2024-11-28,62,M,90607.0,employed,42.6,Ural,online,education,270000,48,15.7,7610.0,643.0,2,68.0,5,0
5887,59219,2023-02-11,40,M,126040.0,employed,21.3,Ural,online,consumer,380000,6,19.0,66889.0,598.0,2,46.1,16,0
5888,36186,2023-04-03,40,M,114802.0,employed,20.8,Ural,partner,renovation,820000,36,19.4,30224.0,580.0,0,79.4,23,0
5889,37966,2024-11-27,64,F,123372.0,employed,42.3,Ural,partner,car,1500000,48,14.3,41216.0,713.0,2,84.8,44,0
5890,34769,2024-12-27,26,M,22181.0,unemployed,0.4,Moscow,online,car,350000,60,17.8,8850.0,446.0,1,73.5,214,1
5891,54218,2024-05-21,27,F,64705.0,self_employed,3.8,Ural,online,consumer,240000,24,20.0,12215.0,588.0,0,51.7,3,0
5892,20229,2024-06-12,50,F,72285.0,self_employed,27.8,SPb,branch,consumer,280000,24,20.3,14292.0,600.0,2,56.9,22,0
5893,76209,2023-09-22,60,F,37064.0,unemployed,1.0,Moscow,branch,renovation,190000,48,21.1,5894.0,499.0,0,62.1,194,1
5894,28877,2024-09-17,46,F,94606.0,employed,26.3,South,partner,consumer,300000,60,17.7,7569.0,697.0,4,41.6,5,0
5895,59001,2023-10-19,61,F,133718.0,employed,42.4,Moscow,partner,car,850000,48,14.2,23313.0,802.0,5,80.1,0,0
5896,98137,2024-04-08,63,M,73466.0,self_employed,44.8,Ural,branch,consumer,310000,36,19.4,11426.0,614.0,0,48.0,180,1
5897,39084,2024-07-13,35,F,93213.0,employed,13.0,Siberia,partner,car,700000,24,14.2,33675.0,627.0,0,64.3,0,0
5898,82780,2023-04-07,43,M,87030.0,employed,20.3,Ural,online,consumer,250000,24,18.9,12590.0,691.0,1,46.1,8,0
5899,93892,2023-04-05,30,F,92928.0,employed,6.9,Moscow,partner,consumer,290000,12,18.5,26656.0,676.0,2,46.6,11,0
5900,17806,2023-11-22,42,M,131775.0,employed,17.4,Moscow,online,renovation,790000,24,18.4,39593.0,661.0,2,83.9,143,1
5901,89635,2023-03-15,61,M,95462.0,employed,40.3,Moscow,branch,consumer,300000,36,18.0,10846.0,726.0,2,36.5,17,0
5902,38034,2023-12-02,24,F,86225.0,employed,0.0,Moscow,online,education,170000,36,14.7,5868.0,719.0,0,21.6,28,0
5903,41317,2023-03-09,61,M,124011.0,employed,41.0,Moscow,online,consumer,450000,24,18.9,22662.0,648.0,1,47.9,18,0
5904,56468,2023-03-18,24,F,51766.0,employed,0.0,Ural,partner,car,450000,36,15.3,15666.0,631.0,1,48.1,25,0
5905,20094,2023-07-27,35,F,190552.0,employed,16.6,Moscow,partner,consumer,550000,36,18.2,19939.0,745.0,0,46.1,23,0
5906,58796,2023-08-09,35,F,62789.0,employed,16.5,South,online,consumer,250000,12,20.1,23171.0,576.0,3,51.8,14,0
5907,11589,2023-09-19,31,M,23778.0,unemployed,0.3,Ural,online,car,350000,60,18.8,9041.0,460.0,2,84.1,155,1
5908,58221,2024-02-14,45,M,33683.0,unemployed,0.1,Ural,online,car,350000,36,17.4,12548.0,542.0,2,59.8,107,1
5909,2657,2023-11-27,48,F,75352.0,self_employed,29.8,Ural,branch,renovation,500000,60,18.9,12943.0,558.0,1,71.9,16,0
5910,99300,2023-12-10,35,F,32926.0,unemployed,1.1,SPb,partner,renovation,230000,48,20.2,7024.0,513.0,2,64.8,46,0
5911,40531,2023-03-15,43,M,40652.0,unemployed,0.5,SPb,branch,consumer,180000,36,20.1,6699.0,603.0,0,46.5,0,0
5912,53227,2024-09-28,29,M,124962.0,employed,3.1,South,online,consumer,310000,24,17.5,15402.0,739.0,2,42.6,17,0
5913,4164,2024-11-30,44,M,63705.0,employed,24.8,Siberia,branch,education,180000,24,14.1,8651.0,724.0,0,36.4,0,0
5914,94078,2023-09-11,32,F,22196.0,unemployed,0.1,Ural,branch,consumer,80000,12,22.4,7503.0,512.0,0,51.7,117,1
5915,84973,2023-11-28,23,M,53253.0,self_employed,0.0,South,online,education,140000,48,16.8,4025.0,559.0,1,47.7,21,0
5916,42247,2024-02-02,24,M,78387.0,employed,5.2,Ural,online,consumer,240000,12,18.2,22026.0,680.0,2,53.3,0,0
417,79657,2023-12-24,65,F,-133116.0,self_employed,13.9,Moscow,branch,car,1500000,48,16.1,42587.0,651.0,3,84.8,0,0
5918,94966,2024-08-06,59,M,165454.0,employed,29.0,Moscow,online,consumer,470000,36,16.5,16640.0,774.0,0,35.5,15,0
5919,51599,2024-10-29,28,F,92097.0,employed,4.3,SPb,branch,consumer,450000,48,18.7,13384.0,651.0,1,53.9,24,0
5920,72545,2024-03-30,19,M,77927.0,employed,0.0,South,partner,car,870000,48,15.3,24345.0,627.0,2,81.9,23,0
5921,5552,2023-04-25,33,M,123943.0,employed,13.9,Moscow,online,car,1420000,60,16.3,34758.0,639.0,1,84.4,7,0
5922,10417,2023-11-09,32,M,116357.0,employed,8.9,Moscow,branch,consumer,550000,36,18.1,19911.0,736.0,3,54.6,8,0
5923,59579,2023-08-16,29,M,38688.0,freelance,8.6,Siberia,branch,car,370000,36,16.7,13136.0,634.0,4,69.7,195,1
5924,69207,2023-09-02,26,M,35344.0,employed,7.5,SPb,branch,renovation,210000,48,16.8,6038.0,689.0,2,37.4,12,0
5925,73055,2024-06-09,30,M,63553.0,employed,10.8,Moscow,branch,renovation,330000,36,16.2,11634.0,703.0,3,38.3,18,0
5926,79270,2024-06-11,31,M,80908.0,employed,9.7,Siberia,online,education,320000,36,16.9,11393.0,524.0,2,46.8,12,0
5927,4722,2024-03-02,27,F,74035.0,self_employed,8.5,Ural,branch,consumer,230000,24,19.3,11628.0,646.0,2,49.6,58,0
5928,71442,2023-02-11,43,M,25267.0,unemployed,0.7,Ural,online,consumer,120000,24,20.5,6137.0,556.0,0,44.4,4,0
5929,96632,2024-04-09,30,F,120520.0,employed,8.3,Moscow,branch,car,860000,36,14.9,29770.0,634.0,1,68.8,9,0
5930,41031,2024-09-13,26,F,82938.0,employed,7.1,Ural,online,renovation,470000,60,16.2,11479.0,719.0,1,46.4,4,0
5931,80235,2023-10-05,19,M,112638.0,employed,0.0,South,online,consumer,410000,12,19.9,37961.0,594.0,2,50.7,16,0
5932,22438,2023-01-19,25,M,63963.0,self_employed,0.0,Siberia,online,consumer,350000,24,20.8,17951.0,562.0,0,54.8,199,1
5933,59819,2023-03-07,51,M,72926.0,employed,28.9,Ural,partner,education,170000,60,14.8,4026.0,714.0,1,45.4,0,0
5934,44856,2023-06-16,44,M,101281.0,employed,21.3,SPb,online,consumer,280000,48,17.7,8181.0,751.0,4,40.7,3,0
5935,34576,2024-08-07,26,M,98842.0,employed,5.8,South,branch,consumer,330000,60,19.9,8725.0,549.0,3,50.6,146,1
5936,42938,2024-02-07,30,M,65698.0,employed,11.3,Ural,partner,consumer,190000,6,20.0,33539.0,620.0,1,40.5,20,0
5937,50028,2024-02-13,41,F,37568.0,unemployed,0.5,South,branch,renovation,200000,36,20.6,7494.0,419.0,1,75.5,116,1
5938,60807,2023-04-22,34,F,144162.0,employed,11.6,Moscow,partner,renovation,950000,24,19.4,48073.0,535.0,2,84.8,8,0
5939,50877,2023-10-01,25,M,83430.0,employed,7.0,Ural,branch,consumer,330000,60,20.0,8743.0,577.0,1,54.3,0,0
5940,98783,2024-02-11,25,M,27840.0,freelance,6.6,South,online,car,350000,60,18.3,8945.0,430.0,2,70.5,192,1
5941,44461,2024-01-08,22,F,76739.0,freelance,2.1,SPb,online,renovation,410000,48,20.1,12498.0,529.0,3,79.6,199,1
5942,94474,2024-08-19,29,M,86181.0,employed,9.3,South,partner,car,690000,60,14.1,16091.0,710.0,0,67.3,0,0
5943,41469,2024-10-12,33,F,36051.0,unemployed,0.5,SPb,online,car,350000,48,16.8,10063.0,569.0,2,79.7,140,1
5944,84136,2023-02-08,22,F,87841.0,self_employed,3.7,SPb,branch,consumer,270000,24,21.3,13914.0,565.0,5,63.9,152,1
5945,21435,2023-04-15,26,F,29517.0,employed,6.8,Siberia,online,car,350000,48,15.3,9794.0,573.0,0,58.2,120,1
5946,85117,2023-11-20,19,M,55307.0,employed,0.0,Moscow,branch,education,130000,36,14.4,4468.0,746.0,0,26.7,11,0
5947,15191,2024-02-18,61,F,92941.0,employed,40.2,Siberia,branch,consumer,470000,36,20.5,17587.0,597.0,2,70.9,4,0
5948,85726,2024-03-04,26,F,78853.0,employed,5.5,Moscow,branch,consumer,220000,48,18.3,6497.0,683.0,1,29.1,0,0
5949,28386,2024-09-26,19,F,74127.0,employed,0.0,Ural,branch,education,200000,24,16.2,9812.0,552.0,0,45.0,22,0
5950,32721,2024-12-30,24,M,78693.0,self_employed,5.9,Siberia,online,consumer,300000,12,20.0,27790.0,604.0,1,65.9,35,0
5951,55786,2023-03-02,22,M,51289.0,freelance,0.0,Moscow,partner,renovation,280000,36,18.6,10207.0,655.0,3,64.2,18,0
5952,14704,2024-09-03,57,F,116938.0,employed,38.4,Moscow,online,education,310000,48,13.6,8409.0,751.0,1,35.6,14,0
5953,57635,2023-11-03,42,F,94620.0,employed,23.7,South,online,consumer,220000,48,19.5,6636.0,629.0,4,56.0,144,1
5954,3123,2023-12-20,31,M,58874.0,employed,11.8,Siberia,partner,consumer,180000,36,19.1,6607.0,664.0,2,66.8,12,0
5955,91710,2024-01-28,42,M,95989.0,self_employed,20.4,South,partner,consumer,350000,48,19.9,10632.0,608.0,0,50.2,0,0
5956,63993,2023-07-23,20,M,36073.0,freelance,1.2,SPb,branch,consumer,110000,12,20.5,10216.0,580.0,3,48.1,28,0
5957,81122,2023-09-15,20,F,41047.0,employed,1.8,Siberia,online,car,350000,36,14.6,12064.0,613.0,1,48.7,21,0
5958,98512,2024-04-30,19,F,74721.0,self_employed,0.8,South,branch,car,750000,60,15.8,18159.0,543.0,2,78.6,29,0
5959,26416,2024-05-31,62,M,106054.0,employed,43.1,SPb,online,consumer,360000,36,15.7,12603.0,840.0,1,19.2,5,0
5960,2814,2024-03-21,22,M,42154.0,self_employed,3.6,Siberia,branch,consumer,190000,48,19.9,5772.0,603.0,1,42.0,13,0
5961,79537,2024-12-09,26,M,103900.0,employed,6.6,Moscow,branch,car,830000,48,13.8,22598.0,685.0,0,64.8,13,0
5962,51258,2023-06-29,40,M,68506.0,employed,21.4,Ural,branch,car,540000,48,14.7,14947.0,652.0,2,68.7,96,1
5963,17508,2023-12-08,67,M,126568.0,employed,45.0,SPb,partner,renovation,780000,24,17.3,38677.0,726.0,1,79.6,184,1
5964,86166,2023-05-13,24,M,37943.0,freelance,4.2,Ural,branch,education,80000,36,17.2,2860.0,641.0,1,53.1,37,0
5965,79916,2024-03-18,67,M,105544.0,self_employed,44.9,Moscow,online,renovation,620000,60,17.7,15643.0,639.0,0,81.3,0,0
5966,36699,2023-09-10,38,F,20569.0,unemployed,2.0,SPb,partner,consumer,60000,60,22.4,1671.0,540.0,1,58.7,1,0
5967,47335,2023-09-22,26,F,78709.0,employed,6.1,Moscow,online,consumer,160000,48,18.5,4742.0,683.0,3,38.8,10,0
5968,47806,2023-04-03,54,F,109243.0,employed,30.9,SPb,online,consumer,340000,12,18.8,31301.0,721.0,4,53.3,137,1
5969,78853,2024-10-23,46,M,180228.0,employed,15.1,SPb,branch,consumer,550000,36,16.5,19472.0,723.0,1,46.5,0,0
5970,64768,2024-02-15,22,F,54985.0,self_employed,1.6,SPb,online,renovation,370000,48,19.2,11102.0,548.0,2,71.4,0,0
5971,36739,2023-05-18,36,F,40466.0,freelance,16.3,South,partner,consumer,120000,60,19.3,3133.0,644.0,3,44.1,0,0
5972,35785,2023-07-27,59,M,68991.0,freelance,38.0,Moscow,branch,consumer,220000,6,19.3,38758.0,656.0,1,49.2,162,1
5973,32980,2024-09-28,24,M,66049.0,self_employed,4.0,Siberia,branch,consumer,240000,60,19.2,6252.0,614.0,0,47.4,12,0
5974,90335,2024-07-26,48,F,107380.0,self_employed,29.5,SPb,branch,consumer,360000,24,18.6,18077.0,640.0,0,50.7,39,0
5975,95702,2023-11-03,37,F,23324.0,unemployed,0.3,Moscow,online,education,80000,12,19.4,7388.0,498.0,3,67.0,236,1
5976,86016,2023-09-23,23,M,87221.0,employed,0.0,Moscow,partner,consumer,300000,24,19.9,15254.0,611.0,1,52.4,0,0
417,79657,2023-12-24,65,F,-133116.0,self_employed,13.9,Moscow,branch,car,1500000,48,16.1,42587.0,651.0,3,84.8,0,0
5978,67253,2023-11-14,41,F,26849.0,unemployed,1.0,Siberia,branch,consumer,120000,24,22.1,6231.0,522.0,4,60.2,149,1
5979,86481,2023-04-23,39,F,126556.0,employed,12.2,Moscow,branch,renovation,950000,60,17.4,23815.0,688.0,1,81.4,7,0
5980,92128,2024-01-13,27,F,63963.0,self_employed,7.5,Moscow,branch,renovation,480000,60,19.2,12504.0,587.0,1,80.9,199,1
5981,29141,2024-03-29,53,M,82944.0,employed,33.5,Ural,partner,consumer,350000,48,18.7,10410.0,711.0,4,61.9,17,0
5982,31009,2023-07-10,65,M,132665.0,employed,44.1,SPb,branch,car,1340000,48,16.4,38251.0,587.0,0,84.8,0,0
5983,7782,2024-03-15,25,M,52001.0,self_employed,4.5,South,branch,consumer,210000,36,20.3,7836.0,552.0,2,52.0,31,0
5984,93072,2023-07-06,37,F,112161.0,employed,18.0,Siberia,online,renovation,680000,48,19.9,20656.0,533.0,1,84.1,16,0
5985,26933,2024-01-02,47,F,101190.0,employed,27.1,South,branch,consumer,320000,12,18.8,29460.0,665.0,2,42.5,3,0
5986,78154,2023-03-30,27,F,112400.0,freelance,7.8,Moscow,branch,education,440000,36,18.9,16106.0,499.0,1,78.0,164,1
5987,9307,2023-07-06,59,M,102672.0,employed,37.0,Moscow,branch,car,950000,60,14.3,22253.0,703.0,3,79.3,0,0
5988,93207,2023-05-12,19,F,50833.0,employed,0.6,South,partner,consumer,170000,60,19.6,4466.0,604.0,1,56.1,179,1
5989,76874,2024-09-26,19,F,86311.0,self_employed,0.0,SPb,branch,consumer,280000,24,18.8,14087.0,590.0,0,39.4,9,0
5990,39346,2024-07-13,48,F,179822.0,employed,29.5,SPb,branch,consumer,550000,36,20.2,20496.0,536.0,1,67.5,155,1
5991,51772,2024-01-11,46,F,106532.0,employed,13.0,Ural,online,education,340000,12,15.5,30768.0,633.0,0,40.0,5,0
5992,73084,2024-11-21,63,F,91000.0,employed,43.8,SPb,branch,consumer,330000,36,15.9,11586.0,779.0,0,32.3,1,0
5993,41149,2024-11-22,33,F,69683.0,employed,1.1,South,online,education,210000,24,15.0,10182.0,662.0,0,25.1,30,0
5994,87700,2023-04-09,49,M,132019.0,employed,28.3,South,online,renovation,790000,36,18.5,28759.0,613.0,1,70.0,15,0
5995,28526,2023-02-03,31,F,70838.0,freelance,8.5,SPb,branch,consumer,220000,12,20.1,20390.0,599.0,0,44.9,124,1
5996,97758,2024-08-04,60,M,220000.0,employed,39.6,Moscow,online,consumer,550000,36,17.9,19856.0,698.0,2,59.3,10,0
5997,86712,2023-06-20,55,F,105005.0,employed,24.7,Moscow,partner,consumer,210000,48,19.1,6290.0,710.0,2,60.6,152,1
5998,69477,2024-01-01,31,F,23886.0,unemployed,0.2,Moscow,partner,education,80000,48,18.5,2371.0,552.0,3,58.3,26,0
5999,6695,2023-02-28,57,M,45660.0,freelance,36.2,Moscow,partner,renovation,200000,12,19.0,18431.0,551.0,0,50.8,216,1
6000,40169,2023-06-30,36,F,112278.0,employed,13.2,Moscow,partner,car,1090000,36,14.7,37625.0,681.0,1,71.2,0,0
241,26184,2024-03-27,36,F,-95712.0,employed,12.6,Siberia,online,renovation,410000,36,16.9,14597.0,677.0,0,41.9,16,0
983,13910,2023-08-25,28,M,-53569.0,employed,8.4,South,branch,consumer,160000,12,18.6,14715.0,651.0,0,39.0,29,0
1294,29865,2024-05-29,48,F,-123991.0,employed,29.9,SPb,branch,education,380000,12,14.9,34280.0,640.0,0,43.8,0,0
4833,22225,2023-03-02,47,F,-29682.0,unemployed,0.1,SPb,partner,car,380000,36,18.1,13757.0,531.0,1,77.0,179,1
5467,64909,2024-04-11,32,M,-30403.0,unemployed,0.0,Ural,partner,education,90000,24,18.9,4532.0,501.0,3,64.1,11,0
4824,64059,2023-07-23,24,M,-58355.0,self_employed,5.9,Siberia,online,renovation,290000,12,17.6,26532.0,674.0,0,40.3,11,0
2654,7172,2023-11-09,33,F,-70746.0,freelance,12.5,SPb,partner,car,390000,48,15.4,10933.0,665.0,0,40.5,26,0
417,79657,2023-12-24,65,F,-133116.0,self_employed,13.9,Moscow,branch,car,1500000,48,16.1,42587.0,651.0,3,84.8,0,0
1634,81435,2023-06-29,35,M,-89006.0,self_employed,15.5,Moscow,partner,consumer,320000,24,20.8,16412.0,603.0,0,64.4,110,1
3993,99826,2024-06-23,43,M,-34573.0,unemployed,0.9,South,branch,consumer,150000,12,23.1,14119.0,438.0,5,82.4,142,1
868,95456,2024-01-11,37,M,,freelance,18.7,Ural,branch,renovation,350000,36,18.5,12741.0,630.0,1,51.1,4,0
2943,35865,2023-01-20,37,M,,freelance,15.2,Ural,online,renovation,620000,60,19.7,16323.0,573.0,1,71.0,0,0
3607,53395,2023-07-23,56,M,,self_employed,36.4,Moscow,branch,car,890000,48,15.9,25177.0,631.0,2,76.8,18,0
3832,53887,2023-11-10,55,M,,freelance,30.2,Moscow,branch,consumer,250000,36,20.2,9316.0,697.0,0,39.2,2,0
1822,98768,2024-05-27,34,M,,employed,14.7,Moscow,online,renovation,410000,24,16.3,20134.0,704.0,0,47.7,17,0
5780,87567,2023-07-15,25,M,,employed,5.8,Ural,online,car,470000,48,17.1,13586.0,509.0,2,75.9,135,1
3197,2283,2024-02-20,46,M,,employed,17.6,Moscow,branch,car,810000,36,14.9,28039.0,623.0,5,84.2,5,0
2678,42991,2024-11-27,38,F,,unemployed,0.2,Ural,online,car,350000,36,16.8,12444.0,558.0,3,76.3,9,0
1951,10078,2024-06-16,48,F,,unemployed,0.8,Siberia,online,renovation,190000,36,19.7,7032.0,517.0,0,56.2,90,1
2309,22675,2023-08-12,55,F,,self_employed,36.7,Siberia,online,consumer,470000,36,21.2,17756.0,578.0,2,73.3,16,0
4306,4696,2023-10-16,33,F,59814.0,self_employed,,Siberia,branch,consumer,210000,36,20.0,7804.0,611.0,2,50.7,13,0
421,50726,2023-06-30,29,F,37459.0,freelance,,South,branch,renovation,220000,36,17.5,7898.0,647.0,0,48.5,7,0
3360,47733,2024-11-05,34,F,48314.0,employed,,Ural,partner,consumer,150000,60,17.3,3752.0,734.0,1,26.0,0,0
4212,25272,2023-04-14,30,M,87613.0,self_employed,,Moscow,branch,consumer,260000,12,19.6,24035.0,650.0,2,52.1,16,0
1240,58761,2023-01-16,27,M,68031.0,employed,,Ural,partner,car,570000,36,15.4,19871.0,600.0,1,75.9,3,0
3476,38418,2024-04-24,23,M,42732.0,freelance,0.0,South,online,car,370000,24,17.5,18383.0,,1,81.4,133,1
2441,98912,2023-03-14,54,M,70891.0,self_employed,32.9,Ural,partner,consumer,180000,60,17.6,4532.0,,1,32.1,31,0
3185,56661,2024-09-03,28,M,78827.0,self_employed,9.2,Siberia,online,education,200000,36,16.7,7101.0,,3,53.3,0,0
5368,39225,2024-08-29,45,M,102514.0,employed,19.8,SPb,online,consumer,390000,12,16.9,35551.0,,0,37.4,4,0
3289,9179,2023-04-29,23,F,58802.0,employed,0.8,Moscow,branch,consumer,220000,12,20.5,20432.0,,1,49.9,35,0
417,79657,2023-12-24,65,F,-133116.0,self_employed,13.9,Moscow,branch,car,1500000,48,16.1,42587.0,651.0,3,84.8,0,0
